"key","en","cs"
"AdventurersGuild.adventurersGuildMenuName","&6&lAdventurer's Hub","&6&lAdventurérský Uzel"
"AdventurersGuild.gearRestrictionMessage","&c[EM] You need $skillType level $itemLevel to equip this! (Current: $skillLevel)","&c[EM] Potřebuješ $skillType úrovně $itemLevel pro vybavení tohoto předmětu! (Aktuálně: $skillLevel)"
"AntiExploit.antiExploitMessage","&c[EM AntiExploit] &7Nearby elite won't drop special loot.","&c[EM AntiExploit] &7Blízká elita nevypustí speciální kořist."
"AntiExploit.antiExploitOpPrefix"," OP-only:"," Pouze OP:"
"Arenas.arenaFullMessage","&4[EliteMobs] &cArena is full! You can spectate instead while you wait for it to finish!","&4[EliteMobs] &cAréna je plná! Místo toho můžeš přihlížet, dokud neskončí!"
"Arenas.arenaJoinPlayerMessage","&2[EliteMobs] &aYou can start the arena by doing &2/em start &aif there are at least &2$count &aplayers in it! 
You can leave the arena by doing &c/em quit","&2[EliteMobs] &aArény se můžeš zúčastnit příkazem &2/em start &apokud je v ní alespoň &2$count &ahráčů!
Arenu opustíš příkazem &c/em quit"
"Arenas.arenaJoinSpectatorMessage","&2[EliteMobs] &aYou can leave the arena at any time using &2/em quit","&2[EliteMobs] &aArenu můžeš kdykoli opustit pomocí &2/em quit"
"Arenas.arenasOngoingMessage","&4[EliteMobs] &cCan't join the arena now - a match is currently happening! You can spectate instead while you wait for it to finish!","&4[EliteMobs] &cNelze se nyní připojit k aréně – zápas právě probíhá! Místo toho můžeš přihlížet, dokud neskončí!"
"Arenas.defeatSubtitle","&cReached wave &4$wave&c!","&cDosažena vlna &4$wave&c!"
"Arenas.defeatTitle","&4Defeat!","&4Porážka!"
"Arenas.instanceQuitHintMessage","&4[EliteMobs] &cYou can leave the instance by doing &4/em quit","&4[EliteMobs] &cInstanci opustíš příkazem &4/em quit"
"Arenas.instanceStartHintMessage","&2[EliteMobs] &aYou can start the instance by doing &2/em start","&2[EliteMobs] &aInstanci spustíš příkazem &2/em start"
"Arenas.joinPlayerSubtitle","&cLeave with &4/em quit &c!","&cOpusť pomocí &4/em quit &c!"
"Arenas.joinPlayerTitle","&aStart with &2/em start &a!","&aSpusť pomocí &2/em start &a!"
"Arenas.joinSpectatorSubtitle","&cLeave with &4/em quit &c!","&cOpusť pomocí &4/em quit &c!"
"Arenas.joinSpectatorTitle","&aNow spectating!","&aNyní přihlížíš!"
"Arenas.noArenaPermissionMessage","[EliteMobs] You don't have the permission to enter this arena!","[EliteMobs] Nemáš oprávnění vstoupit do této arény!"
"Arenas.notEnoughPlayersMessage","&8[EliteMobs] &cYou need at least $amount to start the match!","&8[EliteMobs] &cK zahájení zápasu potřebuješ alespoň $amount hráčů!"
"Arenas.startingMessage","&2Starting!","&2Spouštění!"
"Arenas.startingSubtitle","&2in $count...","&2za $count..."
"Arenas.victoryBroadcast","Arena $arenaName was conquered by $players!","Arény $arenaName se zmocnili $players!"
"Arenas.victorySubtitle","&aCompleted &2$wave &awaves!","&aDokončeno &2$wave &avln!"
"Arenas.victoryTitle","&2Victory!","&2Vítězství!"
"Arenas.waveTitle","&aWave &2$wave","&aVlna &2$wave"
"Changelogs.adminOnly","&cThis command is only available to plugin administrators in-game.","&cThis command is only available to plugin administrators in-game."
"Changelogs.chatHeader","&8&m---------------- <g:#8B0000:#CC4400:#DAA520>Update Notes</g> &f$plugin &8&m----------------","&8&m---------------- <g:#8B0000:#CC4400:#DAA520>Update Notes</g> &f$plugin &8&m----------------"
"Changelogs.chatInstructions","&7Use &f/$command dismiss &7to dismiss these notes, or &f/$command disable &7to permanently hide reminders.","&7Use &f/$command dismiss &7to dismiss these notes, or &f/$command disable &7to permanently hide reminders."
"Changelogs.commandDescription","Views unread $plugin changelogs.","Views unread $plugin changelogs."
"Changelogs.commandUsage","/$command [dismiss|disable]","/$command [dismiss|disable]"
"Changelogs.dialogExternalTitle","$plugin Changelog","$plugin Changelog"
"Changelogs.dialogTitle","<g:#8B0000:#CC4400:#DAA520>Update Notes</g> &f— $plugin","<g:#8B0000:#CC4400:#DAA520>Update Notes</g> &f— $plugin"
"Changelogs.disableButton","<g:#7A1F2B:#C2414A>Never Show Changelogs</g>","<g:#7A1F2B:#C2414A>Never Show Changelogs</g>"
"Changelogs.disableTooltip","&7Permanently hide update-note reminders for this plugin","&7Permanently hide update-note reminders for this plugin"
"Changelogs.disabled","$prefix&7Changelog reminders have been permanently disabled for you.","$prefix&7Changelog reminders have been permanently disabled for you."
"Changelogs.dismissButton","<g:#2E7D4F:#69C56F>Dismiss These Updates</g>","<g:#2E7D4F:#69C56F>Dismiss These Updates</g>"
"Changelogs.dismissedAll","$prefix&7The currently available update notes were dismissed.","$prefix&7The currently available update notes were dismissed."
"Changelogs.dismissedPage","$prefix&7These update notes were dismissed. Older notes remain. ","$prefix&7These update notes were dismissed. Older notes remain. "
"Changelogs.logoutCommandDescription","Remove the registered Nightbreak account token","Remove the registered Nightbreak account token"
"Changelogs.logoutFailure","&cThe shared Nightbreak account token could not be removed.","&cThe shared Nightbreak account token could not be removed."
"Changelogs.logoutPermissionDenied","&cYou don't have permission to use this command.","&cYou don't have permission to use this command."
"Changelogs.logoutReconnect","&7Use &a/nightbreaklogin <token> &7to connect it again.","&7Use &a/nightbreaklogin <token> &7to connect it again."
"Changelogs.logoutSuccess","&aThis server is no longer connected to a Nightbreak account.","&aThis server is no longer connected to a Nightbreak account."
"Changelogs.noUnread","$prefix&7There are no unread changelogs.","$prefix&7There are no unread changelogs."
"Changelogs.omittedChat","&7$count older release(s) were omitted from this digest.","&7$count older release(s) were omitted from this digest."
"Changelogs.omittedDialog","&7$count older tracked release(s) were omitted to keep this digest readable.","&7$count older tracked release(s) were omitted to keep this digest readable."
"Changelogs.pendingNotice","$prefix<g:#B8860B:#F0C040>New update notes are waiting.</g> ","$prefix<g:#B8860B:#F0C040>New update notes are waiting.</g> "
"Changelogs.prefix","&8[<g:#8B0000:#CC4400:#DAA520>◆</g> &f$plugin&8] &f","&8[<g:#8B0000:#CC4400:#DAA520>◆</g> &f$plugin&8] &f"
"Changelogs.releaseHeader","$component $version
","$component $version
"
"Changelogs.unavailable","&cThe changelog service is not currently available.","&cThe changelog service is not currently available."
"Changelogs.viewButton","<g:#267A78:#58B8A9>[VIEW CHANGELOG]</g>","<g:#267A78:#58B8A9>[VIEW CHANGELOG]</g>"
"Changelogs.viewHover","&7See what changed since your last review","&7See what changed since your last review"
"Changelogs.viewNextButton","<g:#267A78:#58B8A9>[VIEW NEXT]</g>","<g:#267A78:#58B8A9>[VIEW NEXT]</g>"
"Changelogs.viewNextHover","&7Open the next page of unread update notes","&7Open the next page of unread update notes"
"CombatTag.combatTagMessage","&c[EliteMobs] Combat tag activated!","&c[EliteMobs] Bojové označení aktivováno!"
"CombatTag.teleportCancelled","&7[EM] &cTeleport interrupted!","&7[EM] &cTeleport přerušen!"
"CombatTag.teleportTimeLeft","&7[EM] Teleporting in &a$time &7seconds...","&7[EM] Teleport za &a$time &7sekund..."
"EconomySettings.actionbarCurrencyShowerMessage","&7[EM] You've picked up &a$amount $currency_name!","&7[EM] Sebral jsi &a$amount $currency_name!"
"EconomySettings.adventurersGuildNotificationMessages","&7[EM] Extra spending money? Try &a/ag !","&7[EM] Přebývají ti mince? Zkus &a/ag !"
"EconomySettings.chatCurrencyShowerMessage","&7[EM] You've picked up &a$amount $currency_name!","&7[EM] Sebral jsi &a$amount $currency_name!"
"EconomySettings.currencyName","Elite Coins","Elitní mince"
"EconomySettings.economyCurrencyLeftMessage","You now have &2$amount_left $currency_name","Nyní máš &2$amount_left $currency_name"
"EconomySettings.economyPayMessageV2","&2You have paid &2$amount_sent $currency_name &2to $receiver&2, who got $amount_received after taxes!","&2Zaplatil jsi &2$amount_sent $currency_name &2hráči $receiver&2, který obdržel $amount_received po zdanění!"
"EconomySettings.economyPaymentInsufficientCurrency","&cYou don't have enough $currency_name to do that!","&cNemáš dostatek $currency_name pro tuto akci!"
"EconomySettings.economyPaymentReceivedMessage","You have received &2$amount_received $currency_name &ffrom $sender","Přijal jsi &2$amount_received $currency_name &fod $sender"
"EconomySettings.shopBatchSellItem","&aYou have sold your items &afor $currency_amount $currency_name!","&aProdal jsi své předměty &aza $currency_amount $currency_name!"
"EconomySettings.shopBuyMessage","&aYou have bought $item_name &afor $item_value $currency_name!","&aKoupil jsi $item_name &aza $item_value $currency_name!"
"EconomySettings.shopCurrentBalanceMessage","&aYou have $currency_amount $currency_name.","&aMáš $currency_amount $currency_name."
"EconomySettings.shopInsufficientFundsMessage","&cYou don't have enough $currency_name!","&cNemáš dostatek $currency_name!"
"EconomySettings.shopItemCostMessage","That item costs &c$item_value $currency_name.","Tento předmět stojí &c$item_value $currency_name."
"EconomySettings.shopSaleInstructions","&cYou can only sell EliteMobs loot here! (Armor / weapons dropped from elites showing a value on their lore)","&cZde lze prodávat pouze kořist EliteMobs! (Zbroj / zbraně upuštěné elitami se zobrazenou hodnotou v popisu)"
"EconomySettings.shopSalePlayerItemsWarning","&cYou can't sell items that are not currently soulbound to you!","&cNemůžeš prodávat předměty, které nejsou aktuálně vázány na tvoji duši!"
"EconomySettings.shopSellMessage","&aYou have sold $item_name &afor $currency_amount $currency_name!","&aProdal jsi $item_name &aza $currency_amount $currency_name!"
"EconomySettings.walletCommandMessage","You have &2$balance $currency_name","Máš &2$balance $currency_name"
"GamblingSettings.betting.adjustBetLore","&7Click to adjust bet by ","&7Klikni pro úpravu sázky o "
"GamblingSettings.betting.affordableColor","&a","&a"
"GamblingSettings.betting.allInButton","&b&lALL IN","&b&lVŠE NA STŮL"
"GamblingSettings.betting.allInLore","&7Bet everything you have!","&7Vsaď vše, co máš!"
"GamblingSettings.betting.availableCreditLabel","&7Available Credit: &e","&7Dostupný kredit: &e"
"GamblingSettings.betting.balanceLabel","&7Balance: &a","&7Zůstatek: &a"
"GamblingSettings.betting.blackjackDescription","Get as close to 21 as possible without going over!","Dostaň se co nejblíže 21 bez překročení!"
"GamblingSettings.betting.blackjackName","Blackjack","Blackjack"
"GamblingSettings.betting.cancelLore","&7Click to leave the casino","&7Klikni pro opuštění kasina"
"GamblingSettings.betting.cantAffordButton","&c&lCan't Afford","&c&lNedostatek prostředků"
"GamblingSettings.betting.cantAffordLore","&cYou can't afford this bet!","&cNemůžeš si dovolit tuto sázku!"
"GamblingSettings.betting.casinoClosedMessage","&c[Casino] The casino is currently closed!","&c[Casino] Kasino je momentálně zavřeno!"
"GamblingSettings.betting.clickPlayLore","&7Click Play to start!","&7Klikni na Hrát pro zahájení!"
"GamblingSettings.betting.coinFlipDescription","Heads or Tails? Simple 50/50 chance!","Orel nebo Panna? Jednoduché 50/50!"
"GamblingSettings.betting.coinFlipName","Coin Flip","Hod mincí"
"GamblingSettings.betting.currentBetPrefix","Current Bet: ","Aktuální sázka: "
"GamblingSettings.betting.debtLabel","&7Debt: &c","&7Dluh: &c"
"GamblingSettings.betting.higherLowerDescription","Guess if the next card is higher or lower!","Hádej, zda je další karta vyšší nebo nižší!"
"GamblingSettings.betting.higherLowerName","Higher or Lower","Výš nebo Níž"
"GamblingSettings.betting.maxAvailableLabel","&7Max available: &6","&7Max dostupné: &6"
"GamblingSettings.betting.reduceBetLore","&7Reduce your bet or pay off debt","&7Sniž sázku nebo splať dluh"
"GamblingSettings.betting.resetButton","&8&lRESET","&8&lRESET"
"GamblingSettings.betting.resetLore","&7Reset to minimum bet: &6","&7Resetovat na minimální sázku: &6"
"GamblingSettings.betting.selectBetLore","&eSelect your bet amount below!","&eVyber výši sázky níže!"
"GamblingSettings.betting.slotsDescription","Match three symbols to win big!","Seřaď tři symboly a vyhraj velkou výhru!"
"GamblingSettings.betting.slotsName","Slot Machine","Hrací automat"
"GamblingSettings.betting.startGameLore","&7Start the game with your current bet!","&7Zahaj hru s aktuální sázkou!"
"GamblingSettings.betting.unaffordableColor","&c","&c"
"GamblingSettings.betting.yourFinancesTitle","&6Your Finances","&6Tvoje finance"
"GamblingSettings.blackjack.betLabel","&aBet: ","&aSázka: "
"GamblingSettings.blackjack.blackjackPayoutLabel","&7Blackjack: ","&7Blackjack: "
"GamblingSettings.blackjack.cardOfText"," &7of "," &7z "
"GamblingSettings.blackjack.cardSuitClubs","Clubs","Kříže"
"GamblingSettings.blackjack.cardSuitDiamonds","Diamonds","Káry"
"GamblingSettings.blackjack.cardSuitHearts","Hearts","Srdce"
"GamblingSettings.blackjack.cardSuitSpades","Spades","Piky"
"GamblingSettings.blackjack.cardValueLabel","&7Value: ","&7Hodnota: "
"GamblingSettings.blackjack.dealerLabel","&cDealer: ","&cKrupier: "
"GamblingSettings.blackjack.doubleDownButton","&6&lDOUBLE DOWN","&6&lZDVOJIT SÁZKU"
"GamblingSettings.blackjack.doubleDownButtonLore","&7Double your bet, take one card, then stand","&7Zdvoj sázku, vezmi jednu kartu a pak stůj"
"GamblingSettings.blackjack.doubleDownCantAffordLore","&cYou can't afford to double!","&cNemůžeš si dovolit zdvojení!"
"GamblingSettings.blackjack.doubleDownDisabled","&7Double Down","&7Zdvojení sázky"
"GamblingSettings.blackjack.hiddenCardLore","&7Hidden","&7Skrytá"
"GamblingSettings.blackjack.hiddenCardText","&8???","&8???"
"GamblingSettings.blackjack.hitButton","&a&lHIT","&a&lBRAT"
"GamblingSettings.blackjack.hitButtonLore","&7Draw another card","&7Lízni další kartu"
"GamblingSettings.blackjack.playerLabel","&aYou: ","&aTy: "
"GamblingSettings.blackjack.resultBetReturned","&7Your bet was returned.","&7Tvoje sázka byla vrácena."
"GamblingSettings.blackjack.resultBlackjack","&a&lBLACKJACK!","&a&lBLACKJACK!"
"GamblingSettings.blackjack.resultBust","&c&lBUST!","&c&lPŘEKROČENÍ!"
"GamblingSettings.blackjack.resultCloseToContinue","&eClose to continue","&eZavři pro pokračování"
"GamblingSettings.blackjack.resultDealerBusts","&a&lDEALER BUSTS!","&a&lKRUPIÉR PŘEKROČIL!"
"GamblingSettings.blackjack.resultDealerLabel","&7Dealer: ","&7Krupier: "
"GamblingSettings.blackjack.resultDealerWins","&c&lDEALER WINS","&c&lKRUPIÉR VYHRÁL"
"GamblingSettings.blackjack.resultGameOver","&7Game Over","&7Konec hry"
"GamblingSettings.blackjack.resultLostPrefix","&cYou lost ","&cProhráls "
"GamblingSettings.blackjack.resultPlayerLabel","&7Player: ","&7Hráč: "
"GamblingSettings.blackjack.resultPush","&e&lPUSH - TIE","&e&lREMÍZA - SHODA"
"GamblingSettings.blackjack.resultWonPrefix","&aYou won ","&aVyhráls "
"GamblingSettings.blackjack.resultWonSuffix"," coins!"," mincí!"
"GamblingSettings.blackjack.resultYouWin","&a&lYOU WIN!","&a&lVYHRÁLS!"
"GamblingSettings.blackjack.standButton","&e&lSTAND","&e&lSTÁT"
"GamblingSettings.blackjack.standButtonLore","&7Keep your current hand","&7Ponech svoji aktuální ruku"
"GamblingSettings.blackjack.winPayoutLabel","&7Win: ","&7Výhra: "
"GamblingSettings.coinFlip.betLabel","&aBet: ","&aSázka: "
"GamblingSettings.coinFlip.chooseLore","&7Choose Heads or Tails!","&7Zvol Orel nebo Panna!"
"GamblingSettings.coinFlip.closeToContinue","&eClose to continue","&eZavři pro pokračování"
"GamblingSettings.coinFlip.coinTitle","&6&lThe Coin","&6&lMince"
"GamblingSettings.coinFlip.edgeChanceLore","&b✦ 1% chance to land on EDGE!","&b✦ 1% šance na dopad na HRANU!"
"GamblingSettings.coinFlip.edgeChatMessageV2","&b&l✦ EDGE! ✦ &7The coin landed on its edge! &a5x PAYOUT! &7You won &a%amount% coins&7!","&b&l✦ HRANA! ✦ &7Mince dopadla na hranu! &a5x VÝPLATA! &7Vyhráls &a%amount% mincí&7!"
"GamblingSettings.coinFlip.edgeCoinLore","&7The coin landed on its &bEDGE&7!","&7Mince dopadla na svoji &bHRANU&7!"
"GamblingSettings.coinFlip.edgeCoinTitle","&b&l✦ EDGE! ✦","&b&l✦ HRANA! ✦"
"GamblingSettings.coinFlip.edgeLandedLore","&7The coin landed on its &bEDGE&7!","&7Mince dopadla na svoji &bHRANU&7!"
"GamblingSettings.coinFlip.edgePayoutLoreV2","&b✦ Edge Payout: &a5x &7(&a","&b✦ Výplata za hranu: &a5x &7(&a"
"GamblingSettings.coinFlip.edgePayoutMultiplierV2","&6&l5x PAYOUT!","&6&l5x VÝPLATA!"
"GamblingSettings.coinFlip.edgeRareLore","&7This is incredibly rare! (1% chance)","&7Toto je neuvěřitelně vzácné! (1% šance)"
"GamblingSettings.coinFlip.edgeResultTitle","&b&l✦ INCREDIBLE! ✦","&b&l✦ NEUVĚŘITELNÉ! ✦"
"GamblingSettings.coinFlip.edgeWonPrefix","&7You won &a","&7Vyhráls &a"
"GamblingSettings.coinFlip.flipping","&7Flipping...","&7Házím..."
"GamblingSettings.coinFlip.headsBetLore","&7Click to bet on Heads!","&7Klikni pro sázku na Orla!"
"GamblingSettings.coinFlip.headsButton","&e&lHEADS","&e&lOREL"
"GamblingSettings.coinFlip.headsText","&e&lHEADS","&e&lOREL"
"GamblingSettings.coinFlip.headsWord","Heads","Orel"
"GamblingSettings.coinFlip.landedOnLore","&7The coin landed on ","&7Mince dopadla na "
"GamblingSettings.coinFlip.lostPrefix","&7You lost &c","&7Prohrál jsi &c"
"GamblingSettings.coinFlip.makeYourChoice","&7Make your choice!","&7Udělej svoji volbu!"
"GamblingSettings.coinFlip.normalWinLabel","&7Normal Win: &a","&7Normální výhra: &a"
"GamblingSettings.coinFlip.payoutLabel","&7Payout: &e","&7Výplata: &e"
"GamblingSettings.coinFlip.tailsBetLore","&7Click to bet on Tails!","&7Klikni pro sázku na Pannu!"
"GamblingSettings.coinFlip.tailsButton","&6&lTAILS","&6&lPANNA"
"GamblingSettings.coinFlip.tailsText","&6&lTAILS","&6&lPANNA"
"GamblingSettings.coinFlip.tailsWord","Tails","Panna"
"GamblingSettings.coinFlip.willFlipLore","&7The coin will flip...","&7Mince se otočí..."
"GamblingSettings.coinFlip.winLore","&7Win: &a","&7Výhra: &a"
"GamblingSettings.coinFlip.wonPrefix","&7You won &a","&7Vyhráls &a"
"GamblingSettings.coinFlip.youLose","&c&lYOU LOSE","&c&lPROHRÁLS"
"GamblingSettings.coinFlip.youWin","&a&lYOU WIN!","&a&lVYHRÁLS!"
"GamblingSettings.debtCollector.deathMessage","&c[Debt Collector] &7Ugh... I'll be back, &e$player&7. And I'll bring friends!","&c[Debt Collector] &7Ugh... Vrátím se, &e$player&7. A přivedu přátele!"
"GamblingSettings.debtCollector.debtAutoClearedMessage","&c[Debt Collector] &7That settles your debt. You're square with us... for now. Try not to push your luck again.","&c[Debt Collector] &7That settles your debt. You're square with us... for now. Try not to push your luck again."
"GamblingSettings.debtCollector.debtAutoCollectedMessage","&c[Debt Collector] &7Nice earnings. I'll be taking &6$amount coins &7off the top. You still owe &6$remaining coins&7. Don't forget it.","&c[Debt Collector] &7Nice earnings. I'll be taking &6$amount coins &7off the top. You still owe &6$remaining coins&7. Don't forget it."
"GamblingSettings.debtCollector.debtClearedMessage","&a[Casino] &7Your debt has been cleared! You're free... for now.","&a[Casino] &7Tvůj dluh byl smazán! Jsi volný... prozatím."
"GamblingSettings.debtCollector.debtPaidMessage","&7[Casino] &e$amount coins &7of debt paid. Remaining debt: &c$remaining coins","&7[Casino] &e$amount mincí &7dluhu zaplaceno. Zbývající dluh: &c$remaining mincí"
"GamblingSettings.debtCollector.killMessage","&c[Debt Collector] &7Pleasure doing business, &e$player&7. Let that be a lesson about debts!","&c[Debt Collector] &7Příjemné obchodování, &e$player&7. Ať ti to je poučením o dluzích!"
"GamblingSettings.debtCollector.spawnMessage","&c[Debt Collector] &7Well well well... &e$player&7. You owe us &6$amount coins&7. Time to pay up!","&c[Debt Collector] &7No no no... &e$player&7. Dlužíš nám &6$amount mincí&7. Čas zaplatit!"
"GamblingSettings.debtCollector.timeoutMessage","&c[Debt Collector] &7Running won't save you, &e$player&7. I'll be back for what you owe!","&c[Debt Collector] &7Útěk tě nezachrání, &e$player&7. Vrátím se pro to, co dlužíš!"
"GamblingSettings.gambling.currencyWord","coins","mincí"
"GamblingSettings.gambling.houseEarningsLabel","&6House Earnings: ","&6Výdělek kasina: "
"GamblingSettings.higherLower.autoCashOutChat","&a[Casino] Auto-cashed out: &6%amount% coins &a(Streak: %streak%)","&a[Casino] Automaticky vyplaceno: &6%amount% mincí &a(Série: %streak%)"
"GamblingSettings.higherLower.autoCashoutSuffix"," &7(auto-cashout)"," &7(auto-výplata)"
"GamblingSettings.higherLower.betLabel","&aBet: ","&aSázka: "
"GamblingSettings.higherLower.cardValueLabel","&7Value: &f","&7Hodnota: &f"
"GamblingSettings.higherLower.cashOutButton","&e&lCASH OUT","&e&lVYPLATIT"
"GamblingSettings.higherLower.cashOutClickLore","&7Click to take your winnings!","&7Klikni pro odebrání výhry!"
"GamblingSettings.higherLower.cashOutDisabled","&7Cash Out","&7Výplata"
"GamblingSettings.higherLower.cashOutWinOnceLore","&7Win at least once to cash out!","&7Vyhraj alespoň jednou pro výplatu!"
"GamblingSettings.higherLower.cashedOutLore","&7You cashed out with &a","&7Vyplatil jsi si &a"
"GamblingSettings.higherLower.cashedOutStreakLore","&7Streak: &e","&7Série: &e"
"GamblingSettings.higherLower.cashedOutTitle","&a&lCASHED OUT!","&a&lVYPLACENO!"
"GamblingSettings.higherLower.closeToContinue","&eClose to continue","&eZavři pro pokračování"
"GamblingSettings.higherLower.correctChat","&a[Casino] Correct! Streak: %streak% | Multiplier: %multiplier%x","&a[Casino] Správně! Série: %streak% | Násobitel: %multiplier%x"
"GamblingSettings.higherLower.currentWinningsLabel","&7Current Winnings: &a","&7Aktuální výhry: &a"
"GamblingSettings.higherLower.eachGuessLore","&7Each correct guess multiplies by &e","&7Každý správný tip násobí o &e"
"GamblingSettings.higherLower.gameOverTitle","&c&lGAME OVER","&c&lKONEC HRY"
"GamblingSettings.higherLower.hiddenCardText","&8&l???","&8&l???"
"GamblingSettings.higherLower.higherButton","&a&lHIGHER","&a&lVÝŠ"
"GamblingSettings.higherLower.higherLore1","&7Click if you think the next","&7Klikni, pokud si myslíš, že další"
"GamblingSettings.higherLower.higherLore2","&7card is &ahigher &7than ","&7karta je &avyšší &7než "
"GamblingSettings.higherLower.lostCardLore","&7You lost! The card was ","&7Prohrál jsi! Karta byla "
"GamblingSettings.higherLower.lostCoinsLore","&7You lost &c","&7Prohrál jsi &c"
"GamblingSettings.higherLower.lowerButton","&c&lLOWER","&c&lNÍŽ"
"GamblingSettings.higherLower.lowerLore1","&7Click if you think the next","&7Klikni, pokud si myslíš, že další"
"GamblingSettings.higherLower.lowerLore2","&7card is &clower &7than ","&7karta je &cnižší &7než "
"GamblingSettings.higherLower.makeGuessLore","&7Make your guess!","&7Hádej!"
"GamblingSettings.higherLower.maxStreakChat","&a[Casino] &6MAX STREAK! &aYou hit %streak% correct guesses! Auto-cashing out: &6%amount% coins!","&a[Casino] &6MAX SÉRIE! &aDosáhl jsi %streak% správných tipů! Automaticky vyplaceno: &6%amount% mincí!"
"GamblingSettings.higherLower.maxStreakLabel","&7Max streak: &e","&7Max série: &e"
"GamblingSettings.higherLower.multiplierLabel","&7Multiplier: &e","&7Násobitel: &e"
"GamblingSettings.higherLower.nextCardPrompt","&7Is the next card higher or lower?","&7Je další karta vyšší nebo nižší?"
"GamblingSettings.higherLower.potentialWinLabel","&7Potential Win: &a","&7Možná výhra: &a"
"GamblingSettings.higherLower.revealing","&7Revealing...","&7Odkrývám..."
"GamblingSettings.higherLower.streakLabel","&6Streak: ","&6Série: "
"GamblingSettings.higherLower.wait","&7Wait...","&7Čekej..."
"GamblingSettings.menus.bettingTitle","&6&lCasino - %game%","&6&lKasino - %game%"
"GamblingSettings.menus.blackjackTitle","&6&lBlackjack","&6&lBlackjack"
"GamblingSettings.menus.cancelButton","&c&lCancel","&c&lZrušit"
"GamblingSettings.menus.coinFlipTitle","&e&lCoin Flip","&e&lHod mincí"
"GamblingSettings.menus.higherLowerTitle","&b&lHigher or Lower","&b&lVýš nebo Níž"
"GamblingSettings.menus.playButton","&a&lPLAY!","&a&lHRÁT!"
"GamblingSettings.menus.slotsTitle","&d&lSlot Machine","&d&lHrací automat"
"GamblingSettings.messages.betPlaced","&7[Casino] Bet placed: &6%amount% coins","&7[Casino] Sázka vsazena: &6%amount% mincí"
"GamblingSettings.messages.debtWarning","&c[Casino] Warning: You are now &6%debt% coins &cin debt! The Debt Collector is watching...","&c[Casino] Varování: Nyní máš dluh &6%debt% mincí&c! Výběrčí dluhu tě sleduje..."
"GamblingSettings.messages.insufficientFunds","&c[Casino] You can't afford that bet!","&c[Casino] Na tuto sázku nemáš dostatek prostředků!"
"GamblingSettings.messages.lose","&c[%game%] Better luck next time. You lost &6%amount% coins&c.","&c[Casino] Příště více štěstí. Prohrál jsi &6%amount% mincí&c."
"GamblingSettings.messages.win","&a[%game%] Congratulations! You won &6%amount% coins&a!","&a[Casino] Gratulujeme! Vyhráls &6%amount% mincí&a!"
"GamblingSettings.slots.betLabel","&aBet: ","&aSázka: "
"GamblingSettings.slots.bigWinTitle","&a&lBIG WIN!","&a&lVELKÁ VÝHRA!"
"GamblingSettings.slots.chanceRarityNote","&8Chance shown as rarity colors","&8Šance zobrazena barvami vzácnosti"
"GamblingSettings.slots.closeToContinue","&eClose to continue","&eZavři pro pokračování"
"GamblingSettings.slots.jackpotTitle","&6&l✦ JACKPOT! ✦","&6&l✦ JACKPOT! ✦"
"GamblingSettings.slots.lostPrefix","&7You lost &c","&7Prohrál jsi &c"
"GamblingSettings.slots.match2Lore","&7Match 2 symbols for a small return","&7Shoduj 2 symboly pro malý zisk"
"GamblingSettings.slots.match3Lore","&7Match 3 symbols to win!","&7Shoduj 3 symboly pro výhru!"
"GamblingSettings.slots.noMatchTitle","&c&lNo Match","&c&lŽádná shoda"
"GamblingSettings.slots.paylineLabel","&e>>> PAYLINE >>>","&e>>> VÝHERNÍ LINIE >>>"
"GamblingSettings.slots.payoutSymbolFormat","$symbol&7: &a$multiplierx &8(2x: $twoMatchx)","$symbol&7: &a$multiplierx &8(2x: $twoMatchx)"
"GamblingSettings.slots.payoutTableTitle","&6Payout Table","&6Tabulka výplat"
"GamblingSettings.slots.payoutsTitle","&6&lPAYOUTS &7(Rarer = Higher!)","&6&lVÝPLATY &7(Vzácnější = Vyšší!)"
"GamblingSettings.slots.smallWinTitle","&e&lSmall Win!","&e&lMalá výhra!"
"GamblingSettings.slots.spinBetLore","&7Bet: &6","&7Sázka: &6"
"GamblingSettings.slots.spinButton","&a&lSPIN!","&a&lTOČIT!"
"GamblingSettings.slots.spinClickLore","&7Click to spin the reels!","&7Klikni pro roztočení kotoučů!"
"GamblingSettings.slots.spinning","&7Spinning...","&7Točím..."
"GamblingSettings.slots.wonPrefix","&7You won &a","&7Vyhráls &a"
"ItemSettings.armorEntry","&7Armor Level: &2$itemLevel","&7Elitní zbroj: &2$EDEF"
"ItemSettings.brokenItemSubtitleWarning","&cYour weapon is broken!","&cYour weapon is broken!"
"ItemSettings.directDropCoinMessage","&8[EliteMobs] &aObtained &2$amount $currencyName &a!","&8[EliteMobs] &aZískal jsi &2$amount $currencyName &a!"
"ItemSettings.directDropCustomLootMessage","&8[EliteMobs] &2Obtained $itemName &2!","&8[EliteMobs] &2Získal jsi $itemName &2!"
"ItemSettings.directDropMinecraftLootMessage","&8[EliteMobs] &aObtained $itemName &a!","&8[EliteMobs] &aZískal jsi $itemName &a!"
"ItemSettings.eliteEnchantmentLoreStrings","Elite","Elite"
"ItemSettings.eliteItemScrollLore[0]","&fUse at the Scroll Applier NPC to enchant","&fPoužij u NPC Aplikátora svitků pro zakouzlení"
"ItemSettings.eliteItemScrollLore[1]","&fa non-elite item into a level $level","&fnormálního předmětu na úroveň $level"
"ItemSettings.eliteItemScrollLore[2]","&felite item!","&felitního předmětu!"
"ItemSettings.eliteItemScrollName","&6Elite Item Scroll","&6Svitek elitního předmětu"
"ItemSettings.itemLoreStructureV2[0]","&7&l&m---------&7<&7&lEquip Info&7>&7&l&m---------","&7&m&l---------&7<&lInfo o vybavení&7>&m&l---------"
"ItemSettings.itemLoreStructureV2[1]","&7Item level: &f$itemLevel &7Prestige &6$prestigeLevel","&7Úroveň předmětu: &f$itemLevel &7Prestiž &6$prestigeLevel"
"ItemSettings.itemLoreStructureV2[2]","$weaponOrArmorStats","$weaponOrArmorStats"
"ItemSettings.itemLoreStructureV2[3]","$soulbindInfo","$soulbindInfo"
"ItemSettings.itemLoreStructureV2[4]","$itemSource","$itemSource"
"ItemSettings.itemLoreStructureV2[5]","&f$ifLore&7&l&m-----------&7< &f&lLore&7 >&7&l&m-----------","$ifLore&7&m&l-----------&7< &f&lPříběh&7 >&m&l-----------"
"ItemSettings.itemLoreStructureV2[6]","$customLore","$customLore"
"ItemSettings.itemLoreStructureV2[7]","&f$ifEnchantments&7&l&m--------&7<&9&lEnchantments&7>&7&l&m--------","$ifEnchantments&7&m&l--------&7<&9&lKouzla&7>&m&l--------"
"ItemSettings.itemLoreStructureV2[8]","$enchantments","$enchantments"
"ItemSettings.itemLoreStructureV2[9]","$eliteEnchantments","$eliteEnchantments"
"ItemSettings.itemLoreStructureV2[10]","&f$ifCustomEnchantments&7&l&m------&7< &3&lCustom Enchants&7 >&7&l&m------","$ifCustomEnchantments&7&m&l------&7< &3&lVlastní kouzla&7 >&m&l------"
"ItemSettings.itemLoreStructureV2[11]","$customEnchantments","$customEnchantments"
"ItemSettings.itemLoreStructureV2[12]","&f$ifPotionEffects&7&l&m----------&7< &5&lEffects&7 >&7&l&m----------","$ifPotionEffects&7&m&l----------&7< &5&lEfekty&7 >&m&l----------"
"ItemSettings.itemLoreStructureV2[13]","$potionEffect","$potionEffect"
"ItemSettings.itemLoreStructureV2[14]","&7&l&m-----------------------------","&7&l&m-----------------------------"
"ItemSettings.itemLoreStructureV2[15]","$loreResaleValue","$loreResaleValue"
"ItemSettings.levelRangeTooDifferent","&8EM] &4Your gear is level $playerLevel and the boss is level $bossLevel, level difference is too high to get coins!","&8EM] &4Tvoje vybavení je úrovně $playerLevel a Boss je úrovně $bossLevel, rozdíl úrovní je příliš velký pro získání mincí!"
"ItemSettings.loreResaleValues","&7Sells for $resale $currencyName","&7Prodá se za $resale $currencyName"
"ItemSettings.loreWorths","&7Worth $worth $currencyName","&7Hodnota $worth $currencyName"
"ItemSettings.mobSourceItemLores","&7Looted from $mob","&7Kořist z $mob"
"ItemSettings.noItemDurabilityMessage","&8[EliteMobs] $item &4is broken! It won't work until repaired!","&8[EliteMobs] $item &4je poškozený! Nebude fungovat dokud nebude opraven!"
"ItemSettings.noSoulbindLore","&7Not Soulbound!","&7Nevázáno na duši!"
"ItemSettings.preventEliteItemDisenchantmentMessage","&c[EliteMobs] Can't disenchant Elite Items!","&c[EliteMobs] Nelze odčarovat elitní předměty!"
"ItemSettings.scrapFailedMessageV2","&8[EliteMobs] &cScrapping failed $amount times!","&8[EliteMobs] &cŠrotování selhalo $amount krát!"
"ItemSettings.scrapNotConfiguredMessage","&cThe scrapper has no scrap item configured — contact an admin.","&cThe scrapper has no scrap item configured — contact an admin."
"ItemSettings.scrapSucceededMessageV2","&8[EliteMobs] &2Scrapping succeeded $amount times!","&8[EliteMobs] &2Šrotování uspělo $amount krát!"
"ItemSettings.shopSourceItemLores","&7Purchased from a store","&7Zakoupeno v obchodě"
"ItemSettings.simlootMessageFailure","&8[EliteMobs] &cRolled for loot and got nothing!","&8[EliteMobs] &cHodil jsi pro kořist a nic jsi nezískal!"
"ItemSettings.simlootMessageSuccess","&8[EliteMobs] &2Rolled for loot and got $itemName &2!","&8[EliteMobs] &2Hodil jsi pro kořist a získal jsi $itemName &2!"
"ItemSettings.weaponEntry","&7Weapon Level: &2$itemLevel","&7Elitní DPS: &2$EDPS"
"MobCombatSettings.autoclickerThrottleMessage","&c[EliteMobs] &7You are attacking too fast. Damage to elites disabled for &e$seconds&7s.","&c[EliteMobs] &7You are attacking too fast. Damage to elites disabled for &e$seconds&7s."
"MobCombatSettings.bossKillParticipationMessage","&eYour damage: &2$playerDamage","&eVáš poškození: &2$playerDamage"
"MobCombatSettings.bossLocationMessage","&7[EM] &2[Click to track!]","&7[EM] &2[Klikni pro sledování!]"
"MobCombatSettings.defaultOtherWorldBossLocationMessage","$name: In different world!","$name: V jiném světě!"
"MobCombatSettings.fallbackBossBarName","Elite Boss","Elite Boss"
"MobCombatSettings.fullHealMessage","&2FULL HEAL!","&2PLNÉ LÉČENÍ!"
"MobCombatSettings.healPopupFormat","+$amount HP","+$amount ŽS"
"MobCombatSettings.healthDisplaySeparator"," &7/ "," &7/ "
"MobCombatSettings.invulnerablePopupText","&9&lINVULNERABLE","&9&lINVULNERABLE"
"MobCombatSettings.resistText","&c&lResist!","&c&lOdolnost!"
"MobCombatSettings.scaledHighThreatLevelSymbol","☠","☠"
"MobCombatSettings.scaledStandardLevelSymbol","「⚔」","「⚔」"
"MobCombatSettings.weakText","&9&lWeak!","&9&lSlabina!"
"MobCombatSettings.xpPopupFormat","+$amount ✦XP","+$amount ✦XP"
"Party.alreadyInPartyMessage","$prefixYou are already in a party.","$prefixYou are already in a party."
"Party.commandAcceptDescription","Accepts your pending EliteMobs party invitation.","Accepts your pending EliteMobs party invitation."
"Party.commandCreateDescription","Creates a session-scoped EliteMobs party.","Creates a session-scoped EliteMobs party."
"Party.commandDeclineDescription","Declines an active party dungeon ready check.","Declines an active party dungeon ready check."
"Party.commandHideInteractionHintDescription","Permanently hides right-click party invitation hints.","Permanently hides right-click party invitation hints."
"Party.commandInviteDescription","Invites an online player to your EliteMobs party.","Invites an online player to your EliteMobs party."
"Party.commandLeaveDescription","Leaves your current EliteMobs party.","Leaves your current EliteMobs party."
"Party.commandMenuDescription","Opens compatible EliteMobs party controls.","Opens compatible EliteMobs party controls."
"Party.commandReadyDescription","Accepts an active party dungeon ready check.","Accepts an active party dungeon ready check."
"Party.disabledMessage","$prefixThe party system is disabled on this server.","$prefixThe party system is disabled on this server."
"Party.dungeonPartyChangedMessage","$prefixThe party changed while the dungeon was being prepared. Please try again.","$prefixThe party changed while the dungeon was being prepared. Please try again."
"Party.dungeonPartyInInstanceMessage","$prefixParty entry stopped because &f$player &7is already in another instance.","$prefixParty entry stopped because &f$player &7is already in another instance."
"Party.dungeonPartyJoinFailedMessage","$prefixThe party could not enter together, so nobody was moved.","$prefixThe party could not enter together, so nobody was moved."
"Party.dungeonPartyNoPermissionMessage","$prefixParty entry stopped because &f$player &7does not have permission for this dungeon.","$prefixParty entry stopped because &f$player &7does not have permission for this dungeon."
"Party.dungeonPartyTooLargeMessage","$prefixParty entry needs &f$count &7open spots, but this dungeon only has &f$max &7available.","$prefixParty entry needs &f$count &7open spots, but this dungeon only has &f$max &7available."
"Party.dungeonPartyUnavailableMessage","$prefixParty entry stopped because &f$player &7is no longer available.","$prefixParty entry stopped because &f$player &7is no longer available."
"Party.dungeonReadyCheckAlreadyReadyMessage","$prefixYou are already ready for this dungeon.","$prefixYou are already ready for this dungeon."
"Party.dungeonReadyCheckCancelButton","<g:#7A1F2B:#C2414A>[CANCEL]</g>","<g:#7A1F2B:#C2414A>[CANCEL]</g>"
"Party.dungeonReadyCheckCancelPromptMessage","$prefixStarted the wrong dungeon? ","$prefixStarted the wrong dungeon? "
"Party.dungeonReadyCheckCompleteMessage","$prefix&aEveryone is ready! &7Preparing &f$dungeon&7...","$prefix&aEveryone is ready! &7Preparing &f$dungeon&7..."
"Party.dungeonReadyCheckDeclineButton"," <g:#7A1F2B:#C2414A>[DECLINE]</g>"," <g:#7A1F2B:#C2414A>[DECLINE]</g>"
"Party.dungeonReadyCheckDeclineHover","&7Click to cancel this party entry","&7Click to cancel this party entry"
"Party.dungeonReadyCheckDeclinedMessage","$prefix&f$player &cdeclined &7the ready check for &f$dungeon&7.","$prefix&f$player &cdeclined &7the ready check for &f$dungeon&7."
"Party.dungeonReadyCheckExpiredMessage","$prefixThe ready check for &f$dungeon &7expired.","$prefixThe ready check for &f$dungeon &7expired."
"Party.dungeonReadyCheckLevelFormat","$dungeon - level $level","$dungeon - level $level"
"Party.dungeonReadyCheckNoPendingMessage","$prefixThat dungeon ready check is no longer active.","$prefixThat dungeon ready check is no longer active."
"Party.dungeonReadyCheckPendingMessage","$prefixYour party already has a dungeon ready check in progress.","$prefixYour party already has a dungeon ready check in progress."
"Party.dungeonReadyCheckPlayerReadyMessage","$prefix&f$player &ais ready &7(&f$ready&7/&f$total&7).","$prefix&f$player &ais ready &7(&f$ready&7/&f$total&7)."
"Party.dungeonReadyCheckPromptMessage","$prefixReady to enter &f$dungeon&7? ","$prefixReady to enter &f$dungeon&7? "
"Party.dungeonReadyCheckReadyButton","<g:#2E7D4F:#69C56F>[READY]</g>","<g:#2E7D4F:#69C56F>[READY]</g>"
"Party.dungeonReadyCheckReadyHover","&7Click to confirm dungeon entry","&7Click to confirm dungeon entry"
"Party.dungeonReadyCheckStartedMessage","$prefix&f$player &7wants to enter &f$dungeon&7. Waiting for the party (&f$ready&7/&f$total&7).","$prefix&f$player &7wants to enter &f$dungeon&7. Waiting for the party (&f$ready&7/&f$total&7)."
"Party.dungeonReadyCheckUnknownDungeonName","this dungeon","this dungeon"
"Party.inventoryAcceptInviteLore","&7Join their EliteMobs party.","&7Join their EliteMobs party."
"Party.inventoryAcceptInviteName","<g:#2E7D4F:#69C56F>Accept Invite</g> &f— $player","<g:#2E7D4F:#69C56F>Accept Invite</g> &f— $player"
"Party.inventoryBackName","&eBack to /em","&eBack to /em"
"Party.inventoryBackToPartyName","&eBack to Party Controls","&eBack to Party Controls"
"Party.inventoryCancelReadyLore","&7Cancel this party dungeon entry.","&7Cancel this party dungeon entry."
"Party.inventoryCancelReadyName","<g:#7A1F2B:#C2414A>Cancel Ready Check</g>","<g:#7A1F2B:#C2414A>Cancel Ready Check</g>"
"Party.inventoryControlsTitle","<g:#A04468:#E07A9A>♥ Elite Party</g>","<g:#A04468:#E07A9A>♥ Elite Party</g>"
"Party.inventoryCreateLore","&7Create a party for up to five players.","&7Create a party for up to five players."
"Party.inventoryCreateName","<g:#2E7D4F:#69C56F>+ Create a Party</g>","<g:#2E7D4F:#69C56F>+ Create a Party</g>"
"Party.inventoryDeclineLore","&7Ignore this invitation.","&7Ignore this invitation."
"Party.inventoryDeclineName","<g:#7A1F2B:#C2414A>Decline</g>","<g:#7A1F2B:#C2414A>Decline</g>"
"Party.inventoryInteractionInviteLore","&7Invite this player to your party.","&7Invite this player to your party."
"Party.inventoryInteractionInviteName","<g:#267A78:#58B8A9>✉ Invite</g> &f$player","<g:#267A78:#58B8A9>✉ Invite</g> &f$player"
"Party.inventoryInteractionTitle","<g:#A04468:#E07A9A>♥ Party with</g> &f$player","<g:#A04468:#E07A9A>♥ Party with</g> &f$player"
"Party.inventoryInvitationTitle","<g:#A04468:#E07A9A>✉ Party Invitation</g>","<g:#A04468:#E07A9A>✉ Party Invitation</g>"
"Party.inventoryInviteLore","&7Choose an online player to invite.","&7Choose an online player to invite."
"Party.inventoryInviteName","<g:#267A78:#58B8A9>✉ Invite a Player</g>","<g:#267A78:#58B8A9>✉ Invite a Player</g>"
"Party.inventoryInvitePlayerName","<g:#267A78:#58B8A9>✉ Invite</g> &f$player","<g:#267A78:#58B8A9>✉ Invite</g> &f$player"
"Party.inventoryInvitePlayersTitle","<g:#A04468:#E07A9A>✉ Invite a Player</g>","<g:#A04468:#E07A9A>✉ Invite a Player</g>"
"Party.inventoryLeaveLore","&7Leave your current party.","&7Leave your current party."
"Party.inventoryLeaveName","<g:#7A1F2B:#C2414A>✘ Leave Party</g>","<g:#7A1F2B:#C2414A>✘ Leave Party</g>"
"Party.inventoryNeverShowLore","&7Permanently hide right-click party hints.","&7Permanently hide right-click party hints."
"Party.inventoryNeverShowName","&8Never Show This Again","&8Never Show This Again"
"Party.inventoryNextName","&eNext Page","&eNext Page"
"Party.inventoryNoInvitePlayersLore","&8Nobody online can currently be invited.","&8Nobody online can currently be invited."
"Party.inventoryNoInvitePlayersName","&7No Players Available","&7No Players Available"
"Party.inventoryNoPermissionMessage","&cYou do not have permission to use EliteMobs parties.","&cYou do not have permission to use EliteMobs parties."
"Party.inventoryPreviousName","&ePrevious Page","&ePrevious Page"
"Party.inventoryReadyCheckTitle","<g:#6D3AA8:#A855F7>★ Dungeon Ready Check</g>","<g:#6D3AA8:#A855F7>★ Dungeon Ready Check</g>"
"Party.inventoryReadyConfirmLore","&7Confirm that you are ready to enter.","&7Confirm that you are ready to enter."
"Party.inventoryReadyDungeonName","<g:#6D3AA8:#A855F7>★ Dungeon</g> &f$dungeon","<g:#6D3AA8:#A855F7>★ Dungeon</g> &f$dungeon"
"Party.inventoryReadyLore","&7Enter when everyone is ready.","&7Enter when everyone is ready."
"Party.inventoryReadyName","<g:#2E7D4F:#69C56F>Ready</g>","<g:#2E7D4F:#69C56F>Ready</g>"
"Party.inventoryReadyWaitingLore","&7Waiting for your party.","&7Waiting for your party."
"Party.inventorySelectInviteLore","&7Click to invite.","&7Click to invite."
"Party.inviteAcceptButton","<g:#2E7D4F:#69C56F>[ACCEPT]</g>","<g:#2E7D4F:#69C56F>[ACCEPT]</g>"
"Party.inviteAcceptHover","&7Click to join the party","&7Click to join the party"
"Party.inviteAlreadyPendingMessage","$prefix&f$player &7already has a pending party invitation.","$prefix&f$player &7already has a pending party invitation."
"Party.inviteExpiredMessage","$prefixThat party invitation expired.","$prefixThat party invitation expired."
"Party.inviteReceivedMessage","$prefix&f$player &7invited you to join their party. ","$prefix&f$player &7invited you to join their party. "
"Party.inviteSentMessage","$prefixInvitation sent to &f$player&7.","$prefixInvitation sent to &f$player&7."
"Party.joinedPartyMessage","$prefix&aYou joined the party!","$prefix&aYou joined the party!"
"Party.leaderChangedMessage","$prefix&f$player &7is now the party leader.","$prefix&f$player &7is now the party leader."
"Party.leftPartyMessage","$prefixYou left the party.","$prefixYou left the party."
"Party.memberJoinedMessage","$prefix&f$player &ajoined the party.","$prefix&f$player &ajoined the party."
"Party.memberLeftMessage","$prefix&f$player &cleft the party.","$prefix&f$player &cleft the party."
"Party.noPendingInviteMessage","$prefixYou do not have a pending party invitation.","$prefixYou do not have a pending party invitation."
"Party.notInPartyMessage","$prefixYou are not in a party.","$prefixYou are not in a party."
"Party.partyCreatedMessage","$prefix&aParty created! &7Invite players with &f/em party invite <player>&7.","$prefix&aParty created! &7Invite players with &f/em party invite <player>&7."
"Party.partyFullMessage","$prefixThat party already has five players.","$prefixThat party already has five players."
"Party.playerAlreadyInPartyMessage","$prefixThat player is already in a party.","$prefixThat player is already in a party."
"Party.playerCannotUsePartiesMessage","$prefix&f$player &7does not have permission to use parties.","$prefix&f$player &7does not have permission to use parties."
"Party.playerInteractionHintDisableButton","&8[Don't show again]","&8[Don't show again]"
"Party.playerInteractionHintDisableHover","&7Permanently hide right-click party hints","&7Permanently hide right-click party hints"
"Party.playerInteractionHintDisabledMessage","$prefixRight-click party hints have been disabled for you.","$prefixRight-click party hints have been disabled for you."
"Party.playerInteractionHintInviteButton","<g:#2E7D4F:#69C56F>[INVITE]</g>","<g:#2E7D4F:#69C56F>[INVITE]</g>"
"Party.playerInteractionHintInviteHover","&7Invite &f$player &7to your party","&7Invite &f$player &7to your party"
"Party.playerInteractionHintMessage","$prefixWant to team up with &f$player&7? ","$prefixWant to team up with &f$player&7? "
"Party.playerUnavailableMessage","$prefixThat player is not online.","$prefixThat player is not online."
"Party.prefix","&8[<g:#A04468:#E07A9A>Party</g>&8] &7","&8[<g:#A04468:#E07A9A>Party</g>&8] &7"
"Party.readyCheckTokenHint","ready check token","ready check token"
"Party.selfInviteMessage","$prefixYou cannot invite yourself.","$prefixYou cannot invite yourself."
"Party.sidebarDownedDisplay"," &c☠"," &c☠"
"Party.sidebarHealthCriticalColor","&c","&c"
"Party.sidebarHealthGlyph","❤","❤"
"Party.sidebarHealthHealthyColor","&a","&a"
"Party.sidebarHealthMissingColor","&8","&8"
"Party.sidebarHealthWoundedColor","&e","&e"
"Party.sidebarInviteAction","&b✉ &f/em party invite <player>","&b✉ &f/em party invite <player>"
"Party.sidebarLeaderLine","&6★ &f$player$health$lives","&6★ &f$player$health$lives"
"Party.sidebarLeaveAction","&c✘ &f/em party leave","&c✘ &f/em party leave"
"Party.sidebarLivesDisplay"," &b◆&f$lives"," &b◆&f$lives"
"Party.sidebarMemberLine","&a● &f$player$health$lives","&a● &f$player$health$lives"
"Party.sidebarQuestLine","&bQuest: &f$quest","&bQuest: &f$quest"
"Party.sidebarTitle","<g:#A04468:#E07A9A>♥ Elite Party</g>","<g:#A04468:#E07A9A>♥ Elite Party</g>"
"Party.unknownPlayerName","Unknown","Unknown"
"PeaceBanner.itemLore[0]","&7Place to create a peaceful zone","&7Place to create a peaceful zone"
"PeaceBanner.itemLore[1]","&7Prevents elite mob spawning","&7Prevents elite mob spawning"
"PeaceBanner.itemLore[2]","&7within a &f4 chunk &7radius","&7within a &f4 chunk &7radius"
"PeaceBanner.itemName","&aPeace Banner","&aPeace Banner"
"PeaceBanner.placedMessage","&aPeace Banner placed! Elite mobs will not spawn within a &f$radius chunk &aradius.","&aPeace Banner placed! Elite mobs will not spawn within a &f$radius chunk &aradius."
"PeaceBanner.removedMessage","&cPeace Banner removed. Elite mobs can now spawn in this area again.","&cPeace Banner removed. Elite mobs can now spawn in this area again."
"Quests.arenaQuestScoreboardProgressionMessage","&7➤ Complete &f$arenaName","&7➤ Complete &f$arenaName"
"Quests.chatTrackHover","&2Click to track!","&2Klikni pro sledování!"
"Quests.chatTrackMessage","&8[EliteMobs]&2 Click here to track your quest!","&8[EliteMobs]&2 Klikni zde pro sledování svého úkolu!"
"Quests.chatTrackingHover","&2Click to untrack/track! /em -> Quests to track a different quest!","&2Klikni pro zrušení/aktivaci sledování! /em -> Úkoly pro sledování jiného úkolu!"
"Quests.chatTrackingMessage","&8[EliteMobs]&9 You are now tracking a quest!","&8[EliteMobs]&9 Nyní sleduješ úkol!"
"Quests.dialogQuestChatProgressionMessage","&8[EliteMobs] &7➤ Talk to &f$name&7: $color$current&7/$color$target","&8[EliteMobs]&c➤Promluv s $name:$color$current&0/$color$target"
"Quests.dialogQuestScoreboardProgressionMessage","&7➤ Talk to &f$name&7: $color$current&7/$color$target","&c➤Promluv s $name:$color$current&0/$color$target"
"Quests.fetchQuestChatProgressionMessage","&8[EliteMobs] &7➤ Get &f$name&7: $color$current&7/$color$target","&8[EliteMobs]&c➤Získej $name:$color$current&0/$color$target"
"Quests.fetchQuestScoreboardProgressionMessage","&7➤ Get &f$name&7: $color$current&7/$color$target","&c➤Získej $name:$color$current&0/$color$target"
"Quests.invalidQuestIdMessage","&8[EliteMobs] &cInvalid quest ID for ID $questId","&8[EliteMobs] &cNeplatné ID úkolu pro ID $questId"
"Quests.invalidQuestMessage","Invalid quest: $quest","Neplatný úkol: $quest"
"Quests.invalidQuestNpcMessage","[EliteMobs] This NPC's quest is not valid! This might be a configuration error on the NPC or on the quest.","[EliteMobs] Úkol tohoto NPC není platný! Může se jednat o chybu konfigurace NPC nebo úkolu."
"Quests.killQuestChatProgressionMessage","&8[EliteMobs] &7➤ Kill &f$name&7: $color$current&7/$color$target","&8[EliteMobs]&c➤Zabij $name:$color$current&0/$color$target"
"Quests.killQuestScoreboardProgressionMessage","&7➤ Kill &f$name&7: $color$current&7/$color$target","&c➤Zabij $name:$color$current&0/$color$target"
"Quests.leaveWhenNoActiveQuestsExist","&cYou don't currently have an active quest!","&cMomentálně nemáš aktivní úkol!"
"Quests.lowRankDynamicQuestWarning","&8[EliteMobs] &cYou can't take these quests with your current guild rank! Increase your guild rank to accept these quests.","&8[EliteMobs] &cS aktuální hodností cechu nemůžeš přijmout tyto úkoly! Zvyš svoji hodnost cechu pro jejich přijetí."
"Quests.noQuestDestinationFound","[EM] No quest destination found!","[EM] Cíl úkolu nebyl nalezen!"
"Quests.questAbandonText","&l&c[Abandon]","&l&c[Opustit]"
"Quests.questAcceptedStatus"," &f| &aAccepted"," &f| &aPřijat"
"Quests.questAlreadyCompletedMessage","&8[EliteMobs] &cYou already completed this quest!","&8[EliteMobs] &cTento úkol jsi již dokončil!"
"Quests.questBackToStatusMenu","← Back to Status Menu","← Zpět na menu stavu"
"Quests.questCapMessage","&8[EliteMobs] &cYou have reached the maximum amount of active quests (10)! &4Abandon or complete at least one active quest if you want to get more quests!","&8[EliteMobs] &cDosáhl jsi maximálního počtu aktivních úkolů (10)! &4Opusť nebo dokonči alespoň jeden aktivní úkol, pokud chceš přijmout další!"
"Quests.questCompleteMessage","&2You completed the quest $questName &2!","&2Dokončil jsi úkol $questName &2!"
"Quests.questCompleteSubtitle","$questName","$questName"
"Quests.questCompleteTitle","&2Quest Completed!","&2Úkol dokončen!"
"Quests.questDestinationInOtherWorld","[EM] Go to world $world!","[EM] Jdi do světa $world!"
"Quests.questDialoguePromptText","&7&oSneak to continue","&7&oSneak to continue"
"Quests.questJoinMessage","&aYou have accepted the quest $questName &a!","&aPřijal jsi úkol $questName &a!"
"Quests.questLeaveMessage","&cYou have abandoned the quest $questName &c!","&cOpustil jsi úkol $questName &c!"
"Quests.questLeaveTitle","&cQuest Abandoned!","&cÚkol opuštěn!"
"Quests.questLockoutChatMessage","&c[EliteMobs] &7You completed &c$questName &7recently and must wait another &e$remainingTime &7before you can accept it again.","&c[EliteMobs] &7Nedávno jsi dokončil &c$questName &7a musíš počkat dalších &e$remainingTime &7než ho budeš moci přijmout znovu."
"Quests.questLockoutSubtitle","&cQuest Lockout!","&cÚkol zablokován!"
"Quests.questPrerequisitesMissingMessage","&8[EliteMobs] &cThis NPC has some quest(s) you can't accept yet!","&8[EliteMobs] &cTento NPC má některé úkoly, které ještě nemůžeš přijmout!"
"Quests.questStartTitle","&aQuest Accepted!","&aÚkol přijat!"
"Quests.questTrackingInvalidMessage","[EliteMobs] Failed to get a valid quest with that quest ID!","[EliteMobs] Nepodařilo se získat platný úkol s tímto ID!"
"Quests.questTurnInObjective","&a2Talk to $npcName","&a2Promluv s $npcName"
"Quests.questTurnInStatus"," &f| &2Turn in!"," &f| &2Odevzdat!"
"SpecialItemSystems.challengeAnnouncement","&8[EliteMobs] $player &6is challenging a boss to enchant $itemName&6!","&8[EliteMobs] $player &6vyzývá bosse k zakouzlení $itemName&6!"
"SpecialItemSystems.criticalFailureAnnouncement","&8[EliteMobs] $player &clost $itemName &cwhile trying to enchant it!","&8[EliteMobs] $player &cztratil $itemName &cpři pokusu o zakouzlení!"
"SpecialItemSystems.insufficientFundsMessage","&8[EliteMobs] &c$price $currencyName is required to enchant $itemName, but you only have $currentAmount!","&8[EliteMobs] &cPro zakouzlení $itemName je potřeba $price $currencyName, ale máš jen $currentAmount!"
"SpecialItemSystems.newFundsMessage","&8[EliteMobs] &fYou just spent $price $currencyName! You now have $currentAmount $currencyName.","&8[EliteMobs] &fPrávě jsi utratil $price $currencyName! Nyní máš $currentAmount $currencyName."
"SpecialItemSystems.successAnnouncement","&8[EliteMobs] $player &2has successfully enchanted $itemName&2!","&8[EliteMobs] $player &2úspěšně zakouzlil $itemName&2!"
"StaticItemNames.axeNames[0]","Cleaver","Sekač"
"StaticItemNames.axeNames[1]","Timberfall","Dřevopád"
"StaticItemNames.axeNames[2]","Skullsplitter","Drtič lebek"
"StaticItemNames.axeNames[3]","The Butcher","Řezník"
"StaticItemNames.axeNames[4]","Ragebite","Kousnutí vzteku"
"StaticItemNames.axeNames[5]","Bonechopper","Kostilom"
"StaticItemNames.axeNames[6]","Headsplitter","Drtič lebek"
"StaticItemNames.axeNames[7]","Crimson Hatchet","Šarlatová sekerka"
"StaticItemNames.axeNames[8]","Axe of the Fallen","Sekera padlých"
"StaticItemNames.axeNames[9]","Deathcleave","Smrtonosný řez"
"StaticItemNames.axeNames[10]","Ironbark","Železná kůra"
"StaticItemNames.axeNames[11]","Stormfeller","Krotitel bouří"
"StaticItemNames.axeNames[12]","The Executioner","Kat"
"StaticItemNames.axeNames[13]","Widowmaker","Tvůrce vdov"
"StaticItemNames.axeNames[14]","Grizzly Fang","Tesák grizzlyho"
"StaticItemNames.axeNames[15]","Doomhew","Záhubný zásah"
"StaticItemNames.axeNames[16]","Berserker's Edge","Ostří Berserkera"
"StaticItemNames.axeNames[17]","Warcleaver","Válečný sekáček"
"StaticItemNames.axeNames[18]","Ashen Hatchet","Ashen Sekyrka"
"StaticItemNames.axeNames[19]","Blackfang Axe","Blackfang Sekera"
"StaticItemNames.axeNames[20]","The Reaper's Toll","Daň Žence"
"StaticItemNames.axeNames[21]","Thundersplit","Hromový rozkol"
"StaticItemNames.axeNames[22]","Frostbitten Edge","Omrzlý Ostří"
"StaticItemNames.axeNames[23]","Gorecleave","Krvavé sekání"
"StaticItemNames.axeNames[24]","Savage Rend","Divoký Trhání"
"StaticItemNames.axeNames[25]","The Lumberjack","Dřevorubec"
"StaticItemNames.axeNames[26]","Axe of Ruin","Sekera Zkázy"
"StaticItemNames.axeNames[27]","Wyrmchopper","Wyrm sekáč"
"StaticItemNames.axeNames[28]","Hellfire Hatchet","Hellfire Sekyrka"
"StaticItemNames.axeNames[29]","Marrow Splitter","Marrow Štípač"
"StaticItemNames.axeNames[30]","Barbarian's Fury","Zuřivost Barbara"
"StaticItemNames.axeNames[31]","Nightfall Axe","Noční pád Sekera"
"StaticItemNames.axeNames[32]","Cinderbite","Žhavý popel kousnutí"
"StaticItemNames.axeNames[33]","Trollfeller","Kácitel trollů"
"StaticItemNames.axeNames[34]","Axe of the Warchief","Sekera Warchief"
"StaticItemNames.axeNames[35]","Tuskbreaker","Klanoklam"
"StaticItemNames.axeNames[36]","Grimcleave","Ponuré sekání"
"StaticItemNames.axeNames[37]","Venomhew","Jedovatý řez"
"StaticItemNames.axeNames[38]","The Mangler","Drtič"
"StaticItemNames.axeNames[39]","Oakheart","Dubové srdce"
"StaticItemNames.axeNames[40]","Bloodfrenzy","Krvavé šílenství"
"StaticItemNames.axeNames[41]","Dreadnought Axe","Dreadnought Sekera"
"StaticItemNames.axeNames[42]","Chaosbite","Chaoský kousanec"
"StaticItemNames.axeNames[43]","Obsidian Edge","Obsidiánový Ostří"
"StaticItemNames.axeNames[44]","The Ravager","Plenitel"
"StaticItemNames.axeNames[45]","Worldsplitter","Štípač světa"
"StaticItemNames.axeNames[46]","Gale Hatchet","Vichr Sekyrka"
"StaticItemNames.axeNames[47]","Ashbringer Axe","Ashbringer Sekera"
"StaticItemNames.axeNames[48]","Twinblade Hatchet","Dvojitý čepel Sekyrka"
"StaticItemNames.axeNames[49]","Runic Cleaver","Runový Sekáček"
"StaticItemNames.axeNames[50]","The Skull Taker","Lebka Lovec"
"StaticItemNames.axeNames[51]","Fangstrike","Tesákový úder"
"StaticItemNames.axeNames[52]","Axe of Eternity","Sekera Věčnosti"
"StaticItemNames.axeNames[53]","Primal Rend","Prvotní Trhání"
"StaticItemNames.axeNames[54]","Molten Edge","Roztavený Ostří"
"StaticItemNames.axeNames[55]","Darkthorn Axe","Temný trn Sekera"
"StaticItemNames.axeNames[56]","Stonecrusher","Kámen drtič"
"StaticItemNames.axeNames[57]","Howling Hatchet","Vytí Sekyrka"
"StaticItemNames.axeNames[58]","The Severer","Sekač"
"StaticItemNames.axeNames[59]","Glacial Cleave","Ledový Sekání"
"StaticItemNames.axeNames[60]","Wrath of the North","Hněv Severu"
"StaticItemNames.axeNames[61]","Rustfang","Rez tesák"
"StaticItemNames.axeNames[62]","Embercleave","Žhavý sekáč"
"StaticItemNames.axeNames[63]","Skullgrinder","Lebka drtič"
"StaticItemNames.axeNames[64]","The Headsman","Kat"
"StaticItemNames.axeNames[65]","Dragonfang Axe","Drak tesák Sekera"
"StaticItemNames.axeNames[66]","Hexchopper","Prokletý sekač"
"StaticItemNames.axeNames[67]","Titan's Cleaver","Sekáček Titána"
"StaticItemNames.axeNames[68]","Bonegnaw","Kostižrout"
"StaticItemNames.axeNames[69]","Felstrike","Osudový úder"
"StaticItemNames.axeNames[70]","Voidhew","Prázdnotný sekáč"
"StaticItemNames.axeNames[71]","Shadowcleave","Stínový sekáč"
"StaticItemNames.axeNames[72]","The Woodsman's Wrath","Hněv Woodsman"
"StaticItemNames.axeNames[73]","Axe of the Mountain King","Sekera Hora Krále"
"StaticItemNames.axeNames[74]","Icefang","Ledový tesák"
"StaticItemNames.axeNames[75]","Blazecleaver","Plamenný sekáč"
"StaticItemNames.axeNames[76]","Goregrinder","Krvomletec"
"StaticItemNames.axeNames[77]","Stormbreaker","Bouřný lamač"
"StaticItemNames.axeNames[78]","The Last Chop","Last Chop"
"StaticItemNames.axeNames[79]","Warborn Axe","Warborn Sekera"
"StaticItemNames.axeNames[80]","Abyssal Hatchet","Propastný Sekyrka"
"StaticItemNames.axeNames[81]","Thundermaw","Hromová tlama"
"StaticItemNames.axeNames[82]","Ironjaw","Železná čelist"
"StaticItemNames.axeNames[83]","The Ravener","Ravener"
"StaticItemNames.axeNames[84]","Axe of Perdition","Sekera Perdition"
"StaticItemNames.axeNames[85]","Wolfclaw Hatchet","Vlk dráp Sekyrka"
"StaticItemNames.axeNames[86]","Duskfeller","Soumračný kácač"
"StaticItemNames.axeNames[87]","Bloodmoon Axe","Krvavý měsíční Sekera"
"StaticItemNames.axeNames[88]","Savage Tooth","Divoký Tooth"
"StaticItemNames.axeNames[89]","The Sunderer","Sunderer"
"StaticItemNames.axeNames[90]","Cinderfall","Žhavý popel pád"
"StaticItemNames.axeNames[91]","Blight Hatchet","Blight Sekyrka"
"StaticItemNames.axeNames[92]","Axe of the Berserker","Sekera Berserkera"
"StaticItemNames.axeNames[93]","Stonebreaker","Kámen lamač"
"StaticItemNames.axeNames[94]","Fleshrender","Trhač masa"
"StaticItemNames.axeNames[95]","The Brute","Brute"
"StaticItemNames.axeNames[96]","Nighthowl","Noční vytí"
"StaticItemNames.axeNames[97]","Doom Splitter","Zkáza Štípač"
"StaticItemNames.axeNames[98]","Rusted Vengeance","Rusted Pomsta"
"StaticItemNames.axeNames[99]","Axe of Agony","Sekera Agony"
"StaticItemNames.axeNames[100]","Frostcleave","Mrazivý sekáč"
"StaticItemNames.axeNames[101]","Warbringer","Válečný zvěstovatel"
"StaticItemNames.axeNames[102]","The Mauler","Drtič"
"StaticItemNames.axeNames[103]","Spinechopper","Páteřní sekač"
"StaticItemNames.axeNames[104]","Ashen Fury","Ashen Zuřivost"
"StaticItemNames.axeNames[105]","Ironclad Hatchet","Železný plát Sekyrka"
"StaticItemNames.axeNames[106]","Boneharvest","Kostní žeň"
"StaticItemNames.axeNames[107]","Dreadfang","Tesák hrůzy"
"StaticItemNames.axeNames[108]","Axe of the Colossus","Sekera Kolosa"
"StaticItemNames.axeNames[109]","Gnarlbark","Sukovitá kůra"
"StaticItemNames.axeNames[110]","Chaosrend","Trhlina chaosu"
"StaticItemNames.axeNames[111]","Hellsplit","Pekelný rozštěp"
"StaticItemNames.axeNames[112]","The Red Cleaver","Rudý Sekáček"
"StaticItemNames.axeNames[113]","Stormhewn","Bouřný sekáč"
"StaticItemNames.axeNames[114]","Savagery","Divokost"
"StaticItemNames.axeNames[115]","Ogresbane","Zhouba obrů"
"StaticItemNames.axeNames[116]","Rimebound Axe","Rimebound Sekera"
"StaticItemNames.axeNames[117]","Warfang","Válečný tesák"
"StaticItemNames.axeNames[118]","The Decapitator","Decapitator"
"StaticItemNames.axeNames[119]","Axe of the Pit","Sekera Pit"
"StaticItemNames.axeNames[120]","Crimsoncleave","Šarlatový sekáč"
"StaticItemNames.axeNames[121]","Rockjaw","Skalní čelist"
"StaticItemNames.axeNames[122]","Flamechopper","Plamenný sekáč"
"StaticItemNames.axeNames[123]","Demonhew","Démonský řez"
"StaticItemNames.axeNames[124]","The Hamstring","Hamstring"
"StaticItemNames.axeNames[125]","Earthsplitter","Zemský rozštěpovač"
"StaticItemNames.axeNames[126]","Axe of the Wildlands","Sekera Wildlands"
"StaticItemNames.axeNames[127]","Blackthorn Hatchet","Blackthorn Sekyrka"
"StaticItemNames.axeNames[128]","Thunderclap","Hromový třesk"
"StaticItemNames.axeNames[129]","Ripper","Trhač"
"StaticItemNames.axeNames[130]","Viperfang Axe","Zmije tesák Sekera"
"StaticItemNames.axeNames[131]","The Cleaving Wind","Cleaving Wind"
"StaticItemNames.axeNames[132]","Skull Hatchet","Lebka Sekyrka"
"StaticItemNames.axeNames[133]","Axe of Anguish","Sekera Anguish"
"StaticItemNames.axeNames[134]","Grimbite","Ponurý kousnutí"
"StaticItemNames.axeNames[135]","Cinderstrike","Popelový úder"
"StaticItemNames.axeNames[136]","Glacial Fury","Ledový Zuřivost"
"StaticItemNames.axeNames[137]","Barbarian Fang","Barbarian Tesák"
"StaticItemNames.axeNames[138]","The Grim Chopper","Ponurý Sekáč"
"StaticItemNames.axeNames[139]","Moonfall Axe","Měsíční pád Sekera"
"StaticItemNames.axeNames[140]","Warpath","Válečná stezka"
"StaticItemNames.axeNames[141]","Bloodharvest","Krvavá žeň"
"StaticItemNames.axeNames[142]","Obsidian Hatchet","Obsidiánový Sekyrka"
"StaticItemNames.axeNames[143]","The Warden's Axe","Sekera Strážce"
"StaticItemNames.axeNames[144]","Hailsplitter","Krupobití"
"StaticItemNames.axeNames[145]","Ragetooth","Zuřivý zub"
"StaticItemNames.axeNames[146]","Axe of the Bloodline","Sekera Bloodline"
"StaticItemNames.axeNames[147]","Netherbite","Pekelný kousanec"
"StaticItemNames.axeNames[148]","Gravemaker","Hrobař"
"StaticItemNames.axeNames[149]","The Ravaging Edge","Ravaging Ostří"
"StaticItemNames.axeNames[150]","Wolfsbane Axe","Wolfsbane Sekera"
"StaticItemNames.axeNames[151]","Emberfang","Žhavý uhlík tesák"
"StaticItemNames.axeNames[152]","Duskrend","Soumračný trhání"
"StaticItemNames.axeNames[153]","Axe of the Wilds","Sekera Wilds"
"StaticItemNames.axeNames[154]","Ironhide Cleaver","Ironhide Sekáček"
"StaticItemNames.axeNames[155]","The Cruncher","Cruncher"
"StaticItemNames.axeNames[156]","Bladestorm Hatchet","Čepel bouřný Sekyrka"
"StaticItemNames.axeNames[157]","Shadowfell Axe","Shadowfell Sekera"
"StaticItemNames.axeNames[158]","Tundra's Bite","Kousnutí Tundra"
"StaticItemNames.axeNames[159]","Goretusk","Krvavý kel"
"StaticItemNames.axeNames[160]","Axe of the Damned","Sekera Zatraceného"
"StaticItemNames.axeNames[161]","Crimson Rend","Karmínový Trhání"
"StaticItemNames.axeNames[162]","The Howler","Howler"
"StaticItemNames.axeNames[163]","Frostborn Cleaver","Frostborn Sekáček"
"StaticItemNames.axeNames[164]","Rageclaw","Dráp zuřivosti"
"StaticItemNames.axeNames[165]","Ashfall Hatchet","Popelavý pád Sekyrka"
"StaticItemNames.axeNames[166]","Blightchopper","Morový sekač"
"StaticItemNames.axeNames[167]","Axe of the Black Forest","Sekera Černý Forest"
"StaticItemNames.axeNames[168]","Warmonger's Cleave","Sekání Warmonger"
"StaticItemNames.axeNames[169]","The Render","Render"
"StaticItemNames.axeNames[170]","Doom Edge","Zkáza Ostří"
"StaticItemNames.axeNames[171]","Shattered Oak","Roztříštěný Dub"
"StaticItemNames.axeNames[172]","Bloodthorn Axe","Krvavý trn Sekera"
"StaticItemNames.axeNames[173]","Nightrend","Noční trhání"
"StaticItemNames.axeNames[174]","The Savage","Divoký"
"StaticItemNames.axeNames[175]","Axe of the Overlord","Sekera Vládce"
"StaticItemNames.axeNames[176]","Felhew","Prokletý řez"
"StaticItemNames.axeNames[177]","Thunderfang","Hromový tesák"
"StaticItemNames.axeNames[178]","Bonesaw Hatchet","Bonesaw Sekyrka"
"StaticItemNames.axeNames[179]","The Crippler","Crippler"
"StaticItemNames.axeNames[180]","Scorched Cleaver","Scorched Sekáček"
"StaticItemNames.axeNames[181]","Giantkiller","Zabijač obrů"
"StaticItemNames.axeNames[182]","Axe of the Forge","Sekera Forge"
"StaticItemNames.axeNames[183]","Wrathcleave","Hněvivý sekáč"
"StaticItemNames.axeNames[184]","The Jagged Edge","Jagged Ostří"
"StaticItemNames.axeNames[185]","Moonbite","Měsíční kousnutí"
"StaticItemNames.axeNames[186]","Dreadchopper","Děsivý sekač"
"StaticItemNames.axeNames[187]","Stormwrath","Bouřný hněv"
"StaticItemNames.axeNames[188]","The Orc Feller","Orc Kácitel"
"StaticItemNames.axeNames[189]","Axe of Sorrow","Sekera Sorrow"
"StaticItemNames.axeNames[190]","Sharpfang","Ostrý tesák"
"StaticItemNames.axeNames[191]","Bloodletter","Krveprolévač"
"StaticItemNames.axeNames[192]","Grimfire Hatchet","Ponurý ohnivý Sekyrka"
"StaticItemNames.axeNames[193]","The Splinter","Splinter"
"StaticItemNames.axeNames[194]","Tombcleaver","Hrobní sekáč"
"StaticItemNames.axeNames[195]","Ironmaw","Železná tlama"
"StaticItemNames.axeNames[196]","Axe of the Grave","Sekera Hrob"
"StaticItemNames.axeNames[197]","Chainfang","Řetězový tesák"
"StaticItemNames.axeNames[198]","Doomcleaver","Zkáza sekáček"
"StaticItemNames.axeNames[199]","The Fury","Zuřivost"
"StaticItemNames.axeNames[200]","Frostmaw","Ledová tlama"
"StaticItemNames.axeNames[201]","Goblinbane","Zhouba skřetů"
"StaticItemNames.axeNames[202]","Rustcleave","Rezivý sekáč"
"StaticItemNames.axeNames[203]","Axe of the Storm","Sekera Bouře"
"StaticItemNames.axeNames[204]","Primal Fury","Prvotní Zuřivost"
"StaticItemNames.axeNames[205]","The Chopper","Sekáč"
"StaticItemNames.axeNames[206]","Embersplit","Žhavý rozštěp"
"StaticItemNames.axeNames[207]","Warmaul Hatchet","Warmaul Sekyrka"
"StaticItemNames.axeNames[208]","Axe of Despair","Sekera Zoufalství"
"StaticItemNames.axeNames[209]","Bloodfrost","Krvavý mrazový"
"StaticItemNames.axeNames[210]","The Hacker","Hacker"
"StaticItemNames.axeNames[211]","Skullfire Axe","Lebka ohnivý Sekera"
"StaticItemNames.axeNames[212]","Warsnarl","Válečný výcek"
"StaticItemNames.axeNames[213]","Axe of the Abyss","Sekera Propasti"
"StaticItemNames.axeNames[214]","Grimstone Hatchet","Ponurý kámen Sekyrka"
"StaticItemNames.axeNames[215]","The Cleaver of Souls","Sekáček Duší"
"StaticItemNames.axeNames[216]","Vilebite","Hanebný kousanec"
"StaticItemNames.axeNames[217]","Bladefury Axe","Čepel zuřivost Sekera"
"StaticItemNames.axeNames[218]","Earthshaker Hatchet","Earthshaker Sekyrka"
"StaticItemNames.axeNames[219]","Axe of the Conqueror","Sekera Dobyvatele"
"StaticItemNames.axeNames[220]","Shatterbone","Drtič kostí"
"StaticItemNames.axeNames[221]","The Brokenland","Brokenland"
"StaticItemNames.axeNames[222]","Inferno Hatchet","Peklo Sekyrka"
"StaticItemNames.axeNames[223]","Venomcleave","Jedové sekání"
"StaticItemNames.axeNames[224]","The Butcher's Pride","Pride Řezníka"
"StaticItemNames.axeNames[225]","Axe of the Horde","Sekera Horde"
"StaticItemNames.axeNames[226]","Fangbreaker","Tesák lamač"
"StaticItemNames.axeNames[227]","Nightcleave","Noční sekání"
"StaticItemNames.axeNames[228]","Warblood Hatchet","Válečný krvavý Sekyrka"
"StaticItemNames.axeNames[229]","The Annihilator","Anihilátor"
"StaticItemNames.axeNames[230]","Axe of the Iron Wolf","Sekera Železa Vlka"
"StaticItemNames.axeNames[231]","Blizzard Hatchet","Vánice Sekyrka"
"StaticItemNames.axeNames[232]","Ragesplit","Rozkol zuřivosti"
"StaticItemNames.axeNames[233]","Cinderclaw","Žhavý popel dráp"
"StaticItemNames.axeNames[234]","Axe of Woe","Sekera Woe"
"StaticItemNames.axeNames[235]","The Forester's Bane","Zhoubce Lesníka"
"StaticItemNames.axeNames[236]","Blackfire Axe","Blackfire Sekera"
"StaticItemNames.axeNames[237]","Doomtooth","Záhubný zub"
"StaticItemNames.axeNames[238]","Thunderhew","Hromový sekáč"
"StaticItemNames.axeNames[239]","Axe of the Wraith","Sekera Wraith"
"StaticItemNames.axeNames[240]","Grimclaw","Ponurý dráp"
"StaticItemNames.axeNames[241]","Bonfire Hatchet","Bonfire Sekyrka"
"StaticItemNames.axeNames[242]","The Scalper","Scalper"
"StaticItemNames.axeNames[243]","Axe of the Titan","Sekera Titána"
"StaticItemNames.axeNames[244]","Shadowmaw","Stínová tlama"
"StaticItemNames.axeNames[245]","Steelgnaw","Ocelový hlodač"
"StaticItemNames.axeNames[246]","Wildfire Cleaver","Wildfire Sekáček"
"StaticItemNames.axeNames[247]","Axe of Retribution","Sekera Odplata"
"StaticItemNames.axeNames[248]","The Northern Edge","Severní Ostří"
"StaticItemNames.axeNames[249]","Blazefang","Plamenný tesák"
"StaticItemNames.axeNames[250]","Corpsecleave","Mrtvý sekáč"
"StaticItemNames.axeNames[251]","Ironwolf Hatchet","Železný vlk Sekyrka"
"StaticItemNames.axeNames[252]","Axe of the Bloodhunt","Sekera Bloodhunt"
"StaticItemNames.axeNames[253]","The Pummeler","Pummeler"
"StaticItemNames.axeNames[254]","Ashfang","Popelavý tesák"
"StaticItemNames.axeNames[255]","Frostrend","Mrazový trhání"
"StaticItemNames.axeNames[256]","Warbound Cleaver","Warbound Sekáček"
"StaticItemNames.axeNames[257]","Axe of the Undying","Sekera Neumírající"
"StaticItemNames.axeNames[258]","Hellmaw","Pekelná tlama"
"StaticItemNames.axeNames[259]","The Red Hatchet","Rudý Sekyrka"
"StaticItemNames.axeNames[260]","Splitskull","Rozštěpená lebka"
"StaticItemNames.axeNames[261]","Darkmoon Axe","Temný měsíční Sekera"
"StaticItemNames.axeNames[262]","Axe of the Sentinel","Sekera Sentinela"
"StaticItemNames.axeNames[263]","Gravecleave","Hrobní sekáč"
"StaticItemNames.axeNames[264]","The Mangrinder","Mangrinder"
"StaticItemNames.axeNames[265]","Blazechopper","Plamenný sekač"
"StaticItemNames.axeNames[266]","Nether Hatchet","Nether Sekyrka"
"StaticItemNames.axeNames[267]","Axe of the Dreadlord","Sekera Pána hrůzy"
"StaticItemNames.axeNames[268]","Skulltaker","Sběrač lebek"
"StaticItemNames.axeNames[269]","The Impaler's Edge","Ostří Impaler"
"StaticItemNames.axeNames[270]","Stormcleave","Bouřný sekáč"
"StaticItemNames.axeNames[271]","Bonefury Axe","Kost zuřivost Sekera"
"StaticItemNames.axeNames[272]","Axe of the Warlord","Sekera Válečný pán"
"StaticItemNames.axeNames[273]","Flamefang Hatchet","Plamenný tesák Sekyrka"
"StaticItemNames.axeNames[274]","The Woodcutter's Curse","Curse Woodcutter"
"StaticItemNames.axeNames[275]","Razorcleave","Břitký sekáč"
"StaticItemNames.axeNames[276]","Nightharvest","Noční žeň"
"StaticItemNames.axeNames[277]","Axe of the Wastes","Sekera Wastes"
"StaticItemNames.axeNames[278]","Dreadhew","Děsivý řez"
"StaticItemNames.axeNames[279]","The Grim Edge","Ponurý Ostří"
"StaticItemNames.axeNames[280]","Frosthowl","Mrazivé vytí"
"StaticItemNames.axeNames[281]","Warcleft","Válečná rozsedlina"
"StaticItemNames.axeNames[282]","Axe of the Reaver","Sekera Drancovatel"
"StaticItemNames.axeNames[283]","Venomstrike Hatchet","Jedový úder Sekyrka"
"StaticItemNames.axeNames[284]","The Reckoning","Reckoning"
"StaticItemNames.axeNames[285]","Scorchbite","Opálený kousanec"
"StaticItemNames.axeNames[286]","Axe of the Ironclad","Sekera Železný plát"
"StaticItemNames.axeNames[287]","Bonecrusher Hatchet","Kost drtič Sekyrka"
"StaticItemNames.axeNames[288]","Savagebark","Divoké kůra"
"StaticItemNames.axeNames[289]","The Last Swing","Last Swing"
"StaticItemNames.axeNames[290]","Axe of the Raider","Sekera Raider"
"StaticItemNames.axeNames[291]","Cindermaw","Popelová tlama"
"StaticItemNames.axeNames[292]","Gloomcleave","Pochmurný sekáč"
"StaticItemNames.axeNames[293]","Battleborn Hatchet","Battleborn Sekyrka"
"StaticItemNames.axeNames[294]","Axe of the Black Sun","Sekera Černý Slunce"
"StaticItemNames.axeNames[295]","The Flayer","Flayer"
"StaticItemNames.axeNames[296]","Runesplit","Runový rozštěp"
"StaticItemNames.axeNames[297]","Doomfang Axe","Zkáza tesák Sekera"
"StaticItemNames.axeNames[298]","Axe of the Void","Sekera Prázdnoty"
"StaticItemNames.axeNames[299]","Grizzly Cleaver","Grizzly Sekáček"
"StaticItemNames.axeNames[300]","The Skull Carver","Lebka Řezač"
"StaticItemNames.axeNames[301]","Emberhew","Žhavý řez"
"StaticItemNames.axeNames[302]","Wargore","Válečná krev"
"StaticItemNames.axeNames[303]","Axe of the Forgotten","Sekera Forgotten"
"StaticItemNames.axeNames[304]","Blackice Hatchet","Blackice Sekyrka"
"StaticItemNames.axeNames[305]","Tempest Cleaver","Bouře Sekáček"
"StaticItemNames.axeNames[306]","Vilebone Axe","Vilebone Sekera"
"StaticItemNames.axeNames[307]","Axe of the Gladiator","Sekera Gladiátora"
"StaticItemNames.axeNames[308]","Thundermaw Hatchet","Thundermaw Sekyrka"
"StaticItemNames.axeNames[309]","The Bloodied Edge","Bloodied Ostří"
"StaticItemNames.axeNames[310]","Ashencleave","Popelový sekáč"
"StaticItemNames.axeNames[311]","Gorefang","Krvavý tesák"
"StaticItemNames.axeNames[312]","Axe of the Elder","Sekera Elder"
"StaticItemNames.axeNames[313]","Duskfall Hatchet","Soumračný pád Sekyrka"
"StaticItemNames.axeNames[314]","The Iron Verdict","Železný Verdict"
"StaticItemNames.axeNames[315]","Primal Fang","Prvotní Tesák"
"StaticItemNames.axeNames[316]","Blazesplit","Plamenný rozštěp"
"StaticItemNames.axeNames[317]","Axe of the Savage","Sekera Divoký"
"StaticItemNames.axeNames[318]","Gravelord's Cleaver","Sekáček Gravelord"
"StaticItemNames.axeNames[319]","Nightsplit","Noční rozštěp"
"StaticItemNames.axeNames[320]","Axe of the Burning Sky","Sekera Hořící Nebeský"
"StaticItemNames.axeNames[321]","The Chieftain's Edge","Ostří Chieftain"
"StaticItemNames.axeNames[322]","Dreadmaw","Děsivá tlama"
"StaticItemNames.axeNames[323]","Stormbound Hatchet","Stormbound Sekyrka"
"StaticItemNames.axeNames[324]","Boneshatter Axe","Boneshatter Sekera"
"StaticItemNames.axeNames[325]","Axe of the Howling North","Sekera Vytí Severu"
"StaticItemNames.axeNames[326]","Frostclaw","Mrazový dráp"
"StaticItemNames.axeNames[327]","The Cleaver of the Damned","Sekáček Zatraceného"
"StaticItemNames.axeNames[328]","Warsplitter","Válečný štípač"
"StaticItemNames.axeNames[329]","Axe of the Warpath","Sekera Válečná stezka"
"StaticItemNames.axeNames[330]","Hellbound Hatchet","Hellbound Sekyrka"
"StaticItemNames.axeNames[331]","The Mangle","Mangle"
"StaticItemNames.axeNames[332]","Ironthirst","Železná žízeň"
"StaticItemNames.axeNames[333]","Axe of the Marauder","Sekera Marauder"
"StaticItemNames.axeNames[334]","Demonbite Hatchet","Demonbite Sekyrka"
"StaticItemNames.axeNames[335]","Crimsonclaw","Šarlatový dráp"
"StaticItemNames.axeNames[336]","Axe of the Shattered Throne","Sekera Roztříštěný Trůnu"
"StaticItemNames.axeNames[337]","The Grinder","Drtič"
"StaticItemNames.axeNames[338]","Shadowhew","Stínový řez"
"StaticItemNames.axeNames[339]","Trollbane Axe","Trollbane Sekera"
"StaticItemNames.axeNames[340]","Axe of the Frozen Wastes","Sekera Zmrzlý Wastes"
"StaticItemNames.axeNames[341]","Blazemaw","Plamenná tlama"
"StaticItemNames.axeNames[342]","Ravencleave","Havraní sekáč"
"StaticItemNames.axeNames[343]","Axe of the Unyielding","Sekera Nezdolný"
"StaticItemNames.axeNames[344]","The Gash","Gash"
"StaticItemNames.axeNames[345]","Grimhew","Mrazivý řez"
"StaticItemNames.axeNames[346]","Stormsplit Hatchet","Stormsplit Sekyrka"
"StaticItemNames.axeNames[347]","Axe of the Windwalker","Sekera Větrný chodec"
"StaticItemNames.axeNames[348]","Bonecruncher","Drtič kostí"
"StaticItemNames.axeNames[349]","The Black Hatchet","Černý Sekyrka"
"StaticItemNames.axeNames[350]","Voidcleave","Prázdnotný sekáč"
"StaticItemNames.axeNames[351]","Axe of the Runekeeper","Sekera Strážce run"
"StaticItemNames.axeNames[352]","Fireborn Cleaver","Fireborn Sekáček"
"StaticItemNames.axeNames[353]","The Harvester","Harvester"
"StaticItemNames.axeNames[354]","Doomgrind","Drtič zkázy"
"StaticItemNames.axeNames[355]","Axe of the Red Dawn","Sekera Rudý Úsvitu"
"StaticItemNames.axeNames[356]","Warshriek","Válečný výkřik"
"StaticItemNames.axeNames[357]","The Cleaver of Night","Sekáček Noci"
"StaticItemNames.axeNames[358]","Frostsplit","Mrazivý rozštěp"
"StaticItemNames.axeNames[359]","Axe of the Breaker","Sekera Lamač"
"StaticItemNames.axeNames[360]","Graveborne Hatchet","Graveborne Sekyrka"
"StaticItemNames.axeNames[361]","The Rampage","Rampage"
"StaticItemNames.axeNames[362]","Embercleave Strike","Úder žhavého sekáče"
"StaticItemNames.axeNames[363]","Axe of the Warden","Sekera Strážce"
"StaticItemNames.axeNames[364]","Nightmaw","Noční tlama"
"StaticItemNames.axeNames[365]","Steelrend","Ocelový trhač"
"StaticItemNames.axeNames[366]","Axe of the Bloodforge","Sekera Bloodforge"
"StaticItemNames.axeNames[367]","The Bonebreaker","Kost lamač"
"StaticItemNames.axeNames[368]","Chaosbane Hatchet","Chaosbane Sekyrka"
"StaticItemNames.axeNames[369]","Axe of the Scarred Earth","Sekera Scarred Earth"
"StaticItemNames.axeNames[370]","Thundercleave","Hromový sekáč"
"StaticItemNames.axeNames[371]","The Ripping Edge","Ripping Ostří"
"StaticItemNames.axeNames[372]","Ashborne Axe","Ashborne Sekera"
"StaticItemNames.axeNames[373]","Axe of the Iron Throne","Sekera Železa Trůnu"
"StaticItemNames.axeNames[374]","Grimbark","Ponurý kůra"
"StaticItemNames.axeNames[375]","The Savage Cleave","Divoký Sekání"
"StaticItemNames.axeNames[376]","Flamehew","Plamenný řez"
"StaticItemNames.axeNames[377]","Axe of the Stormborn","Sekera Stormborn"
"StaticItemNames.axeNames[378]","Duskfang","Soumračný tesák"
"StaticItemNames.axeNames[379]","Warbite Hatchet","Válečný kousnutí Sekyrka"
"StaticItemNames.axeNames[380]","Axe of the Ashen Lord","Sekera Ashen Pána"
"StaticItemNames.axeNames[381]","The Gouge","Gouge"
"StaticItemNames.axeNames[382]","Skullcleave","Lebkový sekáč"
"StaticItemNames.axeNames[383]","Axe of the Bonefield","Sekera Bonefield"
"StaticItemNames.axeNames[384]","Blightfang Axe","Blightfang Sekera"
"StaticItemNames.axeNames[385]","The Onslaught","Nápor"
"StaticItemNames.axeNames[386]","Primal Hatchet","Prvotní Sekyrka"
"StaticItemNames.axeNames[387]","Axe of the Runeforge","Sekera Runeforge"
"StaticItemNames.axeNames[388]","Dreadbark","Děsivá kůra"
"StaticItemNames.axeNames[389]","The Warcry","Warcry"
"StaticItemNames.axeNames[390]","Frostfang Hatchet","Mrazový tesák Sekyrka"
"StaticItemNames.axeNames[391]","Axe of the Broken Realm","Sekera Broken Realm"
"StaticItemNames.axeNames[392]","Grimhowl","Pochmurné vytí"
"StaticItemNames.axeNames[393]","Hellcleave","Pekelný sekáč"
"StaticItemNames.axeNames[394]","Axe of the Crimson Path","Sekera Karmínový Path"
"StaticItemNames.axeNames[395]","The Terrorhew","Terrorhew"
"StaticItemNames.axeNames[396]","Moonrend Axe","Měsíční trhání Sekera"
"StaticItemNames.axeNames[397]","Axe of the Withered","Sekera Withered"
"StaticItemNames.axeNames[398]","Stormfang","Bouřný tesák"
"StaticItemNames.axeNames[399]","The Reaving Edge","Reaving Ostří"
"StaticItemNames.axeNames[400]","Chaosrend Hatchet","Trhlina chaosu Sekyrka"
"StaticItemNames.axeNames[401]","Axe of the Blighted Wood","Sekera Blighted Wood"
"StaticItemNames.axeNames[402]","Warhowl","Válečné vytí"
"StaticItemNames.axeNames[403]","Bonechill Axe","Bonechill Sekera"
"StaticItemNames.axeNames[404]","Axe of the Searing Sun","Sekera Spalující Slunce"
"StaticItemNames.axeNames[405]","The Blood Axe","Krvavý Sekera"
"StaticItemNames.axeNames[406]","Embergrind","Žhavý brousek"
"StaticItemNames.axeNames[407]","Axe of the Last Stand","Sekera Last Stand"
"StaticItemNames.axeNames[408]","Vilecleave","Hanebný sekáč"
"StaticItemNames.axeNames[409]","The Raging Maw","Raging Tlama"
"StaticItemNames.axeNames[410]","Doomhowl Hatchet","Doomhowl Sekyrka"
"StaticItemNames.axeNames[411]","Axe of the Frostbound","Sekera Frostbound"
"StaticItemNames.axeNames[412]","Ashgrind","Popelový brousek"
"StaticItemNames.axeNames[413]","Thunderborn Axe","Thunderborn Sekera"
"StaticItemNames.axeNames[414]","Axe of the Endless War","Sekera Endless Válečný"
"StaticItemNames.axeNames[415]","The Dire Edge","Hrozivý Ostří"
"StaticItemNames.axeNames[416]","Grimtooth Hatchet","Grimtooth Sekyrka"
"StaticItemNames.axeNames[417]","Axe of the Vengeful","Sekera Pomstychtivý"
"StaticItemNames.axeNames[418]","Wargrind","Válečný brousek"
"StaticItemNames.axeNames[419]","The Shattered Cleaver","Roztříštěný Sekáček"
"StaticItemNames.axeNames[420]","Felfire Hatchet","Felfire Sekyrka"
"StaticItemNames.axeNames[421]","Axe of the Primal Hunt","Sekera Prvotní Hunt"
"StaticItemNames.axeNames[422]","Duskcleave","Soumračný sekáč"
"StaticItemNames.axeNames[423]","The Ferocity","Ferocity"
"StaticItemNames.axeNames[424]","Blightrend Axe","Blightrend Sekera"
"StaticItemNames.axeNames[425]","Axe of the Thornlands","Sekera Thornlands"
"StaticItemNames.axeNames[426]","Steelcleave","Ocelový sekáč"
"StaticItemNames.axeNames[427]","The Bonechomp","Bonechomp"
"StaticItemNames.axeNames[428]","Axe of the Dire Wolf","Sekera Hrozivý Vlka"
"StaticItemNames.axeNames[429]","Volcancleave","Sopečný sekáč"
"StaticItemNames.axeNames[430]","Gnasher","Skřípač"
"StaticItemNames.axeNames[431]","The Riftchopper","Riftchopper"
"StaticItemNames.axeNames[432]","Axe of the Whirlwind","Sekera Whirlwind"
"StaticItemNames.axeNames[433]","Ironbite Hatchet","Železný kousnutí Sekyrka"
"StaticItemNames.axeNames[434]","Desolation Axe","Desolation Sekera"
"StaticItemNames.axeNames[435]","The Timberwolf","Timberwolf"
"StaticItemNames.axeNames[436]","Axe of the Cinderlands","Sekera Cinderlands"
"StaticItemNames.axeNames[437]","Duskgrinder","Soumračný drtič"
"StaticItemNames.axeNames[438]","Mountaincleave","Horský sekáč"
"StaticItemNames.axeNames[439]","The Lacerator","Lacerator"
"StaticItemNames.axeNames[440]","Axe of the Wailing Dark","Sekera Wailing Temný"
"StaticItemNames.axeNames[441]","Gorebound Hatchet","Gorebound Sekyrka"
"StaticItemNames.axeNames[442]","Ruinmaker","Ničitel"
"StaticItemNames.axeNames[443]","The Gravel Fang","Gravel Tesák"
"StaticItemNames.axeNames[444]","Axe of the Scarlet Dawn","Sekera Scarlet Úsvitu"
"StaticItemNames.axeNames[445]","Blightwood Hatchet","Blightwood Sekyrka"
"StaticItemNames.axeNames[446]","Gloomfang","Pochmurný tesák"
"StaticItemNames.axeNames[447]","The Tusk Chopper","Kel Sekáč"
"StaticItemNames.axeNames[448]","Axe of the Grey Wolf","Sekera Grey Vlka"
"StaticItemNames.axeNames[449]","Steelfury Hatchet","Steelfury Sekyrka"
"StaticItemNames.axeNames[450]","Dreadwood Axe","Dreadwood Sekera"
"StaticItemNames.axeNames[451]","The Bone Render","Kost Render"
"StaticItemNames.axeNames[452]","Axe of the Burning Sands","Sekera Hořící Sands"
"StaticItemNames.axeNames[453]","Nightbark","Noční kůra"
"StaticItemNames.axeNames[454]","Chaosgrind","Chaotický brousek"
"StaticItemNames.axeNames[455]","The Wolfsbite","Wolfsbite"
"StaticItemNames.axeNames[456]","Axe of the Sundered Peak","Sekera Sundered Peak"
"StaticItemNames.axeNames[457]","Ashcleave","Popelový sekáč"
"StaticItemNames.axeNames[458]","Blazeborn Hatchet","Blazeborn Sekyrka"
"StaticItemNames.axeNames[459]","Axe of the Barren Throne","Sekera Barren Trůnu"
"StaticItemNames.axeNames[460]","Stormgrind","Bouřný brousek"
"StaticItemNames.axeNames[461]","The Warborn Edge","Warborn Ostří"
"StaticItemNames.axeNames[462]","Ironsplit Axe","Ironsplit Sekera"
"StaticItemNames.axeNames[463]","Axe of the Shattered Gate","Sekera Roztříštěný Brány"
"StaticItemNames.axeNames[464]","Emberstorm Hatchet","Žhavý uhlík bouřný Sekyrka"
"StaticItemNames.axeNames[465]","Voidfang Axe","Prázdnotný tesák Sekera"
"StaticItemNames.axeNames[466]","The Carver of Kings","Řezač Kings"
"StaticItemNames.axeNames[467]","Axe of the Hollow Mountain","Sekera Prázdného Hora"
"StaticItemNames.axeNames[468]","Grimfire Axe","Ponurý ohnivý Sekera"
"StaticItemNames.axeNames[469]","Bonestorm Hatchet","Kost bouřný Sekyrka"
"StaticItemNames.axeNames[470]","The Rusted Fang","Rusted Tesák"
"StaticItemNames.axeNames[471]","Axe of the Savage Throne","Sekera Divoký Trůnu"
"StaticItemNames.axeNames[472]","Dawnbreaker Axe","Lamič úsvitu Sekera"
"StaticItemNames.axeNames[473]","Frostgrind","Mrazivý brousek"
"StaticItemNames.axeNames[474]","The Warhound's Bite","Kousnutí Warhound"
"StaticItemNames.axeNames[475]","Axe of the Blood Moon","Sekera Krve Měsíce"
"StaticItemNames.axeNames[476]","Shadowgrind","Stínový brousek"
"StaticItemNames.axeNames[477]","Flamebark Hatchet","Plamenný kůra Sekyrka"
"StaticItemNames.axeNames[478]","The Oathbreaker","Porušitel přísahy"
"StaticItemNames.axeNames[479]","Axe of the Lost King","Sekera Ztraceného Krále"
"StaticItemNames.axeNames[480]","Nethergrind","Pekelný brousek"
"StaticItemNames.axeNames[481]","Voidchopper","Prázdnotný sekáč"
"StaticItemNames.axeNames[482]","The Mountain's Wrath","Hněv Hora"
"StaticItemNames.axeNames[483]","Axe of the Direwood","Sekera Direwood"
"StaticItemNames.axeNames[484]","Stonecarver","Kamenný řezbář"
"StaticItemNames.axeNames[485]","Galecleave","Větrný sekáč"
"StaticItemNames.axeNames[486]","The Wolfhound's Edge","Ostří Wolfhound"
"StaticItemNames.axeNames[487]","Axe of the Frozen Gate","Sekera Zmrzlý Brány"
"StaticItemNames.axeNames[488]","Brimstone Hatchet","Síra Sekyrka"
"StaticItemNames.axeNames[489]","Nightchopper","Noční sekáč"
"StaticItemNames.axeNames[490]","The Berserker's Maw","Tlama Berserkera"
"StaticItemNames.axeNames[491]","Axe of the Ember Crown","Sekera Žhavý uhlík Crown"
"StaticItemNames.axeNames[492]","Doomgrind Hatchet","Drtič zkázy Sekyrka"
"StaticItemNames.axeNames[493]","Frostwood Axe","Frostwood Sekera"
"StaticItemNames.axeNames[494]","The Crimson Splitter","Karmínový Štípač"
"StaticItemNames.axeNames[495]","Axe of the Silent Forest","Sekera Tichý Forest"
"StaticItemNames.axeNames[496]","Wargrim Hatchet","Válečný ponurý Sekyrka"
"StaticItemNames.axeNames[497]","Blazewood Axe","Blazewood Sekera"
"StaticItemNames.axeNames[498]","The Northern Cleave","Severní Sekání"
"StaticItemNames.axeNames[499]","Sundering Crescent","Sundering Srpek"
"StaticItemNames.bootsNames[0]","Windwalkers","Větrochodci"
"StaticItemNames.bootsNames[1]","Stormtreads","Bouřný boty"
"StaticItemNames.bootsNames[2]","The Wanderer","Wanderer"
"StaticItemNames.bootsNames[3]","Ironfoot","Železná noha"
"StaticItemNames.bootsNames[4]","Boots of the Nomad","Boty Nomad"
"StaticItemNames.bootsNames[5]","Voidstep","Prázdnotný krok"
"StaticItemNames.bootsNames[6]","Duskwalkers","Soumrační chodci"
"StaticItemNames.bootsNames[7]","The Drifter","Drifter"
"StaticItemNames.bootsNames[8]","Boots of Fury","Boty Zuřivost"
"StaticItemNames.bootsNames[9]","Starfall Boots","Hvězdný pád Boty"
"StaticItemNames.bootsNames[10]","Thorntreads","Trn boty"
"StaticItemNames.bootsNames[11]","Whisperwalkers","Šeptaví chodci"
"StaticItemNames.bootsNames[12]","The Roamer","Roamer"
"StaticItemNames.bootsNames[13]","Boots of Ruin","Boty Zkázy"
"StaticItemNames.bootsNames[14]","Nightwalkers","Noční chodci"
"StaticItemNames.bootsNames[15]","Skullstep","Lebkový krok"
"StaticItemNames.bootsNames[16]","The Vagabond","Vagabond"
"StaticItemNames.bootsNames[17]","Boots of Embers","Boty Žhavých uhlíků"
"StaticItemNames.bootsNames[18]","Irontreads","Železný boty"
"StaticItemNames.bootsNames[19]","Dreadstep","Děsivý krok"
"StaticItemNames.bootsNames[20]","The Pilgrim","Pilgrim"
"StaticItemNames.bootsNames[21]","Boots of the Fallen","Boty Padlého"
"StaticItemNames.bootsNames[22]","Shadowtreads","Stínový boty"
"StaticItemNames.bootsNames[23]","Flameward Boots","Flameward Boty"
"StaticItemNames.bootsNames[24]","The Ironpath","Ironpath"
"StaticItemNames.bootsNames[25]","Stormwalkers","Bouřní chodci"
"StaticItemNames.bootsNames[26]","Warboots","Válečný boty"
"StaticItemNames.bootsNames[27]","Boots of Twilight","Boty Soumraku"
"StaticItemNames.bootsNames[28]","The Harbinger Boots","Předzvěst Boty"
"StaticItemNames.bootsNames[29]","Frostwalkers","Mrazochodci"
"StaticItemNames.bootsNames[30]","Boots of Eternity","Boty Věčnosti"
"StaticItemNames.bootsNames[31]","Crimson Treads","Karmínový Boty"
"StaticItemNames.bootsNames[32]","The Strider","Kráčeč"
"StaticItemNames.bootsNames[33]","Moonwalkers","Měsíční chodci"
"StaticItemNames.bootsNames[34]","Dawnguard Boots","Stráž úsvitu Boty"
"StaticItemNames.bootsNames[35]","Sabatons of Ruin","Sabatony Zkázy"
"StaticItemNames.bootsNames[36]","The Tyrant Boots","Tyran Boty"
"StaticItemNames.bootsNames[37]","Ashwalkers","Popelavý chodci"
"StaticItemNames.bootsNames[38]","Boots of the Hollow","Boty Prázdného"
"StaticItemNames.bootsNames[39]","Swiftfoot","Hbitá noha"
"StaticItemNames.bootsNames[40]","The Pathfinder","Pathfinder"
"StaticItemNames.bootsNames[41]","Voidwalkers","Chodci prázdnoty"
"StaticItemNames.bootsNames[42]","Boots of Thorns","Boty Trnů"
"StaticItemNames.bootsNames[43]","Ironboots","Železný boty"
"StaticItemNames.bootsNames[44]","The Leviathan Boots","Leviatan Boty"
"StaticItemNames.bootsNames[45]","Boots of Wrath","Boty Hněvu"
"StaticItemNames.bootsNames[46]","Dusktreads","Soumračný boty"
"StaticItemNames.bootsNames[47]","Flametreads","Plamenný boty"
"StaticItemNames.bootsNames[48]","The Revenant Boots","Revenant Boty"
"StaticItemNames.bootsNames[49]","Stormtread Boots","Stormtread Boty"
"StaticItemNames.bootsNames[50]","Boots of the Abyss","Boty Propasti"
"StaticItemNames.bootsNames[51]","Nighttreads","Noční boty"
"StaticItemNames.bootsNames[52]","The Sentinel Boots","Sentinel Boty"
"StaticItemNames.bootsNames[53]","Boots of Dawn","Boty Úsvitu"
"StaticItemNames.bootsNames[54]","Wartreads","Válečný boty"
"StaticItemNames.bootsNames[55]","Shadowwalkers","Stínoví chodci"
"StaticItemNames.bootsNames[56]","The Monolith Boots","Monolit Boty"
"StaticItemNames.bootsNames[57]","Boots of Iron","Boty Železa"
"StaticItemNames.bootsNames[58]","Frostguard Boots","Mrazová stráž Boty"
"StaticItemNames.bootsNames[59]","The Phantom Boots","Přízrak Boty"
"StaticItemNames.bootsNames[60]","Bloodwalkers","Krvaví chodci"
"StaticItemNames.bootsNames[61]","Boots of the Warden","Boty Strážce"
"StaticItemNames.bootsNames[62]","Thunderwalkers","Hromoví chodci"
"StaticItemNames.bootsNames[63]","The Titan Boots","Titán Boty"
"StaticItemNames.bootsNames[64]","Ashtreads","Popelavý boty"
"StaticItemNames.bootsNames[65]","Boots of Valor","Boty Udatnosti"
"StaticItemNames.bootsNames[66]","Dreadtreads","Děsivé podrážky"
"StaticItemNames.bootsNames[67]","The Colossus Boots","Kolos Boty"
"StaticItemNames.bootsNames[68]","Boots of Silence","Boty Ticha"
"StaticItemNames.bootsNames[69]","Moontreads","Měsíční boty"
"StaticItemNames.bootsNames[70]","Starwalkers","Hvězdný chodci"
"StaticItemNames.bootsNames[71]","The Crusader Boots","Křižák Boty"
"StaticItemNames.bootsNames[72]","Ironwalkers","Železní chodci"
"StaticItemNames.bootsNames[73]","Boots of the Storm","Boty Bouře"
"StaticItemNames.bootsNames[74]","Voidtreads","Prázdnotný boty"
"StaticItemNames.bootsNames[75]","The Fortress Boots","Pevnost Boty"
"StaticItemNames.bootsNames[76]","Boots of Defiance","Boty Vzdoru"
"StaticItemNames.bootsNames[77]","Nightguard Boots","Noční stráž Boty"
"StaticItemNames.bootsNames[78]","Flameguard Boots","Plamenná stráž Boty"
"StaticItemNames.bootsNames[79]","The Bulwark Boots","Bašta Boty"
"StaticItemNames.bootsNames[80]","Duskguard Boots","Soumračná stráž Boty"
"StaticItemNames.bootsNames[81]","Boots of the Void","Boty Prázdnoty"
"StaticItemNames.bootsNames[82]","Thundertreads","Hromový boty"
"StaticItemNames.bootsNames[83]","The Dominator Boots","Dominátor Boty"
"StaticItemNames.bootsNames[84]","Boots of Ashes","Boty Popela"
"StaticItemNames.bootsNames[85]","Frosttreads","Mrazový boty"
"StaticItemNames.bootsNames[86]","Warsabatons","Válečný sabatony"
"StaticItemNames.bootsNames[87]","The Paladin Boots","Paladin Boty"
"StaticItemNames.bootsNames[88]","Shadowguard Boots","Stínová stráž Boty"
"StaticItemNames.bootsNames[89]","Boots of the Phoenix","Boty Fénixe"
"StaticItemNames.bootsNames[90]","Crimson Walkers","Karmínový Chodci"
"StaticItemNames.bootsNames[91]","The Champion Boots","Šampion Boty"
"StaticItemNames.bootsNames[92]","Ashguard Boots","Popelavá stráž Boty"
"StaticItemNames.bootsNames[93]","Boots of Night","Boty Noci"
"StaticItemNames.bootsNames[94]","Doomwalkers","Zkáza chodci"
"StaticItemNames.bootsNames[95]","The Warbringer Boots","Válečný zvěstovatel Boty"
"StaticItemNames.bootsNames[96]","Boots of the Fallen King","Boty Padlého Krále"
"StaticItemNames.bootsNames[97]","Stormguard Boots","Bouřná stráž Boty"
"StaticItemNames.bootsNames[98]","Ironsabatons","Železný sabatony"
"StaticItemNames.bootsNames[99]","The Overlord Boots","Vládce Boty"
"StaticItemNames.bootsNames[100]","Bloodtreads","Krvavý boty"
"StaticItemNames.bootsNames[101]","Boots of Lost Ruin","Boty Ztraceného Zkázy"
"StaticItemNames.bootsNames[102]","Moonguard Boots","Měsíční stráž Boty"
"StaticItemNames.bootsNames[103]","The Paragon Boots","Vzor Boty"
"StaticItemNames.bootsNames[104]","Boots of Dominion","Boty Nadvlády"
"StaticItemNames.bootsNames[105]","Dawnwalkers","Úsvitový chodci"
"StaticItemNames.bootsNames[106]","Voidstep Boots","Voidstep Boty"
"StaticItemNames.bootsNames[107]","The Sovereign Boots","Suverén Boty"
"StaticItemNames.bootsNames[108]","Frostwalker Boots","Mrazový chodec Boty"
"StaticItemNames.bootsNames[109]","Boots of the Lost","Boty Ztraceného"
"StaticItemNames.bootsNames[110]","Thunderguard Boots","Hromová stráž Boty"
"StaticItemNames.bootsNames[111]","The Conqueror Boots","Dobyvatel Boty"
"StaticItemNames.bootsNames[112]","Boots of Fire","Boty Ohně"
"StaticItemNames.bootsNames[113]","Nightwalker Boots","Noční chodec Boty"
"StaticItemNames.bootsNames[114]","Ashwalker Boots","Popelavý chodec Boty"
"StaticItemNames.bootsNames[115]","The Avenger Boots","Mstitel Boty"
"StaticItemNames.bootsNames[116]","Boots of Frost","Boty Mrazu"
"StaticItemNames.bootsNames[117]","Warwalker Boots","Válečný chodec Boty"
"StaticItemNames.bootsNames[118]","Flamesabatons","Plamenný sabatony"
"StaticItemNames.bootsNames[119]","The Archon Boots","Archon Boty"
"StaticItemNames.bootsNames[120]","Boots of the Archon","Boty Archonta"
"StaticItemNames.bootsNames[121]","Duskwalker Boots","Soumračný chodec Boty"
"StaticItemNames.bootsNames[122]","Shadowwalker Boots","Stínový chodec Boty"
"StaticItemNames.bootsNames[123]","The Praetorian Boots","Pretorián Boty"
"StaticItemNames.bootsNames[124]","Boots of the Damned","Boty Zatraceného"
"StaticItemNames.bootsNames[125]","Ironwalkers of Valor","Železní chodci Udatnosti"
"StaticItemNames.bootsNames[126]","Stormwalker Boots","Bouřný chodec Boty"
"StaticItemNames.bootsNames[127]","The Zealot Boots","Zealot Boty"
"StaticItemNames.bootsNames[128]","Boots of the Zealot","Boty Fanatika"
"StaticItemNames.bootsNames[129]","Moonwalker Boots","Měsíční chodec Boty"
"StaticItemNames.bootsNames[130]","Voidguard Boots","Stráž prázdnoty Boty"
"StaticItemNames.bootsNames[131]","The Centurion Boots","Centurion Boty"
"StaticItemNames.bootsNames[132]","Boots of Midnight","Boty Půlnoci"
"StaticItemNames.bootsNames[133]","Dreadwalker Boots","Dreadwalker Boty"
"StaticItemNames.bootsNames[134]","Frostguard Treads","Mrazová stráž Boty"
"StaticItemNames.bootsNames[135]","The Berserker Boots","Berserker Boty"
"StaticItemNames.bootsNames[136]","Boots of Thunder","Boty Hromu"
"StaticItemNames.bootsNames[137]","Warguard Boots","Válečná stráž Boty"
"StaticItemNames.bootsNames[138]","Moonsabatons","Měsíční sabatony"
"StaticItemNames.bootsNames[139]","The Inquisitor Boots","Inkvizitor Boty"
"StaticItemNames.bootsNames[140]","Boots of the Crusade","Boty Křížové výpravy"
"StaticItemNames.bootsNames[141]","Bloodwalker Boots","Krvavý chodec Boty"
"StaticItemNames.bootsNames[142]","Voidsabatons","Prázdnotný sabatony"
"StaticItemNames.bootsNames[143]","The Gladiator Boots","Gladiátor Boty"
"StaticItemNames.bootsNames[144]","Boots of the Overlord","Boty Vládce"
"StaticItemNames.bootsNames[145]","Dusksabatons","Soumračný sabatony"
"StaticItemNames.bootsNames[146]","Flameguard Treads","Plamenná stráž Boty"
"StaticItemNames.bootsNames[147]","The Exarch Boots","Exarcha Boty"
"StaticItemNames.bootsNames[148]","Boots of the Exarch","Boty Exarchy"
"StaticItemNames.bootsNames[149]","Stormsabatons","Bouřný sabatony"
"StaticItemNames.bootsNames[150]","Doomguard Boots","Stráž zkázy Boty"
"StaticItemNames.bootsNames[151]","The Vindicator Boots","Mstitel Boty"
"StaticItemNames.bootsNames[152]","Boots of the Dreadlord","Boty Pána hrůzy"
"StaticItemNames.bootsNames[153]","Frostsabatons","Mrazový sabatony"
"StaticItemNames.bootsNames[154]","Bloodsabatons","Krvavý sabatony"
"StaticItemNames.bootsNames[155]","The Scion Boots","Dědic Boty"
"StaticItemNames.bootsNames[156]","Boots of Stars","Boty Hvězd"
"StaticItemNames.bootsNames[157]","Wartreads of Dawn","Válečný boty Úsvitu"
"StaticItemNames.bootsNames[158]","Thundersabatons","Hromový sabatony"
"StaticItemNames.bootsNames[159]","The Eidolon Boots","Eidolon Boty"
"StaticItemNames.bootsNames[160]","Boots of the Wyrm","Boty Wyrma"
"StaticItemNames.bootsNames[161]","Irontreads of Ruin","Železný boty Zkázy"
"StaticItemNames.bootsNames[162]","Flameguard Walkers","Plamenná stráž Chodci"
"StaticItemNames.bootsNames[163]","The Hellknight Boots","Hellknight Boty"
"StaticItemNames.bootsNames[164]","Boots of the Hellion","Boty Pekelníka"
"StaticItemNames.bootsNames[165]","Frostguard Walkers","Mrazová stráž Chodci"
"StaticItemNames.bootsNames[166]","Shadowwalkers of Night","Stínoví chodci Noci"
"StaticItemNames.bootsNames[167]","The Oathkeeper Boots","Strážce přísahy Boty"
"StaticItemNames.bootsNames[168]","Boots of the Oath","Boty Přísahy"
"StaticItemNames.bootsNames[169]","Bloodguard Boots","Krvavá stráž Boty"
"StaticItemNames.bootsNames[170]","Thunderwalkers of Ash","Hromoví chodci Popelavý"
"StaticItemNames.bootsNames[171]","The Taskmaster Boots","Dozorce Boty"
"StaticItemNames.bootsNames[172]","Boots of the Runekeeper","Boty Strážce run"
"StaticItemNames.bootsNames[173]","Warwalkers of Dawn","Váleční chodci Úsvitu"
"StaticItemNames.bootsNames[174]","Doomwalker Boots","Zkáza chodec Boty"
"StaticItemNames.bootsNames[175]","The Stormcaller Boots","Vyvolávač bouří Boty"
"StaticItemNames.bootsNames[176]","Boots of Storms","Boty Bouří"
"StaticItemNames.bootsNames[177]","Duskwalkers of Ruin","Soumrační chodci Zkázy"
"StaticItemNames.bootsNames[178]","Nightguard Treads","Noční stráž Boty"
"StaticItemNames.bootsNames[179]","The Firelord Boots","Firelord Boty"
"StaticItemNames.bootsNames[180]","Boots of Flame","Boty Plamene"
"StaticItemNames.bootsNames[181]","Crimson Walker Boots","Karmínový Chodec Boty"
"StaticItemNames.bootsNames[182]","Voidwalkers of Night","Chodci prázdnoty Noci"
"StaticItemNames.bootsNames[183]","The Frostlord Boots","Pán mrazu Boty"
"StaticItemNames.bootsNames[184]","Boots of the Frostlord","Boty Pána mrazu"
"StaticItemNames.bootsNames[185]","Irontreads of Night","Železný boty Noci"
"StaticItemNames.bootsNames[186]","Flamewalkers of Ash","Plamenní chodci Popelavý"
"StaticItemNames.bootsNames[187]","The Stormlord Boots","Pán bouří Boty"
"StaticItemNames.bootsNames[188]","Boots of the Stormlord","Boty Pána bouří"
"StaticItemNames.bootsNames[189]","Starwalker Boots","Hvězdný chodec Boty"
"StaticItemNames.bootsNames[190]","Dawnguard Treads","Stráž úsvitu Boty"
"StaticItemNames.bootsNames[191]","The Doomsayer Boots","Zvěstovatel zkázy Boty"
"StaticItemNames.bootsNames[192]","Boots of the Doomsayer","Boty Zvěstovatele zkázy"
"StaticItemNames.bootsNames[193]","Bloodwalkers of Night","Krvaví chodci Noci"
"StaticItemNames.bootsNames[194]","Shadowguard Treads","Stínová stráž Boty"
"StaticItemNames.bootsNames[195]","The Stalker Boots","Stopař Boty"
"StaticItemNames.bootsNames[196]","Boots of the Stalker","Boty Stopaře"
"StaticItemNames.bootsNames[197]","Thunderwalkers of Ruin","Hromoví chodci Zkázy"
"StaticItemNames.bootsNames[198]","Warwalkers of Night","Váleční chodci Noci"
"StaticItemNames.bootsNames[199]","The Demonboots","Demonboots"
"StaticItemNames.bootsNames[200]","Boots of Demons","Boty Démonů"
"StaticItemNames.bootsNames[201]","Frostwalkers of Ruin","Mrazochodci Zkázy"
"StaticItemNames.bootsNames[202]","Ashwalkers of Dusk","Popelavý chodci Soumraku"
"StaticItemNames.bootsNames[203]","The Spiritguard Boots","Duch stráž Boty"
"StaticItemNames.bootsNames[204]","Boots of Spirits","Boty Duchů"
"StaticItemNames.bootsNames[205]","Moonwalkers of Valor","Měsíční chodci Udatnosti"
"StaticItemNames.bootsNames[206]","Voidwalkers of Ash","Chodci prázdnoty Popelavý"
"StaticItemNames.bootsNames[207]","The Ironclad Boots","Železný plát Boty"
"StaticItemNames.bootsNames[208]","Boots of the Ironclad","Boty Železný plát"
"StaticItemNames.bootsNames[209]","Stormwalkers of Night","Bouřní chodci Noci"
"StaticItemNames.bootsNames[210]","Doomsabatons","Zkáza sabatony"
"StaticItemNames.bootsNames[211]","The Nightlord Boots","Pán noci Boty"
"StaticItemNames.bootsNames[212]","Boots of the Nightlord","Boty Pán noci"
"StaticItemNames.bootsNames[213]","Crimson Sabatons","Karmínový Sabatony"
"StaticItemNames.bootsNames[214]","Dreadwalkers of Ruin","Dreadwalkers Zkázy"
"StaticItemNames.bootsNames[215]","The Fatebringer Boots","Fatebringer Boty"
"StaticItemNames.bootsNames[216]","Boots of Fate","Boty Osudu"
"StaticItemNames.bootsNames[217]","Nightwalkers of Ash","Noční chodci Popelavý"
"StaticItemNames.bootsNames[218]","Flamewalkers of Dawn","Plamenní chodci Úsvitu"
"StaticItemNames.bootsNames[219]","The Gravekeeper Boots","Strážce hrobu Boty"
"StaticItemNames.bootsNames[220]","Boots of the Grave","Boty Hrob"
"StaticItemNames.bootsNames[221]","Ironwalkers of Ruin","Železní chodci Zkázy"
"StaticItemNames.bootsNames[222]","Bloodwalkers of Fury","Krvaví chodci Zuřivost"
"StaticItemNames.bootsNames[223]","The Siegebreaker Boots","Lamač obléhání Boty"
"StaticItemNames.bootsNames[224]","Boots of the Siege","Boty Siege"
"StaticItemNames.bootsNames[225]","Duskwalkers of Night","Soumrační chodci Noci"
"StaticItemNames.bootsNames[226]","Thunderguard Treads","Hromová stráž Boty"
"StaticItemNames.bootsNames[227]","The Runelord Boots","Runelord Boty"
"StaticItemNames.bootsNames[228]","Boots of Runes","Boty Runes"
"StaticItemNames.bootsNames[229]","Ashwalkers of Night","Popelavý chodci Noci"
"StaticItemNames.bootsNames[230]","Starwalkers of Night","Hvězdný chodci Noci"
"StaticItemNames.bootsNames[231]","The Dreadseer Boots","Věštec hrůzy Boty"
"StaticItemNames.bootsNames[232]","Boots of the Dreadseer","Boty Věštec hrůzy"
"StaticItemNames.bootsNames[233]","Moontreads of Valor","Měsíční boty Udatnosti"
"StaticItemNames.bootsNames[234]","Warguard Treads","Válečná stráž Boty"
"StaticItemNames.bootsNames[235]","The Steelwarden Boots","Steelwarden Boty"
"StaticItemNames.bootsNames[236]","Boots of Steel","Boty Ocel"
"StaticItemNames.bootsNames[237]","Frostwalkers of Night","Mrazochodci Noci"
"StaticItemNames.bootsNames[238]","Shadowwalkers of Ruin","Stínoví chodci Zkázy"
"StaticItemNames.bootsNames[239]","The Bonekeeper Boots","Bonekeeper Boty"
"StaticItemNames.bootsNames[240]","Boots of the Bonekeeper","Boty Bonekeeper"
"StaticItemNames.bootsNames[241]","Stormguard Treads","Bouřná stráž Boty"
"StaticItemNames.bootsNames[242]","Voidwalkers of Fury","Chodci prázdnoty Zuřivost"
"StaticItemNames.bootsNames[243]","The Duskwarden Boots","Strážce soumraku Boty"
"StaticItemNames.bootsNames[244]","Boots of Dusk","Boty Soumraku"
"StaticItemNames.bootsNames[245]","Dawnwalkers of Valor","Úsvitový chodci Udatnosti"
"StaticItemNames.bootsNames[246]","Flameguard Sabatons","Plamenná stráž Sabatony"
"StaticItemNames.bootsNames[247]","The Lichguard Boots","Stráž liche Boty"
"StaticItemNames.bootsNames[248]","Boots of the Lich","Boty Liche"
"StaticItemNames.bootsNames[249]","Ironguard Treads","Železná stráž Boty"
"StaticItemNames.bootsNames[250]","Bloodguard Treads","Krvavá stráž Boty"
"StaticItemNames.bootsNames[251]","The Soulkeeper Boots","Soulkeeper Boty"
"StaticItemNames.bootsNames[252]","Boots of Souls","Boty Duší"
"StaticItemNames.bootsNames[253]","Thunderwalkers of Valor","Hromoví chodci Udatnosti"
"StaticItemNames.bootsNames[254]","Nightwalkers of Dusk","Noční chodci Soumraku"
"StaticItemNames.bootsNames[255]","The Ebonboots","Ebonboots"
"StaticItemNames.bootsNames[256]","Boots of Ebony","Boty Ebenový"
"StaticItemNames.bootsNames[257]","Ashwalkers of Valor","Popelavý chodci Udatnosti"
"StaticItemNames.bootsNames[258]","Dreadguard Boots","Stráž hrůzy Boty"
"StaticItemNames.bootsNames[259]","The Tombkeeper Boots","Strážce hrobky Boty"
"StaticItemNames.bootsNames[260]","Boots of the Tomb","Boty Hrobka"
"StaticItemNames.bootsNames[261]","Doomguard Treads","Stráž zkázy Boty"
"StaticItemNames.bootsNames[262]","Crimson Footguard","Karmínový Footguard"
"StaticItemNames.bootsNames[263]","The Dawnwarden Boots","Strážce úsvitu Boty"
"StaticItemNames.bootsNames[264]","Boots of the Dawnwarden","Boty Strážce úsvitu"
"StaticItemNames.bootsNames[265]","Wartreads of Night","Válečný boty Noci"
"StaticItemNames.bootsNames[266]","Frostguard Sabatons","Mrazová stráž Sabatony"
"StaticItemNames.bootsNames[267]","The Stargazer Boots","Hvězdář Boty"
"StaticItemNames.bootsNames[268]","Boots of the Stargazer","Boty Hvězdář"
"StaticItemNames.bootsNames[269]","Moonguard Treads","Měsíční stráž Boty"
"StaticItemNames.bootsNames[270]","Shadowguard Sabatons","Stínová stráž Sabatony"
"StaticItemNames.bootsNames[271]","The Abyssal Boots","Propastný Boty"
"StaticItemNames.bootsNames[272]","Boots of the Abyssal","Boty Propastný"
"StaticItemNames.bootsNames[273]","Ironheart Boots","Železný srdce Boty"
"StaticItemNames.bootsNames[274]","Ashguard Treads","Popelavá stráž Boty"
"StaticItemNames.bootsNames[275]","The Dragon Boots","Drak Boty"
"StaticItemNames.bootsNames[276]","Boots of Dragons","Boty Draci"
"StaticItemNames.bootsNames[277]","Stormwalkers of Valor","Bouřní chodci Udatnosti"
"StaticItemNames.bootsNames[278]","Voidguard Treads","Stráž prázdnoty Boty"
"StaticItemNames.bootsNames[279]","The Wyvern Boots","Wyverna Boty"
"StaticItemNames.bootsNames[280]","Boots of the Wyvern","Boty Wyverny"
"StaticItemNames.bootsNames[281]","Thunderwalkers of Dawn","Hromoví chodci Úsvitu"
"StaticItemNames.bootsNames[282]","Dawnguard Sabatons","Stráž úsvitu Sabatony"
"StaticItemNames.bootsNames[283]","The Golem Boots","Golem Boty"
"StaticItemNames.bootsNames[284]","Boots of the Golem","Boty Golema"
"StaticItemNames.bootsNames[285]","Frostwalkers of Valor","Mrazochodci Udatnosti"
"StaticItemNames.bootsNames[286]","Bloodguard Sabatons","Krvavá stráž Sabatony"
"StaticItemNames.bootsNames[287]","The Valor Boots","Udatnost Boty"
"StaticItemNames.bootsNames[288]","Boots of Eternity Lost","Boty Věčnosti Ztraceného"
"StaticItemNames.bootsNames[289]","Warwalkers of Valor","Váleční chodci Udatnosti"
"StaticItemNames.bootsNames[290]","Doomguard Sabatons","Stráž zkázy Sabatony"
"StaticItemNames.bootsNames[291]","The Shadowbane Boots","Stínový zhoubce Boty"
"StaticItemNames.bootsNames[292]","Boots of the Shadowbane","Boty Stínu zhoubce"
"StaticItemNames.bootsNames[293]","Nightguard Sabatons","Noční stráž Sabatony"
"StaticItemNames.bootsNames[294]","Flameguard of Valor","Plamenná stráž Udatnosti"
"StaticItemNames.bootsNames[295]","The Dawnbreaker Boots","Lamič úsvitu Boty"
"StaticItemNames.bootsNames[296]","Boots of Dawning","Boty Svítající"
"StaticItemNames.bootsNames[297]","Crimson Ironboots","Karmínový Železný boty"
"StaticItemNames.bootsNames[298]","Moonguard Sabatons","Měsíční stráž Sabatony"
"StaticItemNames.bootsNames[299]","The Stonewall Boots","Kamenná zeď Boty"
"StaticItemNames.bootsNames[300]","Boots of Stone","Boty Kámen"
"StaticItemNames.bootsNames[301]","Duskguard Sabatons","Soumračná stráž Sabatony"
"StaticItemNames.bootsNames[302]","Ashwalkers of Dawn","Popelavý chodci Úsvitu"
"StaticItemNames.bootsNames[303]","The Mythril Boots","Mytril Boty"
"StaticItemNames.bootsNames[304]","Boots of Mythril","Boty Mytril"
"StaticItemNames.bootsNames[305]","Stormwalkers of Ruin","Bouřní chodci Zkázy"
"StaticItemNames.bootsNames[306]","Ironguard Sabatons","Železná stráž Sabatony"
"StaticItemNames.bootsNames[307]","The Adamantine Boots","Adamantinový Boty"
"StaticItemNames.bootsNames[308]","Boots of Adamant","Boty Neoblomný"
"StaticItemNames.bootsNames[309]","Voidwalkers of Valor","Chodci prázdnoty Udatnosti"
"StaticItemNames.bootsNames[310]","Thunderguard Sabatons","Hromová stráž Sabatony"
"StaticItemNames.bootsNames[311]","The Dreadnought Boots","Dreadnought Boty"
"StaticItemNames.bootsNames[312]","Boots of the Dreadnought","Boty Dreadnought"
"StaticItemNames.bootsNames[313]","Frostguard of Dawn","Mrazová stráž Úsvitu"
"StaticItemNames.bootsNames[314]","Warguard Sabatons","Válečná stráž Sabatony"
"StaticItemNames.bootsNames[315]","The Invincible Boots","Neporazitelný Boty"
"StaticItemNames.bootsNames[316]","Boots of the Invincible","Boty Neporazitelný"
"StaticItemNames.bootsNames[317]","Bloodwalkers of Valor","Krvaví chodci Udatnosti"
"StaticItemNames.bootsNames[318]","Shadowwalkers of Valor","Stínoví chodci Udatnosti"
"StaticItemNames.bootsNames[319]","The Immortal Boots","Nesmrtelný Boty"
"StaticItemNames.bootsNames[320]","Boots of the Immortal","Boty Nesmrtelný"
"StaticItemNames.bootsNames[321]","Nightwalkers of Valor","Noční chodci Udatnosti"
"StaticItemNames.bootsNames[322]","Doomwalkers of Night","Zkáza chodci Noci"
"StaticItemNames.bootsNames[323]","The Undying Boots","Neumírající Boty"
"StaticItemNames.bootsNames[324]","Boots of the Undying","Boty Neumírající"
"StaticItemNames.bootsNames[325]","Ashguard Sabatons","Popelavá stráž Sabatony"
"StaticItemNames.bootsNames[326]","Moonwalkers of Ruin","Měsíční chodci Zkázy"
"StaticItemNames.bootsNames[327]","The Eternal Boots","Věčný Boty"
"StaticItemNames.bootsNames[328]","Boots of the Eternal","Boty Věčný"
"StaticItemNames.bootsNames[329]","Stormguard Sabatons","Bouřná stráž Sabatony"
"StaticItemNames.bootsNames[330]","Dawnguard of Night","Stráž úsvitu Noci"
"StaticItemNames.bootsNames[331]","The Relentless Boots","Neúprosný Boty"
"StaticItemNames.bootsNames[332]","Boots of the Relentless","Boty Neúprosný"
"StaticItemNames.bootsNames[333]","Ironwalkers of Night","Železní chodci Noci"
"StaticItemNames.bootsNames[334]","Flameguard of Night","Plamenná stráž Noci"
"StaticItemNames.bootsNames[335]","The Unbreakable Boots","Nezlomný Boty"
"StaticItemNames.bootsNames[336]","Boots of the Unbreakable","Boty Nezlomný"
"StaticItemNames.bootsNames[337]","Frostwalkers of Dawn","Mrazochodci Úsvitu"
"StaticItemNames.bootsNames[338]","Thunderwalkers of Night","Hromoví chodci Noci"
"StaticItemNames.bootsNames[339]","The Steadfast Boots","Neochvějný Boty"
"StaticItemNames.bootsNames[340]","Boots of the Steadfast","Boty Neochvějný"
"StaticItemNames.bootsNames[341]","Voidwalkers of Ruin","Chodci prázdnoty Zkázy"
"StaticItemNames.bootsNames[342]","Warwalkers of Ash","Váleční chodci Popelavý"
"StaticItemNames.bootsNames[343]","The Resolute Boots","Odhodlaný Boty"
"StaticItemNames.bootsNames[344]","Boots of the Resolute","Boty Odhodlaný"
"StaticItemNames.bootsNames[345]","Bloodguard of Dawn","Krvavá stráž Úsvitu"
"StaticItemNames.bootsNames[346]","Shadowguard of Ruin","Stínová stráž Zkázy"
"StaticItemNames.bootsNames[347]","The Unyielding Boots","Nezdolný Boty"
"StaticItemNames.bootsNames[348]","Boots of the Unyielding","Boty Nezdolný"
"StaticItemNames.bootsNames[349]","Duskwalkers of Valor","Soumrační chodci Udatnosti"
"StaticItemNames.bootsNames[350]","Nightguard of Valor","Noční stráž Udatnosti"
"StaticItemNames.bootsNames[351]","The Stalwart Boots","Pevný Boty"
"StaticItemNames.bootsNames[352]","Boots of the Stalwart","Boty Pevný"
"StaticItemNames.bootsNames[353]","Crimson Warboots","Karmínový Válečný boty"
"StaticItemNames.bootsNames[354]","Ashwalkers of Ruin","Popelavý chodci Zkázy"
"StaticItemNames.bootsNames[355]","The Dauntless Boots","Neohrožený Boty"
"StaticItemNames.bootsNames[356]","Boots of the Dauntless","Boty Neohrožený"
"StaticItemNames.bootsNames[357]","Moonguard of Ruin","Měsíční stráž Zkázy"
"StaticItemNames.bootsNames[358]","Doomguard of Night","Stráž zkázy Noci"
"StaticItemNames.bootsNames[359]","The Defiant Boots","Vzdorný Boty"
"StaticItemNames.bootsNames[360]","Boots of the Defiant","Boty Vzdorný"
"StaticItemNames.bootsNames[361]","Stormwalkers of Dawn","Bouřní chodci Úsvitu"
"StaticItemNames.bootsNames[362]","Ironguard of Dawn","Železná stráž Úsvitu"
"StaticItemNames.bootsNames[363]","The Gallant Boots","Statečný Boty"
"StaticItemNames.bootsNames[364]","Boots of the Gallant","Boty Statečný"
"StaticItemNames.bootsNames[365]","Frostguard of Valor","Mrazová stráž Udatnosti"
"StaticItemNames.bootsNames[366]","Thunderguard of Ruin","Hromová stráž Zkázy"
"StaticItemNames.bootsNames[367]","The Noble Boots","Vznešený Boty"
"StaticItemNames.bootsNames[368]","Boots of the Noble","Boty Vznešený"
"StaticItemNames.bootsNames[369]","Warguard of Valor","Válečná stráž Udatnosti"
"StaticItemNames.bootsNames[370]","Voidguard of Dawn","Stráž prázdnoty Úsvitu"
"StaticItemNames.bootsNames[371]","The Regal Boots","Královský Boty"
"StaticItemNames.bootsNames[372]","Boots of the Regal","Boty Královský"
"StaticItemNames.bootsNames[373]","Bloodguard of Night","Krvavá stráž Noci"
"StaticItemNames.bootsNames[374]","Flameguard of Ruin","Plamenná stráž Zkázy"
"StaticItemNames.bootsNames[375]","The Kingsboots","Kingsboots"
"StaticItemNames.bootsNames[376]","Boots of the King","Boty Krále"
"StaticItemNames.bootsNames[377]","Shadowguard of Dawn","Stínová stráž Úsvitu"
"StaticItemNames.bootsNames[378]","Duskguard of Night","Soumračná stráž Noci"
"StaticItemNames.bootsNames[379]","The Queensboots","Queensboots"
"StaticItemNames.bootsNames[380]","Boots of the Queen","Boty Královna"
"StaticItemNames.bootsNames[381]","Nightguard of Ruin","Noční stráž Zkázy"
"StaticItemNames.bootsNames[382]","Ashguard of Dawn","Popelavá stráž Úsvitu"
"StaticItemNames.bootsNames[383]","The Emperors Boots","Císaři Boty"
"StaticItemNames.bootsNames[384]","Boots of the Emperor","Boty Císaře"
"StaticItemNames.bootsNames[385]","Moonguard of Dawn","Měsíční stráž Úsvitu"
"StaticItemNames.bootsNames[386]","Stormguard of Night","Bouřná stráž Noci"
"StaticItemNames.bootsNames[387]","The Lordboots","Lordboots"
"StaticItemNames.bootsNames[388]","Boots of the Lord","Boty Pána"
"StaticItemNames.bootsNames[389]","Ironguard of Night","Železná stráž Noci"
"StaticItemNames.bootsNames[390]","Frostguard of Night","Mrazová stráž Noci"
"StaticItemNames.bootsNames[391]","The Warchief Boots","Warchief Boty"
"StaticItemNames.bootsNames[392]","Boots of the Warchief","Boty Warchief"
"StaticItemNames.bootsNames[393]","Bloodguard of Valor","Krvavá stráž Udatnosti"
"StaticItemNames.bootsNames[394]","Warwalkers of Dusk","Váleční chodci Soumraku"
"StaticItemNames.bootsNames[395]","The Imperious Boots","Panovačný Boty"
"StaticItemNames.bootsNames[396]","Boots of the Imperious","Boty Panovačný"
"StaticItemNames.bootsNames[397]","Shadowguard of Valor","Stínová stráž Udatnosti"
"StaticItemNames.bootsNames[398]","Doomguard of Dawn","Stráž zkázy Úsvitu"
"StaticItemNames.bootsNames[399]","The Radiant Boots","Zářivý Boty"
"StaticItemNames.bootsNames[400]","Boots of Radiance","Boty Záře"
"StaticItemNames.bootsNames[401]","Thunderguard of Valor","Hromová stráž Udatnosti"
"StaticItemNames.bootsNames[402]","Ashguard of Night","Popelavá stráž Noci"
"StaticItemNames.bootsNames[403]","The Sentinel Treads","Sentinel Boty"
"StaticItemNames.bootsNames[404]","Boots of the Sentinel","Boty Sentinela"
"StaticItemNames.bootsNames[405]","Moonguard of Valor","Měsíční stráž Udatnosti"
"StaticItemNames.bootsNames[406]","Nightguard of Dawn","Noční stráž Úsvitu"
"StaticItemNames.bootsNames[407]","The Warden Treads","Strážce Boty"
"StaticItemNames.bootsNames[408]","Boots of the Protector","Boty Ochránce"
"StaticItemNames.bootsNames[409]","Duskguard of Valor","Soumračná stráž Udatnosti"
"StaticItemNames.bootsNames[410]","Voidguard of Night","Stráž prázdnoty Noci"
"StaticItemNames.bootsNames[411]","The Protector Boots","Ochránce Boty"
"StaticItemNames.bootsNames[412]","Boots of the Vanguard","Boty Předvoj"
"StaticItemNames.bootsNames[413]","Flameguard of Dusk","Plamenná stráž Soumraku"
"StaticItemNames.bootsNames[414]","Stormguard of Dawn","Bouřná stráž Úsvitu"
"StaticItemNames.bootsNames[415]","The Aegis Boots","Aegis Boty"
"StaticItemNames.bootsNames[416]","Boots of the Aegis","Boty Aegis"
"StaticItemNames.bootsNames[417]","Ironguard of Valor","Železná stráž Udatnosti"
"StaticItemNames.bootsNames[418]","Frostguard of Dusk","Mrazová stráž Soumraku"
"StaticItemNames.bootsNames[419]","The Tempest Boots","Bouře Boty"
"StaticItemNames.bootsNames[420]","Boots of the Tempest","Boty Bouře"
"StaticItemNames.bootsNames[421]","Bloodguard of Ruin","Krvavá stráž Zkázy"
"StaticItemNames.bootsNames[422]","Warguard of Dawn","Válečná stráž Úsvitu"
"StaticItemNames.bootsNames[423]","The Vigilant Boots","Bdělý Boty"
"StaticItemNames.bootsNames[424]","Boots of the Vigilant","Boty Bdělý"
"StaticItemNames.bootsNames[425]","Dawnguard of Valor","Stráž úsvitu Udatnosti"
"StaticItemNames.bootsNames[426]","Voidguard of Ruin","Stráž prázdnoty Zkázy"
"StaticItemNames.bootsNames[427]","The Peacekeeper Boots","Mírotvorce Boty"
"StaticItemNames.bootsNames[428]","Boots of the Peacekeeper","Boty Mírotvorce"
"StaticItemNames.bootsNames[429]","Stormguard of Ruin","Bouřná stráž Zkázy"
"StaticItemNames.bootsNames[430]","Moonguard of Night","Měsíční stráž Noci"
"StaticItemNames.bootsNames[431]","The Arbiter Boots","Arbitr Boty"
"StaticItemNames.bootsNames[432]","Boots of the Arbiter","Boty Arbitr"
"StaticItemNames.bootsNames[433]","Shadowguard of Night","Stínová stráž Noci"
"StaticItemNames.bootsNames[434]","Thunderguard of Night","Hromová stráž Noci"
"StaticItemNames.bootsNames[435]","The Purifier Boots","Purifier Boty"
"StaticItemNames.bootsNames[436]","Boots of the Purifier","Boty Purifier"
"StaticItemNames.bootsNames[437]","Nightguard of Night","Noční stráž Noci"
"StaticItemNames.bootsNames[438]","Ashguard of Ruin","Popelavá stráž Zkázy"
"StaticItemNames.bootsNames[439]","The Harbinger Treads","Předzvěst Boty"
"StaticItemNames.bootsNames[440]","Boots of the Harbinger","Boty Předzvěsti"
"StaticItemNames.bootsNames[441]","Flameguard of Valor Boots","Plamenná stráž Udatnosti Boty"
"StaticItemNames.bootsNames[442]","Ironguard of Ruin","Železná stráž Zkázy"
"StaticItemNames.bootsNames[443]","The Dominator Treads","Dominátor Boty"
"StaticItemNames.bootsNames[444]","Boots of the Dominator","Boty Dominátora"
"StaticItemNames.bootsNames[445]","Frostguard of Valor Boots","Mrazová stráž Udatnosti Boty"
"StaticItemNames.bootsNames[446]","Duskguard of Dawn","Soumračná stráž Úsvitu"
"StaticItemNames.bootsNames[447]","The Annihilator Boots","Anihilátor Boty"
"StaticItemNames.bootsNames[448]","Boots of the Annihilator","Boty Anihilátor"
"StaticItemNames.bootsNames[449]","Bloodguard of Dawn Boots","Krvavá stráž Úsvitu Boty"
"StaticItemNames.bootsNames[450]","Warguard of Ruin","Válečná stráž Zkázy"
"StaticItemNames.bootsNames[451]","The Vanquisher Boots","Ničitel Boty"
"StaticItemNames.bootsNames[452]","Boots of the Vanquisher","Boty Ničitel"
"StaticItemNames.bootsNames[453]","Doomguard of Valor","Stráž zkázy Udatnosti"
"StaticItemNames.bootsNames[454]","Stormguard of Dusk","Bouřná stráž Soumraku"
"StaticItemNames.bootsNames[455]","The Conqueror Treads","Dobyvatel Boty"
"StaticItemNames.bootsNames[456]","Boots of the Conqueror","Boty Dobyvatele"
"StaticItemNames.bootsNames[457]","Voidguard of Valor","Stráž prázdnoty Udatnosti"
"StaticItemNames.bootsNames[458]","Moonguard of Dusk","Měsíční stráž Soumraku"
"StaticItemNames.bootsNames[459]","The Overlord Treads","Vládce Boty"
"StaticItemNames.bootsNames[460]","Boots of the Titan","Boty Titána"
"StaticItemNames.bootsNames[461]","Thunderguard of Dusk","Hromová stráž Soumraku"
"StaticItemNames.bootsNames[462]","Nightguard of Dusk","Noční stráž Soumraku"
"StaticItemNames.bootsNames[463]","The Titan Treads","Titán Boty"
"StaticItemNames.bootsNames[464]","Boots of the Destroyer","Boty Ničitel"
"StaticItemNames.bootsNames[465]","Ashguard of Valor Boots","Popelavá stráž Udatnosti Boty"
"StaticItemNames.bootsNames[466]","Ironguard of Dusk","Železná stráž Soumraku"
"StaticItemNames.bootsNames[467]","The Destroyer Boots","Ničitel Boty"
"StaticItemNames.bootsNames[468]","Boots of the Warlord","Boty Válečný pán"
"StaticItemNames.bootsNames[469]","Frostguard of Ruin Boots","Mrazová stráž Zkázy Boty"
"StaticItemNames.bootsNames[470]","Flameguard of Dawn Boots","Plamenná stráž Úsvitu Boty"
"StaticItemNames.bootsNames[471]","The Warlord Boots","Válečný pán Boty"
"StaticItemNames.bootsNames[472]","Boots of the Enforcer","Boty Vymahač"
"StaticItemNames.bootsNames[473]","Shadowguard of Dusk","Stínová stráž Soumraku"
"StaticItemNames.bootsNames[474]","Bloodguard of Dusk","Krvavá stráž Soumraku"
"StaticItemNames.bootsNames[475]","The Enforcer Boots","Vymahač Boty"
"StaticItemNames.bootsNames[476]","Boots of the Predator","Boty Predátor"
"StaticItemNames.bootsNames[477]","Duskguard of Ruin","Soumračná stráž Zkázy"
"StaticItemNames.bootsNames[478]","Warguard of Dusk","Válečná stráž Soumraku"
"StaticItemNames.bootsNames[479]","The Predator Boots","Predátor Boty"
"StaticItemNames.bootsNames[480]","Boots of the Predator Lord","Boty Predátor Pána"
"StaticItemNames.bootsNames[481]","Dawnguard of Dawn Boots","Stráž úsvitu Úsvitu Boty"
"StaticItemNames.bootsNames[482]","Voidguard of Dusk Boots","Stráž prázdnoty Soumraku Boty"
"StaticItemNames.bootsNames[483]","The Reaver Boots","Drancovatel Boty"
"StaticItemNames.bootsNames[484]","Boots of the Reaver","Boty Drancovatel"
"StaticItemNames.bootsNames[485]","Stormguard of Valor Boots","Bouřná stráž Udatnosti Boty"
"StaticItemNames.bootsNames[486]","Moonguard of Ruin Boots","Měsíční stráž Zkázy Boty"
"StaticItemNames.bootsNames[487]","The Berserker Treads","Berserker Boty"
"StaticItemNames.bootsNames[488]","Boots of the Berserker","Boty Berserkera"
"StaticItemNames.bootsNames[489]","Shadowguard of Fury","Stínová stráž Zuřivost"
"StaticItemNames.bootsNames[490]","Thunderguard of Fury","Hromová stráž Zuřivost"
"StaticItemNames.bootsNames[491]","The Ravager Boots","Plenitel Boty"
"StaticItemNames.bootsNames[492]","Boots of the Ravager","Boty Plenitel"
"StaticItemNames.bootsNames[493]","Nightguard of Fury","Noční stráž Zuřivost"
"StaticItemNames.bootsNames[494]","Ashguard of Fury","Popelavá stráž Zuřivost"
"StaticItemNames.bootsNames[495]","The Crusader Treads","Křižák Boty"
"StaticItemNames.bootsNames[496]","Boots of the Crusader","Boty Křižáka"
"StaticItemNames.bootsNames[497]","Flameguard of Fury","Plamenná stráž Zuřivost"
"StaticItemNames.bootsNames[498]","Ironguard of Fury","Železná stráž Zuřivost"
"StaticItemNames.bootsNames[499]","The Sovereign Treads","Suverén Boty"
"StaticItemNames.bowNames[0]","Windpiercer","Prořezávač větru"
"StaticItemNames.bowNames[1]","Eagle Eye","Eagle Oko"
"StaticItemNames.bowNames[2]","Stormstring","Bouřný tětiva"
"StaticItemNames.bowNames[3]","The Last Shot","Last Výstřel"
"StaticItemNames.bowNames[4]","Whisperwind","Šeptavý vítr"
"StaticItemNames.bowNames[5]","Starshot","Hvězdný výstřel"
"StaticItemNames.bowNames[6]","Moonstrike Bow","Měsíční úder Luk"
"StaticItemNames.bowNames[7]","Serpent's Aim","Míření Hada"
"StaticItemNames.bowNames[8]","Skywarden","Strážce nebes"
"StaticItemNames.bowNames[9]","Shadowshot","Stínový výstřel"
"StaticItemNames.bowNames[10]","Hawkeye","Jestřábí oko"
"StaticItemNames.bowNames[11]","Thunderbow","Hromový luk"
"StaticItemNames.bowNames[12]","Frostbite Bow","Mrazový kousnutí Luk"
"StaticItemNames.bowNames[13]","Phoenix Bow","Phoenix Luk"
"StaticItemNames.bowNames[14]","Nighthawk","Noční jestřáb"
"StaticItemNames.bowNames[15]","Longshot","Dalekonosný"
"StaticItemNames.bowNames[16]","Viper's Reach","Dosah Zmije"
"StaticItemNames.bowNames[17]","Galeforce","Síla vichru"
"StaticItemNames.bowNames[18]","Dawnstring","Úsvitový tětiva"
"StaticItemNames.bowNames[19]","Ironbark Bow","Železný kůra Luk"
"StaticItemNames.bowNames[20]","Soulstring","Duše tětiva"
"StaticItemNames.bowNames[21]","The Silent Arrow","Tichý Arrow"
"StaticItemNames.bowNames[22]","Wraithbow","Luk přízraku"
"StaticItemNames.bowNames[23]","Celestial Arc","Celestial Oblouk"
"StaticItemNames.bowNames[24]","Venomstrike","Jedový úder"
"StaticItemNames.bowNames[25]","Stormcaller","Vyvolávač bouří"
"StaticItemNames.bowNames[26]","Moonbow","Měsíční luk"
"StaticItemNames.bowNames[27]","Dragon's Reach","Dosah Draka"
"StaticItemNames.bowNames[28]","Swiftwind","Rychlý vítr"
"StaticItemNames.bowNames[29]","Deathmark","Značka smrti"
"StaticItemNames.bowNames[30]","Flamestrike Bow","Plamenný úder Luk"
"StaticItemNames.bowNames[31]","Ghoststring","Přízračná tětiva"
"StaticItemNames.bowNames[32]","Skyrender","Trhač nebes"
"StaticItemNames.bowNames[33]","Bloodbow","Krvavý luk"
"StaticItemNames.bowNames[34]","Icewing","Ledové křídlo"
"StaticItemNames.bowNames[35]","Sunshard Bow","Sluneční střep Luk"
"StaticItemNames.bowNames[36]","Darkshot","Temný výstřel"
"StaticItemNames.bowNames[37]","Windwalker","Větrný chodec"
"StaticItemNames.bowNames[38]","The Ranger's Pride","Pride Hraničáře"
"StaticItemNames.bowNames[39]","Ashbow","Popelavý luk"
"StaticItemNames.bowNames[40]","Spiritstring","Duch tětiva"
"StaticItemNames.bowNames[41]","Voidpiercer","Prorážeč prázdnoty"
"StaticItemNames.bowNames[42]","Thornbow","Trnový luk"
"StaticItemNames.bowNames[43]","Starlight Arc","Starlight Oblouk"
"StaticItemNames.bowNames[44]","Doompiercer","Prorážeč zkázy"
"StaticItemNames.bowNames[45]","Shadowhawk","Stínový jestřáb"
"StaticItemNames.bowNames[46]","Emberstrike Bow","Emberstrike Luk"
"StaticItemNames.bowNames[47]","Frostfang Bow","Mrazový tesák Luk"
"StaticItemNames.bowNames[48]","Windsong","Větrná píseň"
"StaticItemNames.bowNames[49]","The Sharpshooter","Sharpshooter"
"StaticItemNames.bowNames[50]","Nightpiercer","Noční prorážeč"
"StaticItemNames.bowNames[51]","Stormwing","Bouřný křídlo"
"StaticItemNames.bowNames[52]","Crimson Arc","Karmínový Oblouk"
"StaticItemNames.bowNames[53]","Bonechill Bow","Bonechill Luk"
"StaticItemNames.bowNames[54]","Duskbow","Soumračný luk"
"StaticItemNames.bowNames[55]","Ironsight","Železný zaměřovač"
"StaticItemNames.bowNames[56]","Moonpiercer","Měsíční prorážeč"
"StaticItemNames.bowNames[57]","Ravenstrike","Havraní úder"
"StaticItemNames.bowNames[58]","Skyhunter","Nebeský lovec"
"StaticItemNames.bowNames[59]","Voidshot","Prázdnotný výstřel"
"StaticItemNames.bowNames[60]","Flamehawk","Plamenný jestřáb"
"StaticItemNames.bowNames[61]","The Whisper","Whisper"
"StaticItemNames.bowNames[62]","Ghosthawk","Přízračný jestřáb"
"StaticItemNames.bowNames[63]","Thunderstrike Bow","Hromový úder Luk"
"StaticItemNames.bowNames[64]","Serpent's Bow","Luk Hada"
"StaticItemNames.bowNames[65]","Starcaller","Hvězdný vyvolávač"
"StaticItemNames.bowNames[66]","Ashenstrike Bow","Popelavý úder Luk"
"StaticItemNames.bowNames[67]","Bloodpiercer","Krvavý prorážeč"
"StaticItemNames.bowNames[68]","Dawnhawk","Úsvitový jestřáb"
"StaticItemNames.bowNames[69]","Froststring","Mrazový tětiva"
"StaticItemNames.bowNames[70]","Nightbow","Noční luk"
"StaticItemNames.bowNames[71]","Soulpiercer","Duše prorážeč"
"StaticItemNames.bowNames[72]","Windrazor","Větrná břitva"
"StaticItemNames.bowNames[73]","The Huntsman","Huntsman"
"StaticItemNames.bowNames[74]","Emberhawk","Žhavý jestřáb"
"StaticItemNames.bowNames[75]","Grim Arc","Ponurý Oblouk"
"StaticItemNames.bowNames[76]","Ironstring","Železný tětiva"
"StaticItemNames.bowNames[77]","Moonshot","Měsíční výstřel"
"StaticItemNames.bowNames[78]","Shadowpiercer","Stínový prorážeč"
"StaticItemNames.bowNames[79]","Stormshot","Bouřný výstřel"
"StaticItemNames.bowNames[80]","Viperhawk","Zmijí jestřáb"
"StaticItemNames.bowNames[81]","Dreadbow","Děsivý luk"
"StaticItemNames.bowNames[82]","Starwind","Hvězdný vítr"
"StaticItemNames.bowNames[83]","Crimson Shot","Karmínový Výstřel"
"StaticItemNames.bowNames[84]","Darkstring","Temný tětiva"
"StaticItemNames.bowNames[85]","Eagle's Fury","Zuřivost Eagle"
"StaticItemNames.bowNames[86]","Flamepiercer","Plamenný prorážeč"
"StaticItemNames.bowNames[87]","Ghostpiercer","Přízračný probodávač"
"StaticItemNames.bowNames[88]","Hawkwind","Jestřábí vítr"
"StaticItemNames.bowNames[89]","Longbow of the North","Longbow Severu"
"StaticItemNames.bowNames[90]","Nightstring","Noční tětiva"
"StaticItemNames.bowNames[91]","Skypiercer","Nebeský prorážeč"
"StaticItemNames.bowNames[92]","Thunderhawk","Hromový jestřáb"
"StaticItemNames.bowNames[93]","Voidhawk","Prázdnotný jestřáb"
"StaticItemNames.bowNames[94]","Wraithshot","Přízračný výstřel"
"StaticItemNames.bowNames[95]","Ashpiercer","Popelavý prorážeč"
"StaticItemNames.bowNames[96]","Bloodhawk","Krvavý jestřáb"
"StaticItemNames.bowNames[97]","Dawnpiercer","Úsvitový prorážeč"
"StaticItemNames.bowNames[98]","Frosthawk","Mrazivý jestřáb"
"StaticItemNames.bowNames[99]","Ironhawk","Železný jestřáb"
"StaticItemNames.bowNames[100]","Moonhawk","Měsíční jestřáb"
"StaticItemNames.bowNames[101]","Soulshot","Duše výstřel"
"StaticItemNames.bowNames[102]","Stormhawk","Bouřný jestřáb"
"StaticItemNames.bowNames[103]","Windstrike Bow","Windstrike Luk"
"StaticItemNames.bowNames[104]","The Far Sight","Far Sight"
"StaticItemNames.bowNames[105]","Emberpiercer","Žhavý uhlík prorážeč"
"StaticItemNames.bowNames[106]","Grimshot","Ponurý výstřel"
"StaticItemNames.bowNames[107]","Serpent's String","Tětiva Hada"
"StaticItemNames.bowNames[108]","Starshot Bow","Hvězdný výstřel Luk"
"StaticItemNames.bowNames[109]","Viperstrike Bow","Viperstrike Luk"
"StaticItemNames.bowNames[110]","Dreadpiercer","Děsivý probodávač"
"StaticItemNames.bowNames[111]","Crimson Hawk","Karmínový Jestřáb"
"StaticItemNames.bowNames[112]","Darkpiercer","Temný prorážeč"
"StaticItemNames.bowNames[113]","Flameheart Bow","Plamenný srdce Luk"
"StaticItemNames.bowNames[114]","Ghost Arc","Ghost Oblouk"
"StaticItemNames.bowNames[115]","Hawkstrike","Jestřábí úder"
"StaticItemNames.bowNames[116]","Nighthawk Bow","Noční jestřáb Luk"
"StaticItemNames.bowNames[117]","Skystring","Nebeský tětiva"
"StaticItemNames.bowNames[118]","Thunderpiercer","Hromový prorážeč"
"StaticItemNames.bowNames[119]","Voidstring","Prázdnotný tětiva"
"StaticItemNames.bowNames[120]","Windbow","Větrný luk"
"StaticItemNames.bowNames[121]","Ashenhawk","Popelový jestřáb"
"StaticItemNames.bowNames[122]","Bloodstring","Krvavý tětiva"
"StaticItemNames.bowNames[123]","Dawnshot","Úsvitový výstřel"
"StaticItemNames.bowNames[124]","Froststrike Bow","Mrazový úder Luk"
"StaticItemNames.bowNames[125]","Ironpiercer","Železný prorážeč"
"StaticItemNames.bowNames[126]","Moonstring","Měsíční tětiva"
"StaticItemNames.bowNames[127]","Soulhawk","Duševní jestřáb"
"StaticItemNames.bowNames[128]","Stormstring Bow","Bouřný tětiva Luk"
"StaticItemNames.bowNames[129]","The Marksman","Marksman"
"StaticItemNames.bowNames[130]","Emberheart Bow","Žhavý uhlík srdce Luk"
"StaticItemNames.bowNames[131]","Grimhawk","Ponurý jestřáb"
"StaticItemNames.bowNames[132]","Serpent's Gaze","Pohled Hada"
"StaticItemNames.bowNames[133]","Starstring","Hvězdný tětiva"
"StaticItemNames.bowNames[134]","Vipershot","Zmije výstřel"
"StaticItemNames.bowNames[135]","Dreadshot","Děsivý výstřel"
"StaticItemNames.bowNames[136]","Crimson String","Karmínový Tětiva"
"StaticItemNames.bowNames[137]","Darkwind Bow","Darkwind Luk"
"StaticItemNames.bowNames[138]","Flame Arc","Plamenný Oblouk"
"StaticItemNames.bowNames[139]","Ghostshot","Přízračný výstřel"
"StaticItemNames.bowNames[140]","Hawkeye Bow","Jestřábí oko Luk"
"StaticItemNames.bowNames[141]","Nightshot","Noční výstřel"
"StaticItemNames.bowNames[142]","Skyshot","Nebeský výstřel"
"StaticItemNames.bowNames[143]","Thundershot","Hromový výstřel"
"StaticItemNames.bowNames[144]","Voidbow","Prázdnotný luk"
"StaticItemNames.bowNames[145]","Windpiercer Bow","Windpiercer Luk"
"StaticItemNames.bowNames[146]","Ashenshot","Popelový výstřel"
"StaticItemNames.bowNames[147]","Bloodshot Bow","Krvavý výstřel Luk"
"StaticItemNames.bowNames[148]","Dawnstring Bow","Úsvitový tětiva Luk"
"StaticItemNames.bowNames[149]","Frostpiercer","Mrazový prorážeč"
"StaticItemNames.bowNames[150]","Ironshot Bow","Železný výstřel Luk"
"StaticItemNames.bowNames[151]","Moonpiercer Bow","Měsíční prorážeč Luk"
"StaticItemNames.bowNames[152]","Soulstring Bow","Duše tětiva Luk"
"StaticItemNames.bowNames[153]","Storm Arc","Bouřný Oblouk"
"StaticItemNames.bowNames[154]","The Silent Hunter","Tichý Lovec"
"StaticItemNames.bowNames[155]","Ember Arc","Žhavý uhlík Oblouk"
"StaticItemNames.bowNames[156]","Grim Arc Bow","Ponurý Oblouk Luk"
"StaticItemNames.bowNames[157]","Serpent's Flight","Let Hada"
"StaticItemNames.bowNames[158]","Star Arc","Hvězdný Oblouk"
"StaticItemNames.bowNames[159]","Viper Arc","Zmije Oblouk"
"StaticItemNames.bowNames[160]","Dread Arc","Hrůza Oblouk"
"StaticItemNames.bowNames[161]","Crimson Bow","Karmínový Luk"
"StaticItemNames.bowNames[162]","Dark Arc","Temný Oblouk"
"StaticItemNames.bowNames[163]","Flamestrike Arc","Plamenný úder Oblouk"
"StaticItemNames.bowNames[164]","Ghostwind","Přízračný vítr"
"StaticItemNames.bowNames[165]","Hawk Arc","Jestřáb Oblouk"
"StaticItemNames.bowNames[166]","Night Arc","Noční Oblouk"
"StaticItemNames.bowNames[167]","Sky Arc","Nebeský Oblouk"
"StaticItemNames.bowNames[168]","Thunder Arc","Hromový Oblouk"
"StaticItemNames.bowNames[169]","Void Arc","Prázdnotný Oblouk"
"StaticItemNames.bowNames[170]","Wind Arc","Wind Oblouk"
"StaticItemNames.bowNames[171]","Ashen Arc","Ashen Oblouk"
"StaticItemNames.bowNames[172]","Blood Arc","Krvavý Oblouk"
"StaticItemNames.bowNames[173]","Dawn Arc","Úsvitový Oblouk"
"StaticItemNames.bowNames[174]","Frost Arc","Mrazový Oblouk"
"StaticItemNames.bowNames[175]","Iron Arc","Železný Oblouk"
"StaticItemNames.bowNames[176]","Moon Arc","Měsíční Oblouk"
"StaticItemNames.bowNames[177]","Soul Arc","Duše Oblouk"
"StaticItemNames.bowNames[178]","The Deadeye","Přesná muška"
"StaticItemNames.bowNames[179]","Ember's Flight","Let Žhavý uhlík"
"StaticItemNames.bowNames[180]","Grim Flight","Ponurý Let"
"StaticItemNames.bowNames[181]","Serpent's Aim Bow","Míření Luk Hada"
"StaticItemNames.bowNames[182]","Starfall Bow","Hvězdný pád Luk"
"StaticItemNames.bowNames[183]","Viper's Flight","Let Zmije"
"StaticItemNames.bowNames[184]","Dreadwind","Děsivý vítr"
"StaticItemNames.bowNames[185]","Crimson Flight","Karmínový Let"
"StaticItemNames.bowNames[186]","Darkflight Bow","Darkflight Luk"
"StaticItemNames.bowNames[187]","Flame Flight","Plamenný Let"
"StaticItemNames.bowNames[188]","Ghostflight","Přízračný let"
"StaticItemNames.bowNames[189]","Hawk's Eye","Oko Jestřába"
"StaticItemNames.bowNames[190]","Nightflight","Noční let"
"StaticItemNames.bowNames[191]","Skyflight","Nebeský let"
"StaticItemNames.bowNames[192]","Thunderflight","Hromový let"
"StaticItemNames.bowNames[193]","Voidflight","Prázdnotný let"
"StaticItemNames.bowNames[194]","Windflight","Větrný let"
"StaticItemNames.bowNames[195]","Ashenflight","Popelový let"
"StaticItemNames.bowNames[196]","Bloodflight","Krvavý let"
"StaticItemNames.bowNames[197]","Dawnflight","Úsvitový let"
"StaticItemNames.bowNames[198]","Frostflight","Mrazivý let"
"StaticItemNames.bowNames[199]","Ironflight","Železný let"
"StaticItemNames.bowNames[200]","Moonflight","Měsíční let"
"StaticItemNames.bowNames[201]","Soulflight","Duševní let"
"StaticItemNames.bowNames[202]","Stormflight","Bouřný let"
"StaticItemNames.bowNames[203]","The Predator","Predátor"
"StaticItemNames.bowNames[204]","Emberflight","Žhavý let"
"StaticItemNames.bowNames[205]","Grim String","Ponurý Tětiva"
"StaticItemNames.bowNames[206]","Bow of the Ancients","Luk Prastaří"
"StaticItemNames.bowNames[207]","Starweaver","Hvězdný tkadlec"
"StaticItemNames.bowNames[208]","Venom Arc","Jed Oblouk"
"StaticItemNames.bowNames[209]","Dreadfang Bow","Tesák hrůzy Luk"
"StaticItemNames.bowNames[210]","Crimson Wind","Karmínový Wind"
"StaticItemNames.bowNames[211]","Darkweaver","Temný tkadlec"
"StaticItemNames.bowNames[212]","Flameweaver","Plamenný tkadlec"
"StaticItemNames.bowNames[213]","Ghostweaver","Přízračný tkadlec"
"StaticItemNames.bowNames[214]","Hawk's Fury","Zuřivost Jestřába"
"StaticItemNames.bowNames[215]","Nightweaver","Noční tkadlec"
"StaticItemNames.bowNames[216]","Skyweaver","Tkadlec nebes"
"StaticItemNames.bowNames[217]","Thunderweaver","Hromový tkadlec"
"StaticItemNames.bowNames[218]","Voidweaver","Prázdnotný tkadlec"
"StaticItemNames.bowNames[219]","Windweaver","Větrný tkadlec"
"StaticItemNames.bowNames[220]","Ashenweaver","Popelový tkadlec"
"StaticItemNames.bowNames[221]","Bloodweaver","Krvavý tkadlec"
"StaticItemNames.bowNames[222]","Dawnweaver","Úsvitový tkadlec"
"StaticItemNames.bowNames[223]","Frostweaver","Mrazivý tkadlec"
"StaticItemNames.bowNames[224]","Ironweaver","Železný tkadlec"
"StaticItemNames.bowNames[225]","Moonweaver","Měsíční tkadlec"
"StaticItemNames.bowNames[226]","Soulweaver","Duševní tkadlec"
"StaticItemNames.bowNames[227]","Stormweaver","Bouřný tkadlec"
"StaticItemNames.bowNames[228]","The Pathfinder","Pathfinder"
"StaticItemNames.bowNames[229]","Emberweaver","Žhavý tkadlec"
"StaticItemNames.bowNames[230]","Bow of Ruin","Luk Zkázy"
"StaticItemNames.bowNames[231]","Serpent's Eye","Oko Hada"
"StaticItemNames.bowNames[232]","Starsight","Hvězdný zrak"
"StaticItemNames.bowNames[233]","Viper's Gaze","Pohled Zmije"
"StaticItemNames.bowNames[234]","Dreadweaver","Děsivý tkadlec"
"StaticItemNames.bowNames[235]","Crimson Gaze","Karmínový Pohled"
"StaticItemNames.bowNames[236]","Darksight Bow","Darksight Luk"
"StaticItemNames.bowNames[237]","Flame Sight","Plamenný Sight"
"StaticItemNames.bowNames[238]","Ghostsight","Přízračný zrak"
"StaticItemNames.bowNames[239]","Hawk's Reach","Dosah Jestřába"
"StaticItemNames.bowNames[240]","Nightsight","Noční zrak"
"StaticItemNames.bowNames[241]","Skysight","Nebeský zrak"
"StaticItemNames.bowNames[242]","Thundersight","Hromový zrak"
"StaticItemNames.bowNames[243]","Voidsight","Prázdnotný zrak"
"StaticItemNames.bowNames[244]","Windsight","Větrný zrak"
"StaticItemNames.bowNames[245]","Ashensight","Popelový zrak"
"StaticItemNames.bowNames[246]","Bloodsight","Krvavý zrak"
"StaticItemNames.bowNames[247]","Dawnsight","Úsvitový zrak"
"StaticItemNames.bowNames[248]","Frostsight","Mrazivý zrak"
"StaticItemNames.bowNames[249]","Ironsight Bow","Železný zaměřovač Luk"
"StaticItemNames.bowNames[250]","Moonsight","Měsíční zrak"
"StaticItemNames.bowNames[251]","Soulsight","Duševní zrak"
"StaticItemNames.bowNames[252]","Stormsight","Bouřný zrak"
"StaticItemNames.bowNames[253]","The Stalker","Stopař"
"StaticItemNames.bowNames[254]","Embersight","Žhavý zrak"
"StaticItemNames.bowNames[255]","Bow of Shadows","Luk Shadows"
"StaticItemNames.bowNames[256]","Serpent's Reach","Dosah Hada"
"StaticItemNames.bowNames[257]","Starreach","Hvězdný dosah"
"StaticItemNames.bowNames[258]","Viper's Wind","Wind Zmije"
"StaticItemNames.bowNames[259]","Dreadreach","Děsivý dosah"
"StaticItemNames.bowNames[260]","Crimson Reach","Karmínový Dosah"
"StaticItemNames.bowNames[261]","Darkreach","Temný dosah"
"StaticItemNames.bowNames[262]","Flamereach","Plamenný dosah"
"StaticItemNames.bowNames[263]","Ghostreach","Přízračný dosah"
"StaticItemNames.bowNames[264]","Hawk's Wind","Wind Jestřába"
"StaticItemNames.bowNames[265]","Nightreach","Noční dosah"
"StaticItemNames.bowNames[266]","Skyreach","Nebeský dosah"
"StaticItemNames.bowNames[267]","Thunderreach","Hromový dosah"
"StaticItemNames.bowNames[268]","Voidreach","Prázdnotný dosah"
"StaticItemNames.bowNames[269]","Windreach","Větrný dosah"
"StaticItemNames.bowNames[270]","Ashenreach","Popelový dosah"
"StaticItemNames.bowNames[271]","Bloodreach","Krvavý dosah"
"StaticItemNames.bowNames[272]","Dawnreach","Úsvitový dosah"
"StaticItemNames.bowNames[273]","Frostreach","Mrazivý dosah"
"StaticItemNames.bowNames[274]","Ironreach","Železný dosah"
"StaticItemNames.bowNames[275]","Moonreach","Měsíční dosah"
"StaticItemNames.bowNames[276]","Soulreach","Duševní dosah"
"StaticItemNames.bowNames[277]","Stormreach","Bouřný dosah"
"StaticItemNames.bowNames[278]","The Wayfinder","Wayfinder"
"StaticItemNames.bowNames[279]","Emberreach","Žhavý dosah"
"StaticItemNames.bowNames[280]","Bow of the Fallen","Luk Padlého"
"StaticItemNames.bowNames[281]","Serpent's Wind","Wind Hada"
"StaticItemNames.bowNames[282]","Starblaze Bow","Starblaze Luk"
"StaticItemNames.bowNames[283]","Viper's String","Tětiva Zmije"
"StaticItemNames.bowNames[284]","Dreadstring","Děsivá tětiva"
"StaticItemNames.bowNames[285]","Crimson Pierce","Karmínový Průraz"
"StaticItemNames.bowNames[286]","Darkstrike Bow","Darkstrike Luk"
"StaticItemNames.bowNames[287]","Flamestrike Pierce","Plamenný úder Průraz"
"StaticItemNames.bowNames[288]","Ghost's Aim","Míření Ghost"
"StaticItemNames.bowNames[289]","Hawk's String","Tětiva Jestřába"
"StaticItemNames.bowNames[290]","Night Pierce","Noční Průraz"
"StaticItemNames.bowNames[291]","Sky Pierce","Nebeský Průraz"
"StaticItemNames.bowNames[292]","Thunder Pierce","Hromový Průraz"
"StaticItemNames.bowNames[293]","Void Pierce","Prázdnotný Průraz"
"StaticItemNames.bowNames[294]","Wind Pierce","Wind Průraz"
"StaticItemNames.bowNames[295]","Ashen Pierce","Ashen Průraz"
"StaticItemNames.bowNames[296]","Blood Pierce","Krvavý Průraz"
"StaticItemNames.bowNames[297]","Dawn Pierce","Úsvitový Průraz"
"StaticItemNames.bowNames[298]","Frost Pierce","Mrazový Průraz"
"StaticItemNames.bowNames[299]","Iron Pierce","Železný Průraz"
"StaticItemNames.bowNames[300]","Moon Pierce","Měsíční Průraz"
"StaticItemNames.bowNames[301]","Soul Pierce","Duše Průraz"
"StaticItemNames.bowNames[302]","Storm Pierce","Bouřný Průraz"
"StaticItemNames.bowNames[303]","The Outrider","Outrider"
"StaticItemNames.bowNames[304]","Ember Pierce","Žhavý uhlík Průraz"
"StaticItemNames.bowNames[305]","Bow of Eternity","Luk Věčnosti"
"StaticItemNames.bowNames[306]","Serpent's Mark","Značka Hada"
"StaticItemNames.bowNames[307]","Starmark Bow","Hvězdný značka Luk"
"StaticItemNames.bowNames[308]","Viper's Mark","Značka Zmije"
"StaticItemNames.bowNames[309]","Dreadmark Bow","Dreadmark Luk"
"StaticItemNames.bowNames[310]","Crimson Mark","Karmínový Značka"
"StaticItemNames.bowNames[311]","Darkmark Bow","Temný značka Luk"
"StaticItemNames.bowNames[312]","Flamemark Bow","Plamenný značka Luk"
"StaticItemNames.bowNames[313]","Ghostmark","Přízračná značka"
"StaticItemNames.bowNames[314]","Hawk's Mark","Značka Jestřába"
"StaticItemNames.bowNames[315]","Nightmark","Noční značka"
"StaticItemNames.bowNames[316]","Skymark","Nebeský značka"
"StaticItemNames.bowNames[317]","Thundermark","Hromový značka"
"StaticItemNames.bowNames[318]","Voidmark","Prázdnotný značka"
"StaticItemNames.bowNames[319]","Windmark","Větrná značka"
"StaticItemNames.bowNames[320]","Ashenmark Bow","Ashenmark Luk"
"StaticItemNames.bowNames[321]","Bloodmark","Krvavý značka"
"StaticItemNames.bowNames[322]","Dawnmark","Úsvitový značka"
"StaticItemNames.bowNames[323]","Frostmark","Mrazový značka"
"StaticItemNames.bowNames[324]","Ironmark","Železný značka"
"StaticItemNames.bowNames[325]","Moonmark","Měsíční značka"
"StaticItemNames.bowNames[326]","Soulmark","Duše značka"
"StaticItemNames.bowNames[327]","Stormmark","Bouřný značka"
"StaticItemNames.bowNames[328]","The Scout's Bow","Luk Scout"
"StaticItemNames.bowNames[329]","Embermark","Žhavý uhlík značka"
"StaticItemNames.bowNames[330]","Bow of the Wild","Luk Wild"
"StaticItemNames.bowNames[331]","Serpent's Shot","Výstřel Hada"
"StaticItemNames.bowNames[332]","Starbolt Bow","Hvězdný šíp Luk"
"StaticItemNames.bowNames[333]","Viper's Bolt","Šíp Zmije"
"StaticItemNames.bowNames[334]","Dreadbolt","Děsivý šíp"
"StaticItemNames.bowNames[335]","Crimson Bolt","Karmínový Šíp"
"StaticItemNames.bowNames[336]","Darkbolt Bow","Temný šíp Luk"
"StaticItemNames.bowNames[337]","Flamebolt Bow","Plamenný šíp Luk"
"StaticItemNames.bowNames[338]","Ghostbolt","Přízračný šíp"
"StaticItemNames.bowNames[339]","Hawk's Bolt","Šíp Jestřába"
"StaticItemNames.bowNames[340]","Nightbolt","Noční šíp"
"StaticItemNames.bowNames[341]","Skybolt","Nebeský šíp"
"StaticItemNames.bowNames[342]","Thunderbolt Bow","Hromový šíp Luk"
"StaticItemNames.bowNames[343]","Voidbolt","Prázdnotný šíp"
"StaticItemNames.bowNames[344]","Windbolt","Větrný šíp"
"StaticItemNames.bowNames[345]","Ashenbolt","Popelový šíp"
"StaticItemNames.bowNames[346]","Bloodbolt","Krvavý šíp"
"StaticItemNames.bowNames[347]","Dawnbolt","Úsvitový šíp"
"StaticItemNames.bowNames[348]","Frostbolt Bow","Mrazový šíp Luk"
"StaticItemNames.bowNames[349]","Ironbolt","Železný šíp"
"StaticItemNames.bowNames[350]","Moonbolt","Měsíční šíp"
"StaticItemNames.bowNames[351]","Soulbolt","Duše šíp"
"StaticItemNames.bowNames[352]","Stormbolt","Bouřný šíp"
"StaticItemNames.bowNames[353]","The Prowler's Bow","Luk Prowler"
"StaticItemNames.bowNames[354]","Emberbolt","Žhavý šíp"
"StaticItemNames.bowNames[355]","Bow of the Gale","Luk Vichr"
"StaticItemNames.bowNames[356]","Serpent's Fury","Zuřivost Hada"
"StaticItemNames.bowNames[357]","Starfury Bow","Hvězdný zuřivost Luk"
"StaticItemNames.bowNames[358]","Viper's Fury","Zuřivost Zmije"
"StaticItemNames.bowNames[359]","Dreadfury Bow","Dreadfury Luk"
"StaticItemNames.bowNames[360]","Crimson Fury Bow","Karmínový Zuřivost Luk"
"StaticItemNames.bowNames[361]","Darkfury Bow","Temný zuřivost Luk"
"StaticItemNames.bowNames[362]","Flamefury Bow","Plamenný zuřivost Luk"
"StaticItemNames.bowNames[363]","Ghostfury","Přízračná zuřivost"
"StaticItemNames.bowNames[364]","Hawk's Fury Bow","Zuřivost Luk Jestřába"
"StaticItemNames.bowNames[365]","Nightfury Bow","Noční zuřivost Luk"
"StaticItemNames.bowNames[366]","Skyfury","Nebeský zuřivost"
"StaticItemNames.bowNames[367]","Thunderfury Bow","Hromový zuřivost Luk"
"StaticItemNames.bowNames[368]","Voidfury Bow","Prázdnotný zuřivost Luk"
"StaticItemNames.bowNames[369]","Windfury Bow","Windfury Luk"
"StaticItemNames.bowNames[370]","Ashenfury Bow","Ashenfury Luk"
"StaticItemNames.bowNames[371]","Bloodfury Bow","Krvavý zuřivost Luk"
"StaticItemNames.bowNames[372]","Dawnfury","Úsvitový zuřivost"
"StaticItemNames.bowNames[373]","Frostfury Bow","Mrazový zuřivost Luk"
"StaticItemNames.bowNames[374]","Ironfury Bow","Železný zuřivost Luk"
"StaticItemNames.bowNames[375]","Moonfury Bow","Měsíční zuřivost Luk"
"StaticItemNames.bowNames[376]","Soulfury Bow","Duše zuřivost Luk"
"StaticItemNames.bowNames[377]","Stormfury Bow","Bouřný zuřivost Luk"
"StaticItemNames.bowNames[378]","The Trailblazer","Trailblazer"
"StaticItemNames.bowNames[379]","Emberfury Bow","Žhavý uhlík zuřivost Luk"
"StaticItemNames.bowNames[380]","Bow of the Tempest","Luk Bouře"
"StaticItemNames.bowNames[381]","Serpent's Wrath Bow","Hněv Luk Hada"
"StaticItemNames.bowNames[382]","Starwrath Bow","Starwrath Luk"
"StaticItemNames.bowNames[383]","Viper's Wrath","Hněv Zmije"
"StaticItemNames.bowNames[384]","Dreadwrath Bow","Dreadwrath Luk"
"StaticItemNames.bowNames[385]","Crimson Wrath Bow","Karmínový Hněv Luk"
"StaticItemNames.bowNames[386]","Darkwrath Bow","Darkwrath Luk"
"StaticItemNames.bowNames[387]","Flamewrath","Plamenný hněv"
"StaticItemNames.bowNames[388]","Ghostwrath","Přízračný hněv"
"StaticItemNames.bowNames[389]","Hawk's Wrath","Hněv Jestřába"
"StaticItemNames.bowNames[390]","Nightwrath Bow","Nightwrath Luk"
"StaticItemNames.bowNames[391]","Skywrath","Nebeský hněv"
"StaticItemNames.bowNames[392]","Thunderwrath","Hromový hněv"
"StaticItemNames.bowNames[393]","Voidwrath Bow","Voidwrath Luk"
"StaticItemNames.bowNames[394]","Windwrath","Větrný hněv"
"StaticItemNames.bowNames[395]","Ashenwrath Bow","Ashenwrath Luk"
"StaticItemNames.bowNames[396]","Bloodwrath Bow","Bloodwrath Luk"
"StaticItemNames.bowNames[397]","Dawnwrath","Úsvitový hněv"
"StaticItemNames.bowNames[398]","Frostwrath Bow","Frostwrath Luk"
"StaticItemNames.bowNames[399]","Ironwrath Bow","Ironwrath Luk"
"StaticItemNames.bowNames[400]","Moonwrath Bow","Moonwrath Luk"
"StaticItemNames.bowNames[401]","Soulwrath Bow","Soulwrath Luk"
"StaticItemNames.bowNames[402]","Stormwrath Bow","Stormwrath Luk"
"StaticItemNames.bowNames[403]","The Bowmaster","Bowmaster"
"StaticItemNames.bowNames[404]","Emberwrath Bow","Emberwrath Luk"
"StaticItemNames.bowNames[405]","Bow of the Hunter","Luk Lovec"
"StaticItemNames.bowNames[406]","Falcon's Flight","Let Falcon"
"StaticItemNames.bowNames[407]","Talon Bow","Talon Luk"
"StaticItemNames.bowNames[408]","Osprey's Arc","Oblouk Osprey"
"StaticItemNames.bowNames[409]","Kestrel Bow","Kestrel Luk"
"StaticItemNames.bowNames[410]","Merlin Bow","Merlin Luk"
"StaticItemNames.bowNames[411]","Harrier Bow","Harrier Luk"
"StaticItemNames.bowNames[412]","Condor Bow","Condor Luk"
"StaticItemNames.bowNames[413]","Peregrine Bow","Peregrine Luk"
"StaticItemNames.bowNames[414]","Raptor Bow","Raptor Luk"
"StaticItemNames.bowNames[415]","Swift Arc","Rychlý Oblouk"
"StaticItemNames.bowNames[416]","Zenith Bow","Zenith Luk"
"StaticItemNames.bowNames[417]","Apex Arc","Apex Oblouk"
"StaticItemNames.bowNames[418]","Pinnacle Bow","Pinnacle Luk"
"StaticItemNames.bowNames[419]","Summit Arc","Summit Oblouk"
"StaticItemNames.bowNames[420]","Horizon Bow","Horizon Luk"
"StaticItemNames.bowNames[421]","Eclipse Bow","Zatmění Luk"
"StaticItemNames.bowNames[422]","Solstice Bow","Solstice Luk"
"StaticItemNames.bowNames[423]","Equinox Bow","Equinox Luk"
"StaticItemNames.bowNames[424]","Aurora Bow","Aurora Luk"
"StaticItemNames.bowNames[425]","Twilight Bow","Soumrak Luk"
"StaticItemNames.bowNames[426]","Crescent Bow","Srpek Luk"
"StaticItemNames.bowNames[427]","Harvest Bow","Harvest Luk"
"StaticItemNames.bowNames[428]","Winter's Bow","Luk Winter"
"StaticItemNames.bowNames[429]","Spring Bow","Spring Luk"
"StaticItemNames.bowNames[430]","Autumn Arc","Autumn Oblouk"
"StaticItemNames.bowNames[431]","Summer Bow","Summer Luk"
"StaticItemNames.bowNames[432]","Tempest Bow","Bouře Luk"
"StaticItemNames.bowNames[433]","Cyclone Bow","Cyclone Luk"
"StaticItemNames.bowNames[434]","Tornado Arc","Tornado Oblouk"
"StaticItemNames.bowNames[435]","Hurricane Bow","Hurricane Luk"
"StaticItemNames.bowNames[436]","Gale Bow","Vichr Luk"
"StaticItemNames.bowNames[437]","Breeze Bow","Breeze Luk"
"StaticItemNames.bowNames[438]","Zephyr Bow","Zephyr Luk"
"StaticItemNames.bowNames[439]","Mistral Bow","Mistral Luk"
"StaticItemNames.bowNames[440]","Sirocco Bow","Sirocco Luk"
"StaticItemNames.bowNames[441]","Monsoon Bow","Monsoon Luk"
"StaticItemNames.bowNames[442]","Squall Bow","Squall Luk"
"StaticItemNames.bowNames[443]","Blizzard Bow","Vánice Luk"
"StaticItemNames.bowNames[444]","Avalanche Bow","Avalanche Luk"
"StaticItemNames.bowNames[445]","Glacier Bow","Glacier Luk"
"StaticItemNames.bowNames[446]","Icecap Bow","Icecap Luk"
"StaticItemNames.bowNames[447]","Tundra Bow","Tundra Luk"
"StaticItemNames.bowNames[448]","Permafrost Bow","Permafrost Luk"
"StaticItemNames.bowNames[449]","Snowfall Bow","Snowfall Luk"
"StaticItemNames.bowNames[450]","Hail Bow","Hail Luk"
"StaticItemNames.bowNames[451]","Sleet Arc","Sleet Oblouk"
"StaticItemNames.bowNames[452]","Rime Bow","Rime Luk"
"StaticItemNames.bowNames[453]","Hoarfrost Bow","Hoarfrost Luk"
"StaticItemNames.bowNames[454]","Fimbul Bow","Fimbul Luk"
"StaticItemNames.bowNames[455]","Boreal Bow","Boreal Luk"
"StaticItemNames.bowNames[456]","Arctic Arc","Arctic Oblouk"
"StaticItemNames.bowNames[457]","Polar Bow","Polar Luk"
"StaticItemNames.bowNames[458]","Northern Bow","Severní Luk"
"StaticItemNames.bowNames[459]","Frozen Arc","Zmrzlý Oblouk"
"StaticItemNames.bowNames[460]","Winter's Reach","Dosah Winter"
"StaticItemNames.bowNames[461]","Ice Shard Bow","Ice Střep Luk"
"StaticItemNames.bowNames[462]","Crystal Arc","Crystal Oblouk"
"StaticItemNames.bowNames[463]","Diamond Arc","Diamond Oblouk"
"StaticItemNames.bowNames[464]","Prism Bow","Prism Luk"
"StaticItemNames.bowNames[465]","Refraction Bow","Refraction Luk"
"StaticItemNames.bowNames[466]","Spectrum Arc","Spectrum Oblouk"
"StaticItemNames.bowNames[467]","Radiant Bow","Zářivý Luk"
"StaticItemNames.bowNames[468]","Luminous Arc","Luminous Oblouk"
"StaticItemNames.bowNames[469]","Gleaming Bow","Gleaming Luk"
"StaticItemNames.bowNames[470]","Brilliant Arc","Brilliant Oblouk"
"StaticItemNames.bowNames[471]","Shining Bow","Shining Luk"
"StaticItemNames.bowNames[472]","Glowing Arc","Glowing Oblouk"
"StaticItemNames.bowNames[473]","Blazing Bow","Blazing Luk"
"StaticItemNames.bowNames[474]","Burning Arc","Hořící Oblouk"
"StaticItemNames.bowNames[475]","Scorching Bow","Scorching Luk"
"StaticItemNames.bowNames[476]","Searing Arc","Spalující Oblouk"
"StaticItemNames.bowNames[477]","Molten Bow","Roztavený Luk"
"StaticItemNames.bowNames[478]","Magma Arc","Magma Oblouk"
"StaticItemNames.bowNames[479]","Volcanic Bow","Volcanic Luk"
"StaticItemNames.bowNames[480]","Infernal Bow","Pekelný Luk"
"StaticItemNames.bowNames[481]","Hellfire Bow","Hellfire Luk"
"StaticItemNames.bowNames[482]","Brimstone Bow","Síra Luk"
"StaticItemNames.bowNames[483]","Cinder Arc","Žhavý popel Oblouk"
"StaticItemNames.bowNames[484]","Spark Bow","Spark Luk"
"StaticItemNames.bowNames[485]","Flash Arc","Flash Oblouk"
"StaticItemNames.bowNames[486]","Bolt Bow","Šíp Luk"
"StaticItemNames.bowNames[487]","Surge Bow","Surge Luk"
"StaticItemNames.bowNames[488]","Pulse Arc","Pulse Oblouk"
"StaticItemNames.bowNames[489]","Shock Bow","Shock Luk"
"StaticItemNames.bowNames[490]","Volt Bow","Volt Luk"
"StaticItemNames.bowNames[491]","Current Arc","Current Oblouk"
"StaticItemNames.bowNames[492]","Static Bow","Static Luk"
"StaticItemNames.bowNames[493]","Arc of the Ancients","Oblouk Prastaří"
"StaticItemNames.bowNames[494]","Bow of the Ranger","Luk Hraničáře"
"StaticItemNames.bowNames[495]","Watcher's Arc","Oblouk Watcher"
"StaticItemNames.bowNames[496]","Hunter's Bow","Luk Lovec"
"StaticItemNames.bowNames[497]","Stalker's Arc","Oblouk Stopaře"
"StaticItemNames.bowNames[498]","Predator's Bow","Luk Predátor"
"StaticItemNames.bowNames[499]","Shepherd's Arc","Oblouk Shepherd"
"StaticItemNames.chestplateNames[0]","Aegis","Egida"
"StaticItemNames.chestplateNames[1]","Bulwark","Bašta"
"StaticItemNames.chestplateNames[2]","Ironheart","Železný srdce"
"StaticItemNames.chestplateNames[3]","The Fortress","Pevnost"
"StaticItemNames.chestplateNames[4]","Breastplate of Valor","Hrudní plát Udatnosti"
"StaticItemNames.chestplateNames[5]","Voidplate","Prázdnotný plát"
"StaticItemNames.chestplateNames[6]","Duskguard","Soumračná stráž"
"StaticItemNames.chestplateNames[7]","The Bastion","Bastion"
"StaticItemNames.chestplateNames[8]","Cuirass of Fury","Kyrys Zuřivost"
"StaticItemNames.chestplateNames[9]","Starfall Plate","Hvězdný pád Plát"
"StaticItemNames.chestplateNames[10]","Thornmail","Trn zbroj"
"StaticItemNames.chestplateNames[11]","Whisperplate","Šeptavá plátovka"
"StaticItemNames.chestplateNames[12]","The Rampart","Rampart"
"StaticItemNames.chestplateNames[13]","Plate of Ruin","Plát Zkázy"
"StaticItemNames.chestplateNames[14]","Nightguard","Noční stráž"
"StaticItemNames.chestplateNames[15]","Skullplate","Lebka plát"
"StaticItemNames.chestplateNames[16]","The Citadel","Citadel"
"StaticItemNames.chestplateNames[17]","Breastplate of Embers","Hrudní plát Žhavých uhlíků"
"StaticItemNames.chestplateNames[18]","Ironplate","Železný plát"
"StaticItemNames.chestplateNames[19]","Dreadplate","Plát hrůzy"
"StaticItemNames.chestplateNames[20]","The Sanctum","Sanctum"
"StaticItemNames.chestplateNames[21]","Plate of the Fallen","Plát Padlého"
"StaticItemNames.chestplateNames[22]","Shadowplate","Stínový plát"
"StaticItemNames.chestplateNames[23]","Flameward Plate","Flameward Plát"
"StaticItemNames.chestplateNames[24]","The Ironwall","Ironwall"
"StaticItemNames.chestplateNames[25]","Stormplate","Bouřný plát"
"StaticItemNames.chestplateNames[26]","Warplate","Válečný plát"
"StaticItemNames.chestplateNames[27]","Breastplate of Twilight","Hrudní plát Soumraku"
"StaticItemNames.chestplateNames[28]","The Harbinger Plate","Předzvěst Plát"
"StaticItemNames.chestplateNames[29]","Frostplate","Mrazový plát"
"StaticItemNames.chestplateNames[30]","Plate of Eternity","Plát Věčnosti"
"StaticItemNames.chestplateNames[31]","Crimson Plate","Karmínový Plát"
"StaticItemNames.chestplateNames[32]","The Juggernaut","Kolos"
"StaticItemNames.chestplateNames[33]","Moonplate","Měsíční plát"
"StaticItemNames.chestplateNames[34]","Dawnguard Plate","Stráž úsvitu Plát"
"StaticItemNames.chestplateNames[35]","Cuirass of Ruin","Kyrys Zkázy"
"StaticItemNames.chestplateNames[36]","The Tyrant Plate","Tyran Plát"
"StaticItemNames.chestplateNames[37]","Ashplate","Popelavý plát"
"StaticItemNames.chestplateNames[38]","Plate of the Hollow","Plát Prázdného"
"StaticItemNames.chestplateNames[39]","Sightward","Ostražitý štít"
"StaticItemNames.chestplateNames[40]","Warden's Plate","Plát Strážce"
"StaticItemNames.chestplateNames[41]","Voidguard Plate","Stráž prázdnoty Plát"
"StaticItemNames.chestplateNames[42]","Breastplate of Thorns","Hrudní plát Trnů"
"StaticItemNames.chestplateNames[43]","Ironchest","Železný náprsník"
"StaticItemNames.chestplateNames[44]","Leviathan Scale","Leviatan Scale"
"StaticItemNames.chestplateNames[45]","Plate of Wrath","Plát Hněvu"
"StaticItemNames.chestplateNames[46]","Duskplate","Soumračný plát"
"StaticItemNames.chestplateNames[47]","Flameguard","Plamenná stráž"
"StaticItemNames.chestplateNames[48]","The Revenant Plate","Revenant Plát"
"StaticItemNames.chestplateNames[49]","Stormguard","Bouřná stráž"
"StaticItemNames.chestplateNames[50]","Breastplate of the Abyss","Hrudní plát Propasti"
"StaticItemNames.chestplateNames[51]","Nightplate","Noční plát"
"StaticItemNames.chestplateNames[52]","The Sentinel Plate","Sentinel Plát"
"StaticItemNames.chestplateNames[53]","Plate of Dawn","Plát Úsvitu"
"StaticItemNames.chestplateNames[54]","Warguard Plate","Válečná stráž Plát"
"StaticItemNames.chestplateNames[55]","Shadowguard","Stínová stráž"
"StaticItemNames.chestplateNames[56]","The Monolith Plate","Monolit Plát"
"StaticItemNames.chestplateNames[57]","Breastplate of Iron","Hrudní plát Železa"
"StaticItemNames.chestplateNames[58]","Frostguard Plate","Mrazová stráž Plát"
"StaticItemNames.chestplateNames[59]","The Phantom Plate","Přízrak Plát"
"StaticItemNames.chestplateNames[60]","Bloodplate","Krvavý plát"
"StaticItemNames.chestplateNames[61]","Plate of the Warden","Plát Strážce"
"StaticItemNames.chestplateNames[62]","Thunderplate","Hromový plát"
"StaticItemNames.chestplateNames[63]","The Titan Plate","Titán Plát"
"StaticItemNames.chestplateNames[64]","Ashguard Plate","Popelavá stráž Plát"
"StaticItemNames.chestplateNames[65]","Breastplate of Silence","Hrudní plát Ticha"
"StaticItemNames.chestplateNames[66]","Dreadguard","Stráž hrůzy"
"StaticItemNames.chestplateNames[67]","The Colossus Plate","Kolos Plát"
"StaticItemNames.chestplateNames[68]","Plate of Defiance","Plát Vzdoru"
"StaticItemNames.chestplateNames[69]","Moonguard","Měsíční stráž"
"StaticItemNames.chestplateNames[70]","Starplate","Hvězdný plát"
"StaticItemNames.chestplateNames[71]","The Crusader Plate","Křižák Plát"
"StaticItemNames.chestplateNames[72]","Ironguard Plate","Železná stráž Plát"
"StaticItemNames.chestplateNames[73]","Breastplate of the Storm","Hrudní plát Bouře"
"StaticItemNames.chestplateNames[74]","Voidmail","Prázdnotný zbroj"
"StaticItemNames.chestplateNames[75]","The Fortress Plate","Pevnost Plát"
"StaticItemNames.chestplateNames[76]","Plate of Night","Plát Noci"
"StaticItemNames.chestplateNames[77]","Nightguard Plate","Noční stráž Plát"
"StaticItemNames.chestplateNames[78]","Flameguard Plate","Plamenná stráž Plát"
"StaticItemNames.chestplateNames[79]","The Bulwark Plate","Bašta Plát"
"StaticItemNames.chestplateNames[80]","Duskguard Plate","Soumračná stráž Plát"
"StaticItemNames.chestplateNames[81]","Breastplate of the Void","Hrudní plát Prázdnoty"
"StaticItemNames.chestplateNames[82]","Thunderguard","Hromová stráž"
"StaticItemNames.chestplateNames[83]","The Dominator Plate","Dominátor Plát"
"StaticItemNames.chestplateNames[84]","Plate of Ashes","Plát Popela"
"StaticItemNames.chestplateNames[85]","Frostguard","Mrazová stráž"
"StaticItemNames.chestplateNames[86]","Warmail","Válečný zbroj"
"StaticItemNames.chestplateNames[87]","The Paladin Plate","Paladin Plát"
"StaticItemNames.chestplateNames[88]","Shadowguard Plate","Stínová stráž Plát"
"StaticItemNames.chestplateNames[89]","Plate of the Phoenix","Plát Fénixe"
"StaticItemNames.chestplateNames[90]","Crimson Guard","Karmínový Stráž"
"StaticItemNames.chestplateNames[91]","The Champion Plate","Šampion Plát"
"StaticItemNames.chestplateNames[92]","Ashguard Mail","Popelavá stráž Zbroj"
"StaticItemNames.chestplateNames[93]","Breastplate of Night","Hrudní plát Noci"
"StaticItemNames.chestplateNames[94]","Doomplate","Zkáza plát"
"StaticItemNames.chestplateNames[95]","The Warbringer Plate","Válečný zvěstovatel Plát"
"StaticItemNames.chestplateNames[96]","Plate of the Void","Plát Prázdnoty"
"StaticItemNames.chestplateNames[97]","Stormguard Plate","Bouřná stráž Plát"
"StaticItemNames.chestplateNames[98]","Ironmail","Železný zbroj"
"StaticItemNames.chestplateNames[99]","The Overlord Plate","Vládce Plát"
"StaticItemNames.chestplateNames[100]","Bloodguard","Krvavá stráž"
"StaticItemNames.chestplateNames[101]","Breastplate of Ruin","Hrudní plát Zkázy"
"StaticItemNames.chestplateNames[102]","Moonguard Plate","Měsíční stráž Plát"
"StaticItemNames.chestplateNames[103]","The Paragon Plate","Vzor Plát"
"StaticItemNames.chestplateNames[104]","Plate of Dominion","Plát Nadvlády"
"StaticItemNames.chestplateNames[105]","Dawnplate","Úsvitový plát"
"StaticItemNames.chestplateNames[106]","Voidplate of Dread","Prázdnotný plát Hrůza"
"StaticItemNames.chestplateNames[107]","The Sovereign Plate","Suverén Plát"
"StaticItemNames.chestplateNames[108]","Frostplate of Night","Mrazový plát Noci"
"StaticItemNames.chestplateNames[109]","Breastplate of the Fallen","Hrudní plát Padlého"
"StaticItemNames.chestplateNames[110]","Thunderguard Plate","Hromová stráž Plát"
"StaticItemNames.chestplateNames[111]","The Conqueror Plate","Dobyvatel Plát"
"StaticItemNames.chestplateNames[112]","Plate of Fury","Plát Zuřivost"
"StaticItemNames.chestplateNames[113]","Nightmail","Noční zbroj"
"StaticItemNames.chestplateNames[114]","Ashplate of Ruin","Popelavý plát Zkázy"
"StaticItemNames.chestplateNames[115]","The Avenger Plate","Mstitel Plát"
"StaticItemNames.chestplateNames[116]","Breastplate of Frost","Hrudní plát Mrazu"
"StaticItemNames.chestplateNames[117]","Warplate of Ruin","Válečný plát Zkázy"
"StaticItemNames.chestplateNames[118]","Flameguard Mail","Plamenná stráž Zbroj"
"StaticItemNames.chestplateNames[119]","The Archon Plate","Archon Plát"
"StaticItemNames.chestplateNames[120]","Plate of the Titan","Plát Titána"
"StaticItemNames.chestplateNames[121]","Duskplate of Night","Soumračný plát Noci"
"StaticItemNames.chestplateNames[122]","Shadowmail","Stínový zbroj"
"StaticItemNames.chestplateNames[123]","The Praetorian Plate","Pretorián Plát"
"StaticItemNames.chestplateNames[124]","Breastplate of the Damned","Hrudní plát Zatraceného"
"StaticItemNames.chestplateNames[125]","Ironmail of Valor","Železný zbroj Udatnosti"
"StaticItemNames.chestplateNames[126]","Stormmail","Bouřný zbroj"
"StaticItemNames.chestplateNames[127]","The Zealot Plate","Zealot Plát"
"StaticItemNames.chestplateNames[128]","Plate of the Crusader","Plát Křižáka"
"StaticItemNames.chestplateNames[129]","Moonplate of Dusk","Měsíční plát Soumraku"
"StaticItemNames.chestplateNames[130]","Voidguard Mail","Stráž prázdnoty Zbroj"
"StaticItemNames.chestplateNames[131]","The Centurion Plate","Centurion Plát"
"StaticItemNames.chestplateNames[132]","Breastplate of Midnight","Hrudní plát Půlnoci"
"StaticItemNames.chestplateNames[133]","Dreadplate of Fury","Plát hrůzy Zuřivost"
"StaticItemNames.chestplateNames[134]","Frostmail","Mrazový zbroj"
"StaticItemNames.chestplateNames[135]","The Berserker Plate","Berserker Plát"
"StaticItemNames.chestplateNames[136]","Plate of Thunder","Plát Hromu"
"StaticItemNames.chestplateNames[137]","Warguard Mail","Válečná stráž Zbroj"
"StaticItemNames.chestplateNames[138]","Moonmail","Měsíční zbroj"
"StaticItemNames.chestplateNames[139]","The Inquisitor Plate","Inkvizitor Plát"
"StaticItemNames.chestplateNames[140]","Breastplate of the Crusade","Hrudní plát Křížové výpravy"
"StaticItemNames.chestplateNames[141]","Bloodplate of Ruin","Krvavý plát Zkázy"
"StaticItemNames.chestplateNames[142]","Voidplate of Night","Prázdnotný plát Noci"
"StaticItemNames.chestplateNames[143]","The Gladiator Plate","Gladiátor Plát"
"StaticItemNames.chestplateNames[144]","Plate of the Overlord","Plát Vládce"
"StaticItemNames.chestplateNames[145]","Duskmail","Soumračný zbroj"
"StaticItemNames.chestplateNames[146]","Flameguard Cuirass","Plamenná stráž Kyrys"
"StaticItemNames.chestplateNames[147]","The Exarch Plate","Exarcha Plát"
"StaticItemNames.chestplateNames[148]","Breastplate of the Archon","Hrudní plát Archonta"
"StaticItemNames.chestplateNames[149]","Stormplate of Fury","Bouřný plát Zuřivost"
"StaticItemNames.chestplateNames[150]","Doomguard","Stráž zkázy"
"StaticItemNames.chestplateNames[151]","The Vindicator Plate","Mstitel Plát"
"StaticItemNames.chestplateNames[152]","Plate of the Dreadlord","Plát Pána hrůzy"
"StaticItemNames.chestplateNames[153]","Frostguard Cuirass","Mrazová stráž Kyrys"
"StaticItemNames.chestplateNames[154]","Bloodmail","Krvavý zbroj"
"StaticItemNames.chestplateNames[155]","The Scion Plate","Dědic Plát"
"StaticItemNames.chestplateNames[156]","Breastplate of Stars","Hrudní plát Hvězd"
"StaticItemNames.chestplateNames[157]","Warmail of Dawn","Válečný zbroj Úsvitu"
"StaticItemNames.chestplateNames[158]","Thundermail","Hromový zbroj"
"StaticItemNames.chestplateNames[159]","The Eidolon Plate","Eidolon Plát"
"StaticItemNames.chestplateNames[160]","Plate of the Wyrm","Plát Wyrma"
"StaticItemNames.chestplateNames[161]","Ironplate of Ruin","Železný plát Zkázy"
"StaticItemNames.chestplateNames[162]","Flameguard Chest","Plamenná stráž Chest"
"StaticItemNames.chestplateNames[163]","The Hellknight Plate","Hellknight Plát"
"StaticItemNames.chestplateNames[164]","Breastplate of the Hellion","Hrudní plát Pekelníka"
"StaticItemNames.chestplateNames[165]","Frostguard Mail","Mrazová stráž Zbroj"
"StaticItemNames.chestplateNames[166]","Shadowplate of Night","Stínový plát Noci"
"StaticItemNames.chestplateNames[167]","The Oathkeeper Plate","Strážce přísahy Plát"
"StaticItemNames.chestplateNames[168]","Plate of the Oath","Plát Přísahy"
"StaticItemNames.chestplateNames[169]","Bloodguard Plate","Krvavá stráž Plát"
"StaticItemNames.chestplateNames[170]","Thunderplate of Ash","Hromový plát Popelavý"
"StaticItemNames.chestplateNames[171]","The Taskmaster Plate","Dozorce Plát"
"StaticItemNames.chestplateNames[172]","Breastplate of the Runekeeper","Hrudní plát Strážce run"
"StaticItemNames.chestplateNames[173]","Warplate of Dawn","Válečný plát Úsvitu"
"StaticItemNames.chestplateNames[174]","Doomplate of Ruin","Zkáza plát Zkázy"
"StaticItemNames.chestplateNames[175]","The Stormcaller Plate","Vyvolávač bouří Plát"
"StaticItemNames.chestplateNames[176]","Plate of Storms","Plát Bouří"
"StaticItemNames.chestplateNames[177]","Duskmail of Ruin","Soumračný zbroj Zkázy"
"StaticItemNames.chestplateNames[178]","Nightguard Mail","Noční stráž Zbroj"
"StaticItemNames.chestplateNames[179]","The Firelord Plate","Firelord Plát"
"StaticItemNames.chestplateNames[180]","Breastplate of Flame","Hrudní plát Plamene"
"StaticItemNames.chestplateNames[181]","Crimson Guard Plate","Karmínový Stráž Plát"
"StaticItemNames.chestplateNames[182]","Voidmail of Night","Prázdnotný zbroj Noci"
"StaticItemNames.chestplateNames[183]","The Frostlord Plate","Pán mrazu Plát"
"StaticItemNames.chestplateNames[184]","Plate of the Frostlord","Plát Pána mrazu"
"StaticItemNames.chestplateNames[185]","Ironmail of Ruin","Železný zbroj Zkázy"
"StaticItemNames.chestplateNames[186]","Flameguard of Ash","Plamenná stráž Popelavý"
"StaticItemNames.chestplateNames[187]","The Stormlord Plate","Pán bouří Plát"
"StaticItemNames.chestplateNames[188]","Breastplate of the Stormlord","Hrudní plát Pána bouří"
"StaticItemNames.chestplateNames[189]","Starplate of Valor","Hvězdný plát Udatnosti"
"StaticItemNames.chestplateNames[190]","Dawnguard Mail","Stráž úsvitu Zbroj"
"StaticItemNames.chestplateNames[191]","The Doomsayer Plate","Zvěstovatel zkázy Plát"
"StaticItemNames.chestplateNames[192]","Plate of the Doomsayer","Plát Zvěstovatele zkázy"
"StaticItemNames.chestplateNames[193]","Bloodmail of Night","Krvavý zbroj Noci"
"StaticItemNames.chestplateNames[194]","Shadowguard Mail","Stínová stráž Zbroj"
"StaticItemNames.chestplateNames[195]","The Stalker Plate","Stopař Plát"
"StaticItemNames.chestplateNames[196]","Breastplate of the Stalker","Hrudní plát Stopaře"
"StaticItemNames.chestplateNames[197]","Thunderplate of Ruin","Hromový plát Zkázy"
"StaticItemNames.chestplateNames[198]","Warplate of Night","Válečný plát Noci"
"StaticItemNames.chestplateNames[199]","The Demonplate","Demonplate"
"StaticItemNames.chestplateNames[200]","Plate of Demons","Plát Démonů"
"StaticItemNames.chestplateNames[201]","Frostplate of Ruin","Mrazový plát Zkázy"
"StaticItemNames.chestplateNames[202]","Ashmail of Dusk","Popelavý zbroj Soumraku"
"StaticItemNames.chestplateNames[203]","The Spiritguard Plate","Duch stráž Plát"
"StaticItemNames.chestplateNames[204]","Breastplate of Spirits","Hrudní plát Duchů"
"StaticItemNames.chestplateNames[205]","Moonplate of Valor","Měsíční plát Udatnosti"
"StaticItemNames.chestplateNames[206]","Voidplate of Ash","Prázdnotný plát Popelavý"
"StaticItemNames.chestplateNames[207]","The Ironclad Plate","Železný plát Plát"
"StaticItemNames.chestplateNames[208]","Plate of the Ironclad","Plát Železný plát"
"StaticItemNames.chestplateNames[209]","Stormplate of Night","Bouřný plát Noci"
"StaticItemNames.chestplateNames[210]","Doommail","Zkáza zbroj"
"StaticItemNames.chestplateNames[211]","The Nightlord Plate","Pán noci Plát"
"StaticItemNames.chestplateNames[212]","Breastplate of the Nightlord","Hrudní plát Pán noci"
"StaticItemNames.chestplateNames[213]","Crimson Cuirass","Karmínový Kyrys"
"StaticItemNames.chestplateNames[214]","Dreadplate of Ruin","Plát hrůzy Zkázy"
"StaticItemNames.chestplateNames[215]","The Fatebringer Plate","Fatebringer Plát"
"StaticItemNames.chestplateNames[216]","Plate of Fate","Plát Osudu"
"StaticItemNames.chestplateNames[217]","Nightplate of Ash","Noční plát Popelavý"
"StaticItemNames.chestplateNames[218]","Flameguard of Dawn","Plamenná stráž Úsvitu"
"StaticItemNames.chestplateNames[219]","The Gravekeeper Plate","Strážce hrobu Plát"
"StaticItemNames.chestplateNames[220]","Breastplate of the Grave","Hrudní plát Hrob"
"StaticItemNames.chestplateNames[221]","Ironplate of Valor","Železný plát Udatnosti"
"StaticItemNames.chestplateNames[222]","Bloodplate of Night","Krvavý plát Noci"
"StaticItemNames.chestplateNames[223]","The Siegebreaker Plate","Lamač obléhání Plát"
"StaticItemNames.chestplateNames[224]","Plate of the Siege","Plát Siege"
"StaticItemNames.chestplateNames[225]","Duskplate of Ruin","Soumračný plát Zkázy"
"StaticItemNames.chestplateNames[226]","Thunderguard Mail","Hromová stráž Zbroj"
"StaticItemNames.chestplateNames[227]","The Runelord Plate","Runelord Plát"
"StaticItemNames.chestplateNames[228]","Breastplate of Runes","Hrudní plát Runes"
"StaticItemNames.chestplateNames[229]","Ashguard of Dusk","Popelavá stráž Soumraku"
"StaticItemNames.chestplateNames[230]","Starmail of Night","Hvězdný zbroj Noci"
"StaticItemNames.chestplateNames[231]","The Dreadseer Plate","Věštec hrůzy Plát"
"StaticItemNames.chestplateNames[232]","Plate of the Dreadseer","Plát Věštec hrůzy"
"StaticItemNames.chestplateNames[233]","Moonmail of Valor","Měsíční zbroj Udatnosti"
"StaticItemNames.chestplateNames[234]","Warguard Cuirass","Válečná stráž Kyrys"
"StaticItemNames.chestplateNames[235]","The Steelwarden Plate","Steelwarden Plát"
"StaticItemNames.chestplateNames[236]","Breastplate of Steel","Hrudní plát Ocel"
"StaticItemNames.chestplateNames[237]","Frostmail of Night","Mrazový zbroj Noci"
"StaticItemNames.chestplateNames[238]","Shadowplate of Ruin","Stínový plát Zkázy"
"StaticItemNames.chestplateNames[239]","The Bonekeeper Plate","Bonekeeper Plát"
"StaticItemNames.chestplateNames[240]","Plate of the Bonekeeper","Plát Bonekeeper"
"StaticItemNames.chestplateNames[241]","Stormguard Cuirass","Bouřná stráž Kyrys"
"StaticItemNames.chestplateNames[242]","Voidplate of Fury","Prázdnotný plát Zuřivost"
"StaticItemNames.chestplateNames[243]","The Duskwarden Plate","Strážce soumraku Plát"
"StaticItemNames.chestplateNames[244]","Breastplate of Dusk","Hrudní plát Soumraku"
"StaticItemNames.chestplateNames[245]","Dawnplate of Valor","Úsvitový plát Udatnosti"
"StaticItemNames.chestplateNames[246]","Flameguard Visage","Plamenná stráž Visage"
"StaticItemNames.chestplateNames[247]","The Lichguard Plate","Stráž liche Plát"
"StaticItemNames.chestplateNames[248]","Plate of the Lich","Plát Liche"
"StaticItemNames.chestplateNames[249]","Ironguard Cuirass","Železná stráž Kyrys"
"StaticItemNames.chestplateNames[250]","Bloodguard Mail","Krvavá stráž Zbroj"
"StaticItemNames.chestplateNames[251]","The Soulkeeper Plate","Soulkeeper Plát"
"StaticItemNames.chestplateNames[252]","Breastplate of Souls","Hrudní plát Duší"
"StaticItemNames.chestplateNames[253]","Thunderguard Cuirass","Hromová stráž Kyrys"
"StaticItemNames.chestplateNames[254]","Nightplate of Dusk","Noční plát Soumraku"
"StaticItemNames.chestplateNames[255]","The Ebonplate","Ebonplate"
"StaticItemNames.chestplateNames[256]","Plate of Ebony","Plát Ebenový"
"StaticItemNames.chestplateNames[257]","Ashplate of Night","Popelavý plát Noci"
"StaticItemNames.chestplateNames[258]","Dreadguard Plate","Stráž hrůzy Plát"
"StaticItemNames.chestplateNames[259]","The Tombkeeper Plate","Strážce hrobky Plát"
"StaticItemNames.chestplateNames[260]","Breastplate of the Tomb","Hrudní plát Hrobka"
"StaticItemNames.chestplateNames[261]","Doomguard Plate","Stráž zkázy Plát"
"StaticItemNames.chestplateNames[262]","Crimson Breastplate","Karmínový Hrudní plát"
"StaticItemNames.chestplateNames[263]","The Dawnwarden Plate","Strážce úsvitu Plát"
"StaticItemNames.chestplateNames[264]","Plate of the Dawnwarden","Plát Strážce úsvitu"
"StaticItemNames.chestplateNames[265]","Warmail of Night","Válečný zbroj Noci"
"StaticItemNames.chestplateNames[266]","Frostguard of Ruin","Mrazová stráž Zkázy"
"StaticItemNames.chestplateNames[267]","The Stargazer Plate","Hvězdář Plát"
"StaticItemNames.chestplateNames[268]","Breastplate of the Stargazer","Hrudní plát Hvězdář"
"StaticItemNames.chestplateNames[269]","Moonguard Cuirass","Měsíční stráž Kyrys"
"StaticItemNames.chestplateNames[270]","Shadowguard Cuirass","Stínová stráž Kyrys"
"StaticItemNames.chestplateNames[271]","The Abyssal Plate","Propastný Plát"
"StaticItemNames.chestplateNames[272]","Plate of the Abyssal","Plát Propastný"
"StaticItemNames.chestplateNames[273]","Ironheart Plate","Železný srdce Plát"
"StaticItemNames.chestplateNames[274]","Ashguard Cuirass","Popelavá stráž Kyrys"
"StaticItemNames.chestplateNames[275]","The Dragonplate","Drak plát"
"StaticItemNames.chestplateNames[276]","Breastplate of Dragons","Hrudní plát Draci"
"StaticItemNames.chestplateNames[277]","Stormplate of Valor","Bouřný plát Udatnosti"
"StaticItemNames.chestplateNames[278]","Voidguard Cuirass","Stráž prázdnoty Kyrys"
"StaticItemNames.chestplateNames[279]","The Wyvern Plate","Wyverna Plát"
"StaticItemNames.chestplateNames[280]","Plate of the Wyvern","Plát Wyverny"
"StaticItemNames.chestplateNames[281]","Thunderplate of Valor","Hromový plát Udatnosti"
"StaticItemNames.chestplateNames[282]","Dawnguard Cuirass","Stráž úsvitu Kyrys"
"StaticItemNames.chestplateNames[283]","The Golemplate","Golemplate"
"StaticItemNames.chestplateNames[284]","Breastplate of the Golem","Hrudní plát Golema"
"StaticItemNames.chestplateNames[285]","Frostplate of Valor","Mrazový plát Udatnosti"
"StaticItemNames.chestplateNames[286]","Bloodguard Cuirass","Krvavá stráž Kyrys"
"StaticItemNames.chestplateNames[287]","The Valorplate","Valorplate"
"StaticItemNames.chestplateNames[288]","Plate of Eternity Lost","Plát Věčnosti Ztraceného"
"StaticItemNames.chestplateNames[289]","Warplate of Valor","Válečný plát Udatnosti"
"StaticItemNames.chestplateNames[290]","Doomguard Cuirass","Stráž zkázy Kyrys"
"StaticItemNames.chestplateNames[291]","The Shadowbane Plate","Stínový zhoubce Plát"
"StaticItemNames.chestplateNames[292]","Breastplate of the Shadowbane","Hrudní plát Stínu zhoubce"
"StaticItemNames.chestplateNames[293]","Nightguard Cuirass","Noční stráž Kyrys"
"StaticItemNames.chestplateNames[294]","Flameguard of Valor","Plamenná stráž Udatnosti"
"StaticItemNames.chestplateNames[295]","The Dawnbreaker Plate","Lamič úsvitu Plát"
"StaticItemNames.chestplateNames[296]","Plate of Dawning","Plát Svítající"
"StaticItemNames.chestplateNames[297]","Crimson Ironplate","Karmínový Železný plát"
"StaticItemNames.chestplateNames[298]","Moonguard Mail","Měsíční stráž Zbroj"
"StaticItemNames.chestplateNames[299]","The Stonewall Plate","Kamenná zeď Plát"
"StaticItemNames.chestplateNames[300]","Breastplate of Stone","Hrudní plát Kámen"
"StaticItemNames.chestplateNames[301]","Duskguard Cuirass","Soumračná stráž Kyrys"
"StaticItemNames.chestplateNames[302]","Ashplate of Valor","Popelavý plát Udatnosti"
"StaticItemNames.chestplateNames[303]","The Mythril Plate","Mytril Plát"
"StaticItemNames.chestplateNames[304]","Plate of Mythril","Plát Mytril"
"StaticItemNames.chestplateNames[305]","Stormplate of Ruin","Bouřný plát Zkázy"
"StaticItemNames.chestplateNames[306]","Ironguard Mail","Železná stráž Zbroj"
"StaticItemNames.chestplateNames[307]","The Adamantine Plate","Adamantinový Plát"
"StaticItemNames.chestplateNames[308]","Breastplate of Adamant","Hrudní plát Neoblomný"
"StaticItemNames.chestplateNames[309]","Voidplate of Valor","Prázdnotný plát Udatnosti"
"StaticItemNames.chestplateNames[310]","Thunderguard of Dawn","Hromová stráž Úsvitu"
"StaticItemNames.chestplateNames[311]","The Dreadnought Plate","Dreadnought Plát"
"StaticItemNames.chestplateNames[312]","Plate of the Dreadnought","Plát Dreadnought"
"StaticItemNames.chestplateNames[313]","Frostguard of Dawn","Mrazová stráž Úsvitu"
"StaticItemNames.chestplateNames[314]","Warguard of Night","Válečná stráž Noci"
"StaticItemNames.chestplateNames[315]","The Invincible Plate","Neporazitelný Plát"
"StaticItemNames.chestplateNames[316]","Breastplate of the Invincible","Hrudní plát Neporazitelný"
"StaticItemNames.chestplateNames[317]","Bloodplate of Valor","Krvavý plát Udatnosti"
"StaticItemNames.chestplateNames[318]","Shadowplate of Valor","Stínový plát Udatnosti"
"StaticItemNames.chestplateNames[319]","The Immortal Plate","Nesmrtelný Plát"
"StaticItemNames.chestplateNames[320]","Plate of the Immortal","Plát Nesmrtelný"
"StaticItemNames.chestplateNames[321]","Nightplate of Valor","Noční plát Udatnosti"
"StaticItemNames.chestplateNames[322]","Doomplate of Night","Zkáza plát Noci"
"StaticItemNames.chestplateNames[323]","The Undying Plate","Neumírající Plát"
"StaticItemNames.chestplateNames[324]","Breastplate of the Undying","Hrudní plát Neumírající"
"StaticItemNames.chestplateNames[325]","Ashguard of Valor","Popelavá stráž Udatnosti"
"StaticItemNames.chestplateNames[326]","Moonplate of Ruin","Měsíční plát Zkázy"
"StaticItemNames.chestplateNames[327]","The Eternal Plate","Věčný Plát"
"StaticItemNames.chestplateNames[328]","Plate of the Eternal","Plát Věčný"
"StaticItemNames.chestplateNames[329]","Stormguard of Valor","Bouřná stráž Udatnosti"
"StaticItemNames.chestplateNames[330]","Dawnguard of Night","Stráž úsvitu Noci"
"StaticItemNames.chestplateNames[331]","The Relentless Plate","Neúprosný Plát"
"StaticItemNames.chestplateNames[332]","Breastplate of the Relentless","Hrudní plát Neúprosný"
"StaticItemNames.chestplateNames[333]","Ironplate of Night","Železný plát Noci"
"StaticItemNames.chestplateNames[334]","Flameguard of Night","Plamenná stráž Noci"
"StaticItemNames.chestplateNames[335]","The Unbreakable Plate","Nezlomný Plát"
"StaticItemNames.chestplateNames[336]","Plate of the Unbreakable","Plát Nezlomný"
"StaticItemNames.chestplateNames[337]","Frostplate of Dawn","Mrazový plát Úsvitu"
"StaticItemNames.chestplateNames[338]","Thunderplate of Night","Hromový plát Noci"
"StaticItemNames.chestplateNames[339]","The Steadfast Plate","Neochvějný Plát"
"StaticItemNames.chestplateNames[340]","Breastplate of the Steadfast","Hrudní plát Neochvějný"
"StaticItemNames.chestplateNames[341]","Voidplate of Ruin","Prázdnotný plát Zkázy"
"StaticItemNames.chestplateNames[342]","Warplate of Ash","Válečný plát Popelavý"
"StaticItemNames.chestplateNames[343]","The Resolute Plate","Odhodlaný Plát"
"StaticItemNames.chestplateNames[344]","Plate of the Resolute","Plát Odhodlaný"
"StaticItemNames.chestplateNames[345]","Bloodguard of Dawn","Krvavá stráž Úsvitu"
"StaticItemNames.chestplateNames[346]","Shadowguard of Ruin","Stínová stráž Zkázy"
"StaticItemNames.chestplateNames[347]","The Unyielding Plate","Nezdolný Plát"
"StaticItemNames.chestplateNames[348]","Breastplate of the Unyielding","Hrudní plát Nezdolný"
"StaticItemNames.chestplateNames[349]","Duskplate of Valor","Soumračný plát Udatnosti"
"StaticItemNames.chestplateNames[350]","Nightguard of Valor","Noční stráž Udatnosti"
"StaticItemNames.chestplateNames[351]","The Stalwart Plate","Pevný Plát"
"StaticItemNames.chestplateNames[352]","Plate of the Stalwart","Plát Pevný"
"StaticItemNames.chestplateNames[353]","Crimson Warplate","Karmínový Válečný plát"
"StaticItemNames.chestplateNames[354]","Ashplate of Dawn","Popelavý plát Úsvitu"
"StaticItemNames.chestplateNames[355]","The Dauntless Plate","Neohrožený Plát"
"StaticItemNames.chestplateNames[356]","Breastplate of the Dauntless","Hrudní plát Neohrožený"
"StaticItemNames.chestplateNames[357]","Moonguard of Ruin","Měsíční stráž Zkázy"
"StaticItemNames.chestplateNames[358]","Doomguard of Night","Stráž zkázy Noci"
"StaticItemNames.chestplateNames[359]","The Defiant Plate","Vzdorný Plát"
"StaticItemNames.chestplateNames[360]","Plate of the Defiant","Plát Vzdorný"
"StaticItemNames.chestplateNames[361]","Stormmail of Valor","Bouřný zbroj Udatnosti"
"StaticItemNames.chestplateNames[362]","Ironguard of Dawn","Železná stráž Úsvitu"
"StaticItemNames.chestplateNames[363]","The Gallant Plate","Statečný Plát"
"StaticItemNames.chestplateNames[364]","Breastplate of the Gallant","Hrudní plát Statečný"
"StaticItemNames.chestplateNames[365]","Frostguard of Valor","Mrazová stráž Udatnosti"
"StaticItemNames.chestplateNames[366]","Thunderguard of Ruin","Hromová stráž Zkázy"
"StaticItemNames.chestplateNames[367]","The Noble Plate","Vznešený Plát"
"StaticItemNames.chestplateNames[368]","Plate of the Noble","Plát Vznešený"
"StaticItemNames.chestplateNames[369]","Warguard of Valor","Válečná stráž Udatnosti"
"StaticItemNames.chestplateNames[370]","Voidguard of Dawn","Stráž prázdnoty Úsvitu"
"StaticItemNames.chestplateNames[371]","The Regal Plate","Královský Plát"
"StaticItemNames.chestplateNames[372]","Breastplate of the Regal","Hrudní plát Královský"
"StaticItemNames.chestplateNames[373]","Bloodguard of Night","Krvavá stráž Noci"
"StaticItemNames.chestplateNames[374]","Flameguard of Ruin","Plamenná stráž Zkázy"
"StaticItemNames.chestplateNames[375]","The Kingsplate","Kingsplate"
"StaticItemNames.chestplateNames[376]","Plate of the King","Plát Krále"
"StaticItemNames.chestplateNames[377]","Shadowguard of Dawn","Stínová stráž Úsvitu"
"StaticItemNames.chestplateNames[378]","Duskguard of Night","Soumračná stráž Noci"
"StaticItemNames.chestplateNames[379]","The Queensplate","Queensplate"
"StaticItemNames.chestplateNames[380]","Breastplate of the Queen","Hrudní plát Královna"
"StaticItemNames.chestplateNames[381]","Nightguard of Ruin","Noční stráž Zkázy"
"StaticItemNames.chestplateNames[382]","Ashguard of Dawn","Popelavá stráž Úsvitu"
"StaticItemNames.chestplateNames[383]","The Emperors Plate","Císaři Plát"
"StaticItemNames.chestplateNames[384]","Plate of the Emperor","Plát Císaře"
"StaticItemNames.chestplateNames[385]","Moonguard of Dawn","Měsíční stráž Úsvitu"
"StaticItemNames.chestplateNames[386]","Stormguard of Night","Bouřná stráž Noci"
"StaticItemNames.chestplateNames[387]","The Lordplate","Lordplate"
"StaticItemNames.chestplateNames[388]","Breastplate of the Lord","Hrudní plát Pána"
"StaticItemNames.chestplateNames[389]","Ironguard of Night","Železná stráž Noci"
"StaticItemNames.chestplateNames[390]","Frostguard of Night","Mrazová stráž Noci"
"StaticItemNames.chestplateNames[391]","The Warchief Plate","Warchief Plát"
"StaticItemNames.chestplateNames[392]","Plate of the Warchief","Plát Warchief"
"StaticItemNames.chestplateNames[393]","Bloodguard of Valor","Krvavá stráž Udatnosti"
"StaticItemNames.chestplateNames[394]","Warplate of Dusk","Válečný plát Soumraku"
"StaticItemNames.chestplateNames[395]","The Imperious Plate","Panovačný Plát"
"StaticItemNames.chestplateNames[396]","Plate of the Imperious","Plát Panovačný"
"StaticItemNames.chestplateNames[397]","Shadowguard of Valor","Stínová stráž Udatnosti"
"StaticItemNames.chestplateNames[398]","Doomguard of Dawn","Stráž zkázy Úsvitu"
"StaticItemNames.chestplateNames[399]","The Radiant Plate","Zářivý Plát"
"StaticItemNames.chestplateNames[400]","Breastplate of Radiance","Hrudní plát Záře"
"StaticItemNames.chestplateNames[401]","Thunderguard of Valor","Hromová stráž Udatnosti"
"StaticItemNames.chestplateNames[402]","Ashguard of Night","Popelavá stráž Noci"
"StaticItemNames.chestplateNames[403]","The Sentinel Cuirass","Sentinel Kyrys"
"StaticItemNames.chestplateNames[404]","Plate of the Sentinel","Plát Sentinela"
"StaticItemNames.chestplateNames[405]","Moonguard of Valor","Měsíční stráž Udatnosti"
"StaticItemNames.chestplateNames[406]","Nightguard of Dawn","Noční stráž Úsvitu"
"StaticItemNames.chestplateNames[407]","The Warden Plate","Strážce Plát"
"StaticItemNames.chestplateNames[408]","Breastplate of the Warden","Hrudní plát Strážce"
"StaticItemNames.chestplateNames[409]","Duskguard of Valor","Soumračná stráž Udatnosti"
"StaticItemNames.chestplateNames[410]","Voidguard of Night","Stráž prázdnoty Noci"
"StaticItemNames.chestplateNames[411]","The Protector Plate","Ochránce Plát"
"StaticItemNames.chestplateNames[412]","Plate of the Protector","Plát Ochránce"
"StaticItemNames.chestplateNames[413]","Flameguard of Dusk","Plamenná stráž Soumraku"
"StaticItemNames.chestplateNames[414]","Stormguard of Dawn","Bouřná stráž Úsvitu"
"StaticItemNames.chestplateNames[415]","The Aegis Plate","Aegis Plát"
"StaticItemNames.chestplateNames[416]","Breastplate of the Aegis","Hrudní plát Aegis"
"StaticItemNames.chestplateNames[417]","Ironguard of Valor","Železná stráž Udatnosti"
"StaticItemNames.chestplateNames[418]","Frostguard of Dusk","Mrazová stráž Soumraku"
"StaticItemNames.chestplateNames[419]","The Tempest Plate","Bouře Plát"
"StaticItemNames.chestplateNames[420]","Plate of the Tempest","Plát Bouře"
"StaticItemNames.chestplateNames[421]","Bloodguard of Ruin","Krvavá stráž Zkázy"
"StaticItemNames.chestplateNames[422]","Warguard of Dawn","Válečná stráž Úsvitu"
"StaticItemNames.chestplateNames[423]","The Vigilant Plate","Bdělý Plát"
"StaticItemNames.chestplateNames[424]","Breastplate of the Vigilant","Hrudní plát Bdělý"
"StaticItemNames.chestplateNames[425]","Dawnguard of Valor","Stráž úsvitu Udatnosti"
"StaticItemNames.chestplateNames[426]","Voidguard of Ruin","Stráž prázdnoty Zkázy"
"StaticItemNames.chestplateNames[427]","The Peacekeeper Plate","Mírotvorce Plát"
"StaticItemNames.chestplateNames[428]","Plate of the Peacekeeper","Plát Mírotvorce"
"StaticItemNames.chestplateNames[429]","Stormguard of Ruin","Bouřná stráž Zkázy"
"StaticItemNames.chestplateNames[430]","Moonguard of Night","Měsíční stráž Noci"
"StaticItemNames.chestplateNames[431]","The Arbiter Plate","Arbitr Plát"
"StaticItemNames.chestplateNames[432]","Breastplate of the Arbiter","Hrudní plát Arbitr"
"StaticItemNames.chestplateNames[433]","Shadowguard of Night","Stínová stráž Noci"
"StaticItemNames.chestplateNames[434]","Thunderguard of Night","Hromová stráž Noci"
"StaticItemNames.chestplateNames[435]","The Purifier Plate","Purifier Plát"
"StaticItemNames.chestplateNames[436]","Plate of the Purifier","Plát Purifier"
"StaticItemNames.chestplateNames[437]","Nightguard of Night","Noční stráž Noci"
"StaticItemNames.chestplateNames[438]","Ashguard of Ruin","Popelavá stráž Zkázy"
"StaticItemNames.chestplateNames[439]","The Harbinger Cuirass","Předzvěst Kyrys"
"StaticItemNames.chestplateNames[440]","Breastplate of the Harbinger","Hrudní plát Předzvěsti"
"StaticItemNames.chestplateNames[441]","Flameguard of Valor Plate","Plamenná stráž Udatnosti Plát"
"StaticItemNames.chestplateNames[442]","Ironguard of Ruin","Železná stráž Zkázy"
"StaticItemNames.chestplateNames[443]","The Dominator Cuirass","Dominátor Kyrys"
"StaticItemNames.chestplateNames[444]","Plate of the Dominator","Plát Dominátora"
"StaticItemNames.chestplateNames[445]","Frostguard of Valor Plate","Mrazová stráž Udatnosti Plát"
"StaticItemNames.chestplateNames[446]","Duskguard of Dawn","Soumračná stráž Úsvitu"
"StaticItemNames.chestplateNames[447]","The Annihilator Plate","Anihilátor Plát"
"StaticItemNames.chestplateNames[448]","Breastplate of the Annihilator","Hrudní plát Anihilátor"
"StaticItemNames.chestplateNames[449]","Bloodguard of Dawn Plate","Krvavá stráž Úsvitu Plát"
"StaticItemNames.chestplateNames[450]","Warguard of Ruin","Válečná stráž Zkázy"
"StaticItemNames.chestplateNames[451]","The Vanquisher Plate","Ničitel Plát"
"StaticItemNames.chestplateNames[452]","Plate of the Vanquisher","Plát Ničitel"
"StaticItemNames.chestplateNames[453]","Doomguard of Valor","Stráž zkázy Udatnosti"
"StaticItemNames.chestplateNames[454]","Stormguard of Dusk","Bouřná stráž Soumraku"
"StaticItemNames.chestplateNames[455]","The Conqueror Cuirass","Dobyvatel Kyrys"
"StaticItemNames.chestplateNames[456]","Breastplate of the Conqueror","Hrudní plát Dobyvatele"
"StaticItemNames.chestplateNames[457]","Voidguard of Valor","Stráž prázdnoty Udatnosti"
"StaticItemNames.chestplateNames[458]","Moonguard of Dusk","Měsíční stráž Soumraku"
"StaticItemNames.chestplateNames[459]","The Overlord Cuirass","Vládce Kyrys"
"StaticItemNames.chestplateNames[460]","Plate of the Overlord","Plát Vládce"
"StaticItemNames.chestplateNames[461]","Thunderguard of Dusk","Hromová stráž Soumraku"
"StaticItemNames.chestplateNames[462]","Nightguard of Dusk","Noční stráž Soumraku"
"StaticItemNames.chestplateNames[463]","The Titan Cuirass","Titán Kyrys"
"StaticItemNames.chestplateNames[464]","Breastplate of the Titan","Hrudní plát Titána"
"StaticItemNames.chestplateNames[465]","Ashguard of Valor Plate","Popelavá stráž Udatnosti Plát"
"StaticItemNames.chestplateNames[466]","Ironguard of Dusk","Železná stráž Soumraku"
"StaticItemNames.chestplateNames[467]","The Destroyer Plate","Ničitel Plát"
"StaticItemNames.chestplateNames[468]","Plate of the Destroyer","Plát Ničitel"
"StaticItemNames.chestplateNames[469]","Frostguard of Ruin Plate","Mrazová stráž Zkázy Plát"
"StaticItemNames.chestplateNames[470]","Flameguard of Dawn Plate","Plamenná stráž Úsvitu Plát"
"StaticItemNames.chestplateNames[471]","The Warlord Plate","Válečný pán Plát"
"StaticItemNames.chestplateNames[472]","Breastplate of the Warlord","Hrudní plát Válečný pán"
"StaticItemNames.chestplateNames[473]","Shadowguard of Dusk","Stínová stráž Soumraku"
"StaticItemNames.chestplateNames[474]","Bloodguard of Dusk","Krvavá stráž Soumraku"
"StaticItemNames.chestplateNames[475]","The Enforcer Plate","Vymahač Plát"
"StaticItemNames.chestplateNames[476]","Plate of the Enforcer","Plát Vymahač"
"StaticItemNames.chestplateNames[477]","Duskguard of Ruin","Soumračná stráž Zkázy"
"StaticItemNames.chestplateNames[478]","Warguard of Dusk","Válečná stráž Soumraku"
"StaticItemNames.chestplateNames[479]","The Predator Plate","Predátor Plát"
"StaticItemNames.chestplateNames[480]","Breastplate of the Predator","Hrudní plát Predátor"
"StaticItemNames.chestplateNames[481]","Dawnguard of Dawn","Stráž úsvitu Úsvitu"
"StaticItemNames.chestplateNames[482]","Voidguard of Dusk","Stráž prázdnoty Soumraku"
"StaticItemNames.chestplateNames[483]","The Reaver Plate","Drancovatel Plát"
"StaticItemNames.chestplateNames[484]","Plate of the Reaver","Plát Drancovatel"
"StaticItemNames.chestplateNames[485]","Stormguard of Valor Plate","Bouřná stráž Udatnosti Plát"
"StaticItemNames.chestplateNames[486]","Moonguard of Ruin Plate","Měsíční stráž Zkázy Plát"
"StaticItemNames.chestplateNames[487]","The Berserker Cuirass","Berserker Kyrys"
"StaticItemNames.chestplateNames[488]","Breastplate of the Berserker","Hrudní plát Berserkera"
"StaticItemNames.chestplateNames[489]","Shadowguard of Fury","Stínová stráž Zuřivost"
"StaticItemNames.chestplateNames[490]","Thunderguard of Fury","Hromová stráž Zuřivost"
"StaticItemNames.chestplateNames[491]","The Ravager Plate","Plenitel Plát"
"StaticItemNames.chestplateNames[492]","Plate of the Ravager","Plát Plenitel"
"StaticItemNames.chestplateNames[493]","Nightguard of Fury","Noční stráž Zuřivost"
"StaticItemNames.chestplateNames[494]","Ashguard of Fury","Popelavá stráž Zuřivost"
"StaticItemNames.chestplateNames[495]","The Crusader Cuirass","Křižák Kyrys"
"StaticItemNames.chestplateNames[496]","Breastplate of the Crusade","Hrudní plát Křížové výpravy"
"StaticItemNames.chestplateNames[497]","Flameguard of Fury","Plamenná stráž Zuřivost"
"StaticItemNames.chestplateNames[498]","Ironguard of Fury","Železná stráž Zuřivost"
"StaticItemNames.chestplateNames[499]","The Sovereign Cuirass","Suverén Kyrys"
"StaticItemNames.crossbowNames[0]","Bolt Launcher","Šíp Launcher"
"StaticItemNames.crossbowNames[1]","Ironshot","Železný výstřel"
"StaticItemNames.crossbowNames[2]","Deadeye","Přesná muška"
"StaticItemNames.crossbowNames[3]","The Impaler","Impaler"
"StaticItemNames.crossbowNames[4]","Siegebreaker","Lamač obléhání"
"StaticItemNames.crossbowNames[5]","Thunderstrike Crossbow","Hromový úder Kuše"
"StaticItemNames.crossbowNames[6]","Darkbolt","Temný šíp"
"StaticItemNames.crossbowNames[7]","Soulpiercer","Duše prorážeč"
"StaticItemNames.crossbowNames[8]","Voidshot","Prázdnotný výstřel"
"StaticItemNames.crossbowNames[9]","Crimson Repeater","Karmínový Opakovačka"
"StaticItemNames.crossbowNames[10]","Frostbolt","Mrazový šíp"
"StaticItemNames.crossbowNames[11]","Nightpiercer Crossbow","Noční prorážeč Kuše"
"StaticItemNames.crossbowNames[12]","Stormshot","Bouřný výstřel"
"StaticItemNames.crossbowNames[13]","Ashcrossbow","Popelavý kuše"
"StaticItemNames.crossbowNames[14]","Bloodbolt","Krvavý šíp"
"StaticItemNames.crossbowNames[15]","Dawnpiercer Crossbow","Úsvitový prorážeč Kuše"
"StaticItemNames.crossbowNames[16]","Emberbolt","Žhavý šíp"
"StaticItemNames.crossbowNames[17]","Ghostshot","Přízračný výstřel"
"StaticItemNames.crossbowNames[18]","Ironwind","Železný vítr"
"StaticItemNames.crossbowNames[19]","Moonshot Crossbow","Měsíční výstřel Kuše"
"StaticItemNames.crossbowNames[20]","Serpent's Bolt","Šíp Hada"
"StaticItemNames.crossbowNames[21]","Skyshot","Nebeský výstřel"
"StaticItemNames.crossbowNames[22]","Thunderbolt","Hromový šíp"
"StaticItemNames.crossbowNames[23]","Viper's Bolt Crossbow","Šíp Kuše Zmije"
"StaticItemNames.crossbowNames[24]","Widowmaker Crossbow","Tvůrce vdov Kuše"
"StaticItemNames.crossbowNames[25]","Bone Piercer","Kost Prorážeč"
"StaticItemNames.crossbowNames[26]","Dragon's Bolt","Šíp Draka"
"StaticItemNames.crossbowNames[27]","Flamebolt","Plamenný šíp"
"StaticItemNames.crossbowNames[28]","Grim Repeater","Ponurý Opakovačka"
"StaticItemNames.crossbowNames[29]","Hawkeye Crossbow","Jestřábí oko Kuše"
"StaticItemNames.crossbowNames[30]","Ironbolt Crossbow","Železný šíp Kuše"
"StaticItemNames.crossbowNames[31]","King's Crossbow","Kuše Krále"
"StaticItemNames.crossbowNames[32]","Lightning Bolt","Lightning Šíp"
"StaticItemNames.crossbowNames[33]","Mechana Repeater","Mechana Opakovačka"
"StaticItemNames.crossbowNames[34]","Nightbolt Crossbow","Noční šíp Kuše"
"StaticItemNames.crossbowNames[35]","Oathshot","Přísežný výstřel"
"StaticItemNames.crossbowNames[36]","Phantombolt","Přízračný šroub"
"StaticItemNames.crossbowNames[37]","Quickshot","Rychlý výstřel"
"StaticItemNames.crossbowNames[38]","Ravenbolt","Havraní šroub"
"StaticItemNames.crossbowNames[39]","Shadowbolt","Stínový šíp"
"StaticItemNames.crossbowNames[40]","Tombshot","Hrobní výstřel"
"StaticItemNames.crossbowNames[41]","Undertaker","Hrobník"
"StaticItemNames.crossbowNames[42]","Venombolt","Jed šíp"
"StaticItemNames.crossbowNames[43]","Warbolt","Válečný šíp"
"StaticItemNames.crossbowNames[44]","Xenith","Xenith"
"StaticItemNames.crossbowNames[45]","Yielder","Poddávač"
"StaticItemNames.crossbowNames[46]","Zealot's Crossbow","Kuše Fanatika"
"StaticItemNames.crossbowNames[47]","Arbalest of Fury","Arbaleta Zuřivost"
"StaticItemNames.crossbowNames[48]","Blightshot","Morový výstřel"
"StaticItemNames.crossbowNames[49]","Crossbow of the Damned","Kuše Zatraceného"
"StaticItemNames.crossbowNames[50]","Doomshot","Zkáza výstřel"
"StaticItemNames.crossbowNames[51]","Executioner's Crossbow","Kuše Kata"
"StaticItemNames.crossbowNames[52]","Firebolt Crossbow","Ohnivý šíp Kuše"
"StaticItemNames.crossbowNames[53]","Gravebolt","Hrobní šroub"
"StaticItemNames.crossbowNames[54]","Hellshot","Pekelný výstřel"
"StaticItemNames.crossbowNames[55]","Impaler's Mark","Značka Impaler"
"StaticItemNames.crossbowNames[56]","Judgment Bolt","Soud Šíp"
"StaticItemNames.crossbowNames[57]","Kingslayer Crossbow","Kingslayer Kuše"
"StaticItemNames.crossbowNames[58]","Last Resort","Poslední záchrana"
"StaticItemNames.crossbowNames[59]","Mauler","Drtič"
"StaticItemNames.crossbowNames[60]","Nether Crossbow","Nether Kuše"
"StaticItemNames.crossbowNames[61]","Obsidian Bolt","Obsidiánový Šíp"
"StaticItemNames.crossbowNames[62]","Punisher Crossbow","Punisher Kuše"
"StaticItemNames.crossbowNames[63]","Quarrel of Doom","Šipka Zkázy"
"StaticItemNames.crossbowNames[64]","Ruin Crossbow","Zkáza Kuše"
"StaticItemNames.crossbowNames[65]","Skullshot","Lebka výstřel"
"StaticItemNames.crossbowNames[66]","Tyrant's Bolt","Šíp Tyrana"
"StaticItemNames.crossbowNames[67]","Unchained","Nespoutaný"
"StaticItemNames.crossbowNames[68]","Voidpiercer Crossbow","Prorážeč prázdnoty Kuše"
"StaticItemNames.crossbowNames[69]","Warshot","Válečný výstřel"
"StaticItemNames.crossbowNames[70]","The Marksman's Pride","Pride Marksman"
"StaticItemNames.crossbowNames[71]","Abyssal Bolt","Propastný Šíp"
"StaticItemNames.crossbowNames[72]","Boltcaster","Šroubometač"
"StaticItemNames.crossbowNames[73]","Crimson Piercer","Karmínový Prorážeč"
"StaticItemNames.crossbowNames[74]","Dreadshot","Děsivý výstřel"
"StaticItemNames.crossbowNames[75]","Eclipse Crossbow","Zatmění Kuše"
"StaticItemNames.crossbowNames[76]","Frostshot","Mrazový výstřel"
"StaticItemNames.crossbowNames[77]","Grimcrossbow","Ponurý kuše"
"StaticItemNames.crossbowNames[78]","Harbinger Crossbow","Předzvěst Kuše"
"StaticItemNames.crossbowNames[79]","Ironclad Crossbow","Železný plát Kuše"
"StaticItemNames.crossbowNames[80]","Juggernaut","Kolos"
"StaticItemNames.crossbowNames[81]","Knightfall Crossbow","Knightfall Kuše"
"StaticItemNames.crossbowNames[82]","Legionbolt","Legionářský šroub"
"StaticItemNames.crossbowNames[83]","Maelstrom Crossbow","Maelstrom Kuše"
"StaticItemNames.crossbowNames[84]","Nightfall Crossbow","Noční pád Kuše"
"StaticItemNames.crossbowNames[85]","Overkill","Přehnané zabití"
"StaticItemNames.crossbowNames[86]","Painbolt","Bolestivý šroub"
"StaticItemNames.crossbowNames[87]","Quickfire","Rychlá palba"
"StaticItemNames.crossbowNames[88]","Razorbolt","Břitký šroub"
"StaticItemNames.crossbowNames[89]","Siege Repeater","Siege Opakovačka"
"StaticItemNames.crossbowNames[90]","Titan's Bolt","Šíp Titána"
"StaticItemNames.crossbowNames[91]","Umbra Crossbow","Umbra Kuše"
"StaticItemNames.crossbowNames[92]","Vengeful Bolt","Pomstychtivý Šíp"
"StaticItemNames.crossbowNames[93]","Wyrmshot","Wyrm výstřel"
"StaticItemNames.crossbowNames[94]","Annihilator Crossbow","Anihilátor Kuše"
"StaticItemNames.crossbowNames[95]","Blacksteel Crossbow","Blacksteel Kuše"
"StaticItemNames.crossbowNames[96]","Corpsemaker","Výrobce mrtvol"
"StaticItemNames.crossbowNames[97]","Deathmark Crossbow","Značka smrti Kuše"
"StaticItemNames.crossbowNames[98]","Enforcer Crossbow","Vymahač Kuše"
"StaticItemNames.crossbowNames[99]","Firestorm Crossbow","Ohnivý bouřný Kuše"
"StaticItemNames.crossbowNames[100]","Gallows Bolt","Gallows Šíp"
"StaticItemNames.crossbowNames[101]","Heavy Repeater","Heavy Opakovačka"
"StaticItemNames.crossbowNames[102]","Infernal Crossbow","Pekelný Kuše"
"StaticItemNames.crossbowNames[103]","Jackal's Bolt","Šíp Jackal"
"StaticItemNames.crossbowNames[104]","Kingsguard Crossbow","Kingsguard Kuše"
"StaticItemNames.crossbowNames[105]","Lancer","Kopiník"
"StaticItemNames.crossbowNames[106]","Midnight Crossbow","Půlnoc Kuše"
"StaticItemNames.crossbowNames[107]","Nemesis Crossbow","Nemesis Kuše"
"StaticItemNames.crossbowNames[108]","Obliterator","Ničitel"
"StaticItemNames.crossbowNames[109]","Precision","Přesnost"
"StaticItemNames.crossbowNames[110]","Quarantine Bolt","Quarantine Šíp"
"StaticItemNames.crossbowNames[111]","Reaper's Crossbow","Kuše Žence"
"StaticItemNames.crossbowNames[112]","Sentry Crossbow","Sentry Kuše"
"StaticItemNames.crossbowNames[113]","Terminus","Terminus"
"StaticItemNames.crossbowNames[114]","Unyielding Bolt","Nezdolný Šíp"
"StaticItemNames.crossbowNames[115]","Vanguard Crossbow","Předvoj Kuše"
"StaticItemNames.crossbowNames[116]","Warden's Crossbow","Kuše Strážce"
"StaticItemNames.crossbowNames[117]","The Penetrator","Penetrator"
"StaticItemNames.crossbowNames[118]","Arbalest of Shadows","Arbaleta Shadows"
"StaticItemNames.crossbowNames[119]","Blaze Crossbow","Blaze Kuše"
"StaticItemNames.crossbowNames[120]","Chain Repeater","Chain Opakovačka"
"StaticItemNames.crossbowNames[121]","Devastator","Zpustošitel"
"StaticItemNames.crossbowNames[122]","Exorcist Crossbow","Exorcist Kuše"
"StaticItemNames.crossbowNames[123]","Onslaught Crossbow","Nápor Kuše"
"StaticItemNames.crossbowNames[124]","Slayer's Bolt","Šíp Slayer"
"StaticItemNames.crossbowNames[125]","Hex Crossbow","Hex Kuše"
"StaticItemNames.crossbowNames[126]","Inquisitor's Crossbow","Kuše Inkvizitora"
"StaticItemNames.crossbowNames[127]","Javelin Bolt","Javelin Šíp"
"StaticItemNames.crossbowNames[128]","Reaper's Crossbow","Kuše Žence"
"StaticItemNames.crossbowNames[129]","Legion Crossbow","Legion Kuše"
"StaticItemNames.crossbowNames[130]","Marauder's Crossbow","Kuše Marauder"
"StaticItemNames.crossbowNames[131]","Nightstrike Crossbow","Nightstrike Kuše"
"StaticItemNames.crossbowNames[132]","Ordnance Crossbow","Ordnance Kuše"
"StaticItemNames.crossbowNames[133]","Phantom Crossbow","Přízrak Kuše"
"StaticItemNames.crossbowNames[134]","Quietus","Quietus"
"StaticItemNames.crossbowNames[135]","Barrage Crossbow","Barrage Kuše"
"StaticItemNames.crossbowNames[136]","Shadowstrike Crossbow","Shadowstrike Kuše"
"StaticItemNames.crossbowNames[137]","Torment Crossbow","Torment Kuše"
"StaticItemNames.crossbowNames[138]","Umbral Bolt","Temnostní Šíp"
"StaticItemNames.crossbowNames[139]","Vindicator Crossbow","Mstitel Kuše"
"StaticItemNames.crossbowNames[140]","Warpath Crossbow","Válečná stezka Kuše"
"StaticItemNames.crossbowNames[141]","Ashenstrike Crossbow","Popelavý úder Kuše"
"StaticItemNames.crossbowNames[142]","Bloodstrike Crossbow","Bloodstrike Kuše"
"StaticItemNames.crossbowNames[143]","Crimson Bolt Crossbow","Karmínový Šíp Kuše"
"StaticItemNames.crossbowNames[144]","Dawnstrike Crossbow","Dawnstrike Kuše"
"StaticItemNames.crossbowNames[145]","Emberstrike Crossbow","Emberstrike Kuše"
"StaticItemNames.crossbowNames[146]","Froststrike Crossbow","Mrazový úder Kuše"
"StaticItemNames.crossbowNames[147]","Grimstrike Crossbow","Grimstrike Kuše"
"StaticItemNames.crossbowNames[148]","Hellstrike Crossbow","Hellstrike Kuše"
"StaticItemNames.crossbowNames[149]","Ironstrike Crossbow","Ironstrike Kuše"
"StaticItemNames.crossbowNames[150]","Jadestrike","Jadeitový úder"
"StaticItemNames.crossbowNames[151]","Kingsbolt","Královský šroub"
"StaticItemNames.crossbowNames[152]","Lancet Crossbow","Lancet Kuše"
"StaticItemNames.crossbowNames[153]","Moonstrike Crossbow","Měsíční úder Kuše"
"StaticItemNames.crossbowNames[154]","Netherstrike Crossbow","Netherstrike Kuše"
"StaticItemNames.crossbowNames[155]","Onyxbolt","Onyxový šroub"
"StaticItemNames.crossbowNames[156]","Piercer of Souls","Prorážeč Duší"
"StaticItemNames.crossbowNames[157]","Quarrel of Light","Šipka Světlo"
"StaticItemNames.crossbowNames[158]","Ruinstrike Crossbow","Ruinstrike Kuše"
"StaticItemNames.crossbowNames[159]","Soulstrike Crossbow","Soulstrike Kuše"
"StaticItemNames.crossbowNames[160]","Thunderstrike Arbalest","Hromový úder Arbaleta"
"StaticItemNames.crossbowNames[161]","Underworld Crossbow","Underworld Kuše"
"StaticItemNames.crossbowNames[162]","Voidstrike Crossbow","Voidstrike Kuše"
"StaticItemNames.crossbowNames[163]","Wrath Crossbow","Hněv Kuše"
"StaticItemNames.crossbowNames[164]","Abyssal Crossbow","Propastný Kuše"
"StaticItemNames.crossbowNames[165]","Baneshot","Zhoubce výstřel"
"StaticItemNames.crossbowNames[166]","Cataclysm Crossbow","Cataclysm Kuše"
"StaticItemNames.crossbowNames[167]","Dread Repeater","Hrůza Opakovačka"
"StaticItemNames.crossbowNames[168]","Eclipse Bolt","Zatmění Šíp"
"StaticItemNames.crossbowNames[169]","Fatebolt","Osudový šroub"
"StaticItemNames.crossbowNames[170]","Graveshot","Hrobní výstřel"
"StaticItemNames.crossbowNames[171]","Hexbolt","Prokletý šroub"
"StaticItemNames.crossbowNames[172]","Impervious Crossbow","Impervious Kuše"
"StaticItemNames.crossbowNames[173]","Judgment Crossbow","Soud Kuše"
"StaticItemNames.crossbowNames[174]","Krakenbolt","Krakenový šroub"
"StaticItemNames.crossbowNames[175]","Leviathan Crossbow","Leviatan Kuše"
"StaticItemNames.crossbowNames[176]","Malice Crossbow","Malice Kuše"
"StaticItemNames.crossbowNames[177]","Nightshade Crossbow","Nightshade Kuše"
"StaticItemNames.crossbowNames[178]","Onslaught Crossbow","Nápor Kuše"
"StaticItemNames.crossbowNames[179]","Plague Crossbow","Plague Kuše"
"StaticItemNames.crossbowNames[180]","Quarrel of Shadows","Šipka Shadows"
"StaticItemNames.crossbowNames[181]","Retribution Crossbow","Odplata Kuše"
"StaticItemNames.crossbowNames[182]","Scourge Crossbow","Scourge Kuše"
"StaticItemNames.crossbowNames[183]","Torchbolt","Pochodňový šroub"
"StaticItemNames.crossbowNames[184]","Undertow Crossbow","Undertow Kuše"
"StaticItemNames.crossbowNames[185]","Vengeance Crossbow","Pomsta Kuše"
"StaticItemNames.crossbowNames[186]","Wraithbolt","Přízračný šroub"
"StaticItemNames.crossbowNames[187]","Arbalest of Flame","Arbaleta Plamene"
"StaticItemNames.crossbowNames[188]","Blightbolt","Morový šroub"
"StaticItemNames.crossbowNames[189]","Cinder Crossbow","Žhavý popel Kuše"
"StaticItemNames.crossbowNames[190]","Duskbolt","Soumračný šíp"
"StaticItemNames.crossbowNames[191]","Emberbolt Crossbow","Žhavý šíp Kuše"
"StaticItemNames.crossbowNames[192]","Flamestrike Crossbow","Plamenný úder Kuše"
"StaticItemNames.crossbowNames[193]","Grimsight Crossbow","Grimsight Kuše"
"StaticItemNames.crossbowNames[194]","Harbinger Bolt","Předzvěst Šíp"
"StaticItemNames.crossbowNames[195]","Inferno Crossbow","Peklo Kuše"
"StaticItemNames.crossbowNames[196]","Juggernaut Crossbow","Kolos Kuše"
"StaticItemNames.crossbowNames[197]","Kingpin Crossbow","Kingpin Kuše"
"StaticItemNames.crossbowNames[198]","Lockjaw Crossbow","Lockjaw Kuše"
"StaticItemNames.crossbowNames[199]","Moonbolt Crossbow","Měsíční šíp Kuše"
"StaticItemNames.crossbowNames[200]","Nighthawk Crossbow","Noční jestřáb Kuše"
"StaticItemNames.crossbowNames[201]","Oathbreaker Crossbow","Porušitel přísahy Kuše"
"StaticItemNames.crossbowNames[202]","Retribution Crossbow","Odplata Kuše"
"StaticItemNames.crossbowNames[203]","Quarrel of the Void","Šipka Prázdnoty"
"StaticItemNames.crossbowNames[204]","Ruinbolt","Zničující šroub"
"StaticItemNames.crossbowNames[205]","Starbolt Crossbow","Hvězdný šíp Kuše"
"StaticItemNames.crossbowNames[206]","Titan Crossbow","Titán Kuše"
"StaticItemNames.crossbowNames[207]","Umbral Crossbow","Temnostní Kuše"
"StaticItemNames.crossbowNames[208]","Vigilante Crossbow","Vigilante Kuše"
"StaticItemNames.crossbowNames[209]","Warmonger Crossbow","Warmonger Kuše"
"StaticItemNames.crossbowNames[210]","Ashbolt Crossbow","Popelavý šíp Kuše"
"StaticItemNames.crossbowNames[211]","Blackfire Crossbow","Blackfire Kuše"
"StaticItemNames.crossbowNames[212]","Corpsebolt","Smrtelný šroub"
"StaticItemNames.crossbowNames[213]","Deathbolt Crossbow","Smrt šíp Kuše"
"StaticItemNames.crossbowNames[214]","Ebon Crossbow","Ebon Kuše"
"StaticItemNames.crossbowNames[215]","Frostfire Crossbow","Mrazový ohnivý Kuše"
"StaticItemNames.crossbowNames[216]","Gorebolt","Krvavý šroub"
"StaticItemNames.crossbowNames[217]","Hellfire Crossbow","Hellfire Kuše"
"StaticItemNames.crossbowNames[218]","Ironclad Bolt","Železný plát Šíp"
"StaticItemNames.crossbowNames[219]","Jackal Crossbow","Jackal Kuše"
"StaticItemNames.crossbowNames[220]","Knightbolt","Rytířský šroub"
"StaticItemNames.crossbowNames[221]","Legionnaire's Crossbow","Kuše Legionnaire"
"StaticItemNames.crossbowNames[222]","Mirebolt","Bahenní šroub"
"StaticItemNames.crossbowNames[223]","Necrobolt","Nekrotický šroub"
"StaticItemNames.crossbowNames[224]","Oblivion Crossbow","Oblivion Kuše"
"StaticItemNames.crossbowNames[225]","Phantasm Crossbow","Phantasm Kuše"
"StaticItemNames.crossbowNames[226]","Quarrel of Doom Crossbow","Šipka Zkázy Kuše"
"StaticItemNames.crossbowNames[227]","Ravager Crossbow","Plenitel Kuše"
"StaticItemNames.crossbowNames[228]","Siegebolt","Obléhací šroub"
"StaticItemNames.crossbowNames[229]","Tombstone Crossbow","Tombstone Kuše"
"StaticItemNames.crossbowNames[230]","Unholy Crossbow","Unholy Kuše"
"StaticItemNames.crossbowNames[231]","Voidfire Crossbow","Prázdnotný ohnivý Kuše"
"StaticItemNames.crossbowNames[232]","Warbeast Crossbow","Warbeast Kuše"
"StaticItemNames.crossbowNames[233]","Arbalest of Night","Arbaleta Noci"
"StaticItemNames.crossbowNames[234]","Bonebolt Crossbow","Kost šíp Kuše"
"StaticItemNames.crossbowNames[235]","Chainshot Crossbow","Chainshot Kuše"
"StaticItemNames.crossbowNames[236]","Doom Repeater","Zkáza Opakovačka"
"StaticItemNames.crossbowNames[237]","Executioner's Bolt","Šíp Kata"
"StaticItemNames.crossbowNames[238]","Firebrand Crossbow","Firebrand Kuše"
"StaticItemNames.crossbowNames[239]","Galebolt","Vichr šíp"
"StaticItemNames.crossbowNames[240]","Havoc Crossbow","Havoc Kuše"
"StaticItemNames.crossbowNames[241]","Inquisitor Bolt","Inkvizitor Šíp"
"StaticItemNames.crossbowNames[242]","Jawbreaker Crossbow","Jawbreaker Kuše"
"StaticItemNames.crossbowNames[243]","Keeper Bolt","Keeper Šíp"
"StaticItemNames.crossbowNames[244]","Locust Crossbow","Locust Kuše"
"StaticItemNames.crossbowNames[245]","Marauder Bolt","Marauder Šíp"
"StaticItemNames.crossbowNames[246]","Nightmaw Crossbow","Noční tlama Kuše"
"StaticItemNames.crossbowNames[247]","Ordnance Bolt","Ordnance Šíp"
"StaticItemNames.crossbowNames[248]","Punisher Bolt","Punisher Šíp"
"StaticItemNames.crossbowNames[249]","Quarrel of Iron","Šipka Železa"
"StaticItemNames.crossbowNames[250]","Razorcrossbow","Břitká kuše"
"StaticItemNames.crossbowNames[251]","Serpent Crossbow","Had Kuše"
"StaticItemNames.crossbowNames[252]","Titanium Crossbow","Titanium Kuše"
"StaticItemNames.crossbowNames[253]","Urchin Crossbow","Urchin Kuše"
"StaticItemNames.crossbowNames[254]","Viper Crossbow","Zmije Kuše"
"StaticItemNames.crossbowNames[255]","Wyrm Crossbow","Wyrm Kuše"
"StaticItemNames.crossbowNames[256]","Adamant Crossbow","Neoblomný Kuše"
"StaticItemNames.crossbowNames[257]","Bludgeon Bolt","Bludgeon Šíp"
"StaticItemNames.crossbowNames[258]","Crusher Crossbow","Drtič Kuše"
"StaticItemNames.crossbowNames[259]","Dire Crossbow","Hrozivý Kuše"
"StaticItemNames.crossbowNames[260]","Evernight Crossbow","Evernight Kuše"
"StaticItemNames.crossbowNames[261]","Fury Crossbow","Zuřivost Kuše"
"StaticItemNames.crossbowNames[262]","Granite Crossbow","Granite Kuše"
"StaticItemNames.crossbowNames[263]","Hailshot","Krupobití"
"StaticItemNames.crossbowNames[264]","Icebolt Crossbow","Icebolt Kuše"
"StaticItemNames.crossbowNames[265]","Judicator Crossbow","Judicator Kuše"
"StaticItemNames.crossbowNames[266]","Kirin Crossbow","Kirin Kuše"
"StaticItemNames.crossbowNames[267]","Lynchpin Crossbow","Lynchpin Kuše"
"StaticItemNames.crossbowNames[268]","Mithril Crossbow","Mithril Kuše"
"StaticItemNames.crossbowNames[269]","Noxious Crossbow","Noxious Kuše"
"StaticItemNames.crossbowNames[270]","Oracle Crossbow","Oracle Kuše"
"StaticItemNames.crossbowNames[271]","Predator Crossbow","Predátor Kuše"
"StaticItemNames.crossbowNames[272]","Quarrel of Wrath","Šipka Hněvu"
"StaticItemNames.crossbowNames[273]","Rampage Crossbow","Rampage Kuše"
"StaticItemNames.crossbowNames[274]","Scorpion Crossbow","Scorpion Kuše"
"StaticItemNames.crossbowNames[275]","Tyrant Crossbow","Tyran Kuše"
"StaticItemNames.crossbowNames[276]","Undying Crossbow","Neumírající Kuše"
"StaticItemNames.crossbowNames[277]","Vulture Crossbow","Vulture Kuše"
"StaticItemNames.crossbowNames[278]","Whirlwind Crossbow","Whirlwind Kuše"
"StaticItemNames.crossbowNames[279]","Arbalest of the Storm","Arbaleta Bouře"
"StaticItemNames.crossbowNames[280]","Basilisk Crossbow","Basilisk Kuše"
"StaticItemNames.crossbowNames[281]","Colossus Crossbow","Kolos Kuše"
"StaticItemNames.crossbowNames[282]","Drakon Crossbow","Drakon Kuše"
"StaticItemNames.crossbowNames[283]","Ember Repeater","Žhavý uhlík Opakovačka"
"StaticItemNames.crossbowNames[284]","Falcon Crossbow","Falcon Kuše"
"StaticItemNames.crossbowNames[285]","Gargoyle Crossbow","Gargoyle Kuše"
"StaticItemNames.crossbowNames[286]","Hydra Crossbow","Hydra Kuše"
"StaticItemNames.crossbowNames[287]","Incendiary Crossbow","Incendiary Kuše"
"StaticItemNames.crossbowNames[288]","Jurassic Crossbow","Jurassic Kuše"
"StaticItemNames.crossbowNames[289]","Kraken Crossbow","Kraken Kuše"
"StaticItemNames.crossbowNames[290]","Lich Crossbow","Lich Kuše"
"StaticItemNames.crossbowNames[291]","Manticore Crossbow","Manticore Kuše"
"StaticItemNames.crossbowNames[292]","Nightmare Crossbow","Nightmare Kuše"
"StaticItemNames.crossbowNames[293]","Ogre Crossbow","Ogre Kuše"
"StaticItemNames.crossbowNames[294]","Phoenix Crossbow","Phoenix Kuše"
"StaticItemNames.crossbowNames[295]","Quarrel of Flame","Šipka Plamene"
"StaticItemNames.crossbowNames[296]","Revenant Crossbow","Revenant Kuše"
"StaticItemNames.crossbowNames[297]","Specter Crossbow","Specter Kuše"
"StaticItemNames.crossbowNames[298]","Thorn Crossbow","Trn Kuše"
"StaticItemNames.crossbowNames[299]","Underbolt","Spodní šroub"
"StaticItemNames.crossbowNames[300]","Valkyrie Crossbow","Valkyrie Kuše"
"StaticItemNames.crossbowNames[301]","Wyvern Crossbow","Wyverna Kuše"
"StaticItemNames.crossbowNames[302]","Apex Crossbow","Apex Kuše"
"StaticItemNames.crossbowNames[303]","Behemoth Crossbow","Behemoth Kuše"
"StaticItemNames.crossbowNames[304]","Cerberus Crossbow","Cerberus Kuše"
"StaticItemNames.crossbowNames[305]","Dirge Crossbow","Dirge Kuše"
"StaticItemNames.crossbowNames[306]","Eternal Crossbow","Věčný Kuše"
"StaticItemNames.crossbowNames[307]","Fomorian Crossbow","Fomorian Kuše"
"StaticItemNames.crossbowNames[308]","Griffin Crossbow","Griffin Kuše"
"StaticItemNames.crossbowNames[309]","Herald Crossbow","Herald Kuše"
"StaticItemNames.crossbowNames[310]","Invictus Crossbow","Invictus Kuše"
"StaticItemNames.crossbowNames[311]","Jotunn Crossbow","Jotunn Kuše"
"StaticItemNames.crossbowNames[312]","Khan's Crossbow","Kuše Khan"
"StaticItemNames.crossbowNames[313]","Leviathan Bolt","Leviatan Šíp"
"StaticItemNames.crossbowNames[314]","Minotaur Crossbow","Minotaur Kuše"
"StaticItemNames.crossbowNames[315]","Naga Crossbow","Naga Kuše"
"StaticItemNames.crossbowNames[316]","Overlord Crossbow","Vládce Kuše"
"StaticItemNames.crossbowNames[317]","Praetorian Crossbow","Pretorián Kuše"
"StaticItemNames.crossbowNames[318]","Quarrel of the Abyss","Šipka Propasti"
"StaticItemNames.crossbowNames[319]","Raptor Crossbow","Raptor Kuše"
"StaticItemNames.crossbowNames[320]","Sentinel Crossbow","Sentinel Kuše"
"StaticItemNames.crossbowNames[321]","Tribune Crossbow","Tribune Kuše"
"StaticItemNames.crossbowNames[322]","Usurper Crossbow","Uchvatitel Kuše"
"StaticItemNames.crossbowNames[323]","Vandal Crossbow","Vandal Kuše"
"StaticItemNames.crossbowNames[324]","Warlock Crossbow","Warlock Kuše"
"StaticItemNames.crossbowNames[325]","Arbalest of Dusk","Arbaleta Soumraku"
"StaticItemNames.crossbowNames[326]","Berserker Crossbow","Berserker Kuše"
"StaticItemNames.crossbowNames[327]","Centurion Crossbow","Centurion Kuše"
"StaticItemNames.crossbowNames[328]","Dominator Crossbow","Dominátor Kuše"
"StaticItemNames.crossbowNames[329]","Eradicator Crossbow","Eradicator Kuše"
"StaticItemNames.crossbowNames[330]","Fiend Crossbow","Fiend Kuše"
"StaticItemNames.crossbowNames[331]","Gladiator Crossbow","Gladiátor Kuše"
"StaticItemNames.crossbowNames[332]","Hunter Crossbow","Lovec Kuše"
"StaticItemNames.crossbowNames[333]","Imperator Crossbow","Imperator Kuše"
"StaticItemNames.crossbowNames[334]","Judge Crossbow","Judge Kuše"
"StaticItemNames.crossbowNames[335]","Knight Crossbow","Knight Kuše"
"StaticItemNames.crossbowNames[336]","Legatus Crossbow","Legatus Kuše"
"StaticItemNames.crossbowNames[337]","Marshal Crossbow","Marshal Kuše"
"StaticItemNames.crossbowNames[338]","Noble Crossbow","Vznešený Kuše"
"StaticItemNames.crossbowNames[339]","Overseer Crossbow","Overseer Kuše"
"StaticItemNames.crossbowNames[340]","Patriarch Crossbow","Patriarch Kuše"
"StaticItemNames.crossbowNames[341]","Quarrel of Ruin","Šipka Zkázy"
"StaticItemNames.crossbowNames[342]","Regent Crossbow","Regent Kuše"
"StaticItemNames.crossbowNames[343]","Sovereign Crossbow","Suverén Kuše"
"StaticItemNames.crossbowNames[344]","Templar Crossbow","Templar Kuše"
"StaticItemNames.crossbowNames[345]","Usurper Bolt","Uchvatitel Šíp"
"StaticItemNames.crossbowNames[346]","Victor Crossbow","Victor Kuše"
"StaticItemNames.crossbowNames[347]","Warlord Crossbow","Válečný pán Kuše"
"StaticItemNames.crossbowNames[348]","Arbalest of the Void","Arbaleta Prázdnoty"
"StaticItemNames.crossbowNames[349]","Baron Crossbow","Baron Kuše"
"StaticItemNames.crossbowNames[350]","Champion Crossbow","Šampion Kuše"
"StaticItemNames.crossbowNames[351]","Despot Crossbow","Despot Kuše"
"StaticItemNames.crossbowNames[352]","Emperor Crossbow","Císař Kuše"
"StaticItemNames.crossbowNames[353]","Forgemaster Crossbow","Forgemaster Kuše"
"StaticItemNames.crossbowNames[354]","General Crossbow","General Kuše"
"StaticItemNames.crossbowNames[355]","Hierarch Crossbow","Hierarch Kuše"
"StaticItemNames.crossbowNames[356]","Indomitable Crossbow","Indomitable Kuše"
"StaticItemNames.crossbowNames[357]","Justicar Crossbow","Justicar Kuše"
"StaticItemNames.crossbowNames[358]","Kinslayer Crossbow","Kinslayer Kuše"
"StaticItemNames.crossbowNames[359]","Lord Crossbow","Pán Kuše"
"StaticItemNames.crossbowNames[360]","Monarch Crossbow","Monarch Kuše"
"StaticItemNames.crossbowNames[361]","Nullifier Crossbow","Nullifier Kuše"
"StaticItemNames.crossbowNames[362]","Oppressor Crossbow","Oppressor Kuše"
"StaticItemNames.crossbowNames[363]","Primus Crossbow","Primus Kuše"
"StaticItemNames.crossbowNames[364]","Quarrel of Despair","Šipka Zoufalství"
"StaticItemNames.crossbowNames[365]","Reckoner Crossbow","Reckoner Kuše"
"StaticItemNames.crossbowNames[366]","Subjugator Crossbow","Subjugator Kuše"
"StaticItemNames.crossbowNames[367]","Tormentor Crossbow","Tormentor Kuše"
"StaticItemNames.crossbowNames[368]","Undertaker Crossbow","Hrobník Kuše"
"StaticItemNames.crossbowNames[369]","Vanquisher Crossbow","Ničitel Kuše"
"StaticItemNames.crossbowNames[370]","Warmaster Crossbow","Warmaster Kuše"
"StaticItemNames.crossbowNames[371]","Arbalest of Iron","Arbaleta Železa"
"StaticItemNames.crossbowNames[372]","Blackguard Crossbow","Blackguard Kuše"
"StaticItemNames.crossbowNames[373]","Conqueror Crossbow","Dobyvatel Kuše"
"StaticItemNames.crossbowNames[374]","Dreadnought Crossbow","Dreadnought Kuše"
"StaticItemNames.crossbowNames[375]","Enforcer Bolt","Vymahač Šíp"
"StaticItemNames.crossbowNames[376]","Fury Bolt","Zuřivost Šíp"
"StaticItemNames.crossbowNames[377]","Grim Crossbow","Ponurý Kuše"
"StaticItemNames.crossbowNames[378]","Hexmaster Crossbow","Hexmaster Kuše"
"StaticItemNames.crossbowNames[379]","Iron Warden Crossbow","Železný Strážce Kuše"
"StaticItemNames.crossbowNames[380]","Jaws of Iron","Jaws Železa"
"StaticItemNames.crossbowNames[381]","Kill Shot Crossbow","Kill Výstřel Kuše"
"StaticItemNames.crossbowNames[382]","Longarm Crossbow","Longarm Kuše"
"StaticItemNames.crossbowNames[383]","Mace Bolt Crossbow","Mace Šíp Kuše"
"StaticItemNames.crossbowNames[384]","Nether Bolt","Nether Šíp"
"StaticItemNames.crossbowNames[385]","Overlord Bolt","Vládce Šíp"
"StaticItemNames.crossbowNames[386]","Piercing Light Crossbow","Piercing Světlo Kuše"
"StaticItemNames.crossbowNames[387]","Quarrel of the Keep","Šipka Keep"
"StaticItemNames.crossbowNames[388]","Ruin Bolt","Zkáza Šíp"
"StaticItemNames.crossbowNames[389]","Skull Crossbow","Lebka Kuše"
"StaticItemNames.crossbowNames[390]","The Inevitability","Inevitability"
"StaticItemNames.crossbowNames[391]","Unerring Crossbow","Unerring Kuše"
"StaticItemNames.crossbowNames[392]","Virtue's Crossbow","Kuše Virtue"
"StaticItemNames.crossbowNames[393]","Wolfsbane Crossbow","Wolfsbane Kuše"
"StaticItemNames.crossbowNames[394]","Arbalest of Ash","Arbaleta Popelavý"
"StaticItemNames.crossbowNames[395]","Brimstone Crossbow","Síra Kuše"
"StaticItemNames.crossbowNames[396]","Calamity Crossbow","Calamity Kuše"
"StaticItemNames.crossbowNames[397]","The Final Bolt","Final Šíp"
"StaticItemNames.crossbowNames[398]","Ironmaw Crossbow","Železná tlama Kuše"
"StaticItemNames.crossbowNames[399]","Deathdealer Crossbow","Deathdealer Kuše"
"StaticItemNames.crossbowNames[400]","Shadowfire Crossbow","Stínový ohnivý Kuše"
"StaticItemNames.crossbowNames[401]","Steelrain","Ocelový déšť"
"StaticItemNames.crossbowNames[402]","Volley Master","Mistr salvy"
"StaticItemNames.crossbowNames[403]","Bolt of Ruin","Šíp Zkázy"
"StaticItemNames.crossbowNames[404]","Crossbow of the Damned King","Kuše Zatraceného Krále"
"StaticItemNames.crossbowNames[405]","Darkforge Crossbow","Darkforge Kuše"
"StaticItemNames.crossbowNames[406]","Ember Arbalest","Žhavý uhlík Arbaleta"
"StaticItemNames.crossbowNames[407]","Frostfire Arbalest","Mrazový ohnivý Arbaleta"
"StaticItemNames.crossbowNames[408]","Gravestone Crossbow","Gravestone Kuše"
"StaticItemNames.crossbowNames[409]","Hellgate Crossbow","Hellgate Kuše"
"StaticItemNames.crossbowNames[410]","Irongate Crossbow","Irongate Kuše"
"StaticItemNames.crossbowNames[411]","Jawbone Crossbow","Jawbone Kuše"
"StaticItemNames.crossbowNames[412]","Kingsbane Crossbow","Kingsbane Kuše"
"StaticItemNames.crossbowNames[413]","Lethality","Smrtonosnost"
"StaticItemNames.crossbowNames[414]","Midnight Crossbow","Půlnoc Kuše"
"StaticItemNames.crossbowNames[415]","Naildriver","Zatloukač hřebíků"
"StaticItemNames.crossbowNames[416]","Oathbound Crossbow","Kuše přísahy"
"StaticItemNames.crossbowNames[417]","Piledriver Crossbow","Beranidlová kuše"
"StaticItemNames.crossbowNames[418]","Quarrel of the Crown","Šipka Koruny"
"StaticItemNames.crossbowNames[419]","Razorwind Crossbow","Kuše Břitového větru"
"StaticItemNames.crossbowNames[420]","Stonebreaker Crossbow","Kuše Lamače kamene"
"StaticItemNames.crossbowNames[421]","Thundergate Crossbow","Kuše Hromové brány"
"StaticItemNames.crossbowNames[422]","Underbolt","Podzemní šipka"
"StaticItemNames.crossbowNames[423]","Venomfire Crossbow","Kuše Jedového ohně"
"StaticItemNames.crossbowNames[424]","Wrathgate Crossbow","Kuše Brány hněvu"
"StaticItemNames.crossbowNames[425]","Arbalest of the Crown","Arbalesta Koruny"
"StaticItemNames.crossbowNames[426]","Bonecrusher Crossbow","Kuše Drtiče kostí"
"StaticItemNames.crossbowNames[427]","Chainfire Crossbow","Kuše Řetězového ohně"
"StaticItemNames.crossbowNames[428]","Duskfire Crossbow","Kuše Soumračného ohně"
"StaticItemNames.crossbowNames[429]","Embermaw Crossbow","Kuše Žhavé tlamy"
"StaticItemNames.crossbowNames[430]","Flamegate Crossbow","Kuše Plamenné brány"
"StaticItemNames.crossbowNames[431]","Grimfire Crossbow","Kuše Pochmurného ohně"
"StaticItemNames.crossbowNames[432]","Hollowpoint Crossbow","Kuše Dutého hrotu"
"StaticItemNames.crossbowNames[433]","Ironfire Crossbow","Kuše Železného ohně"
"StaticItemNames.crossbowNames[434]","Jawbreaker Bolt","Šipka Lamače čelistí"
"StaticItemNames.crossbowNames[435]","Killshot Crossbow","Kuše Smrtícího výstřelu"
"StaticItemNames.crossbowNames[436]","Lockdown Crossbow","Kuše Úplné uzávěry"
"StaticItemNames.crossbowNames[437]","Mayhem Crossbow","Kuše Chaosu"
"StaticItemNames.crossbowNames[438]","Nightgate Crossbow","Kuše Noční brány"
"StaticItemNames.crossbowNames[439]","Ordeal Crossbow","Kuše Utrpení"
"StaticItemNames.crossbowNames[440]","Painmaster Crossbow","Kuše Pána bolesti"
"StaticItemNames.crossbowNames[441]","Quarrel of the Warden","Šipka Strážce"
"StaticItemNames.crossbowNames[442]","Railgun Crossbow","Kolejnicová kuše"
"StaticItemNames.crossbowNames[443]","Spitfire Crossbow","Kuše Chrlícího ohně"
"StaticItemNames.crossbowNames[444]","Thunderclap Crossbow","Kuše Hromového úderu"
"StaticItemNames.crossbowNames[445]","Unchained Bolt","Nespoutaná šipka"
"StaticItemNames.crossbowNames[446]","Voidgate Crossbow","Kuše Prázdnotné brány"
"StaticItemNames.crossbowNames[447]","Warpshot Crossbow","Kuše Pokřiveného výstřelu"
"StaticItemNames.crossbowNames[448]","Arbalest of Blood","Arbalesta Krve"
"StaticItemNames.crossbowNames[449]","Ballista","Balista"
"StaticItemNames.crossbowNames[450]","Cannon Crossbow","Kanónová kuše"
"StaticItemNames.crossbowNames[451]","Deathgate Crossbow","Kuše Brány smrti"
"StaticItemNames.crossbowNames[452]","Eruption Crossbow","Kuše Erupce"
"StaticItemNames.crossbowNames[453]","Firewall Crossbow","Kuše Ohnivé zdi"
"StaticItemNames.crossbowNames[454]","Gauntlet Crossbow","Kuše Rukavice"
"StaticItemNames.crossbowNames[455]","Harpoon Crossbow","Harpunová kuše"
"StaticItemNames.crossbowNames[456]","Infernal Bolt","Pekelná šipka"
"StaticItemNames.crossbowNames[457]","Jackhammer Crossbow","Kuše Sbíječky"
"StaticItemNames.crossbowNames[458]","Kinetica Crossbow","Kinetická kuše"
"StaticItemNames.crossbowNames[459]","Landmine Crossbow","Minová kuše"
"StaticItemNames.crossbowNames[460]","Mauler Crossbow","Drtivá kuše"
"StaticItemNames.crossbowNames[461]","Neurotoxin Crossbow","Neurotoxinová kuše"
"StaticItemNames.crossbowNames[462]","Ordinance Crossbow","Arzenální kuše"
"StaticItemNames.crossbowNames[463]","Partisan Crossbow","Partyzánská kuše"
"StaticItemNames.crossbowNames[464]","Quarrel of the Depths","Šipka Hlubin"
"StaticItemNames.crossbowNames[465]","Reckoning Crossbow","Kuše Zúčtování"
"StaticItemNames.crossbowNames[466]","Shrapnel Crossbow","Šrapnelová kuše"
"StaticItemNames.crossbowNames[467]","Trebuchet Crossbow","Trebušetová kuše"
"StaticItemNames.crossbowNames[468]","Undertow Bolt","Šipka Zpětného proudu"
"StaticItemNames.crossbowNames[469]","Vanguard Bolt","Předvojová šipka"
"StaticItemNames.crossbowNames[470]","Warhammer Crossbow","Kuše Válečného kladiva"
"StaticItemNames.crossbowNames[471]","Arbalest of the Forge","Arbalesta Kovárny"
"StaticItemNames.crossbowNames[472]","Battering Crossbow","Beranící kuše"
"StaticItemNames.crossbowNames[473]","Catapult Crossbow","Katapultová kuše"
"StaticItemNames.crossbowNames[474]","Drillshot Crossbow","Kuše Vrtaného výstřelu"
"StaticItemNames.crossbowNames[475]","Earthfire Crossbow","Kuše Zemního ohně"
"StaticItemNames.crossbowNames[476]","Forgehammer Crossbow","Kuše Kovárenského kladiva"
"StaticItemNames.crossbowNames[477]","Gavel Crossbow","Kuše Kladívka"
"StaticItemNames.crossbowNames[478]","Hammerfall Crossbow","Kuše Pádu kladiva"
"StaticItemNames.crossbowNames[479]","Ironjaw Crossbow","Kuše Železné čelisti"
"StaticItemNames.crossbowNames[480]","Judgement Bolt","Šipka Soudu"
"StaticItemNames.crossbowNames[481]","Kingmaker Crossbow","Králotvorná kuše"
"StaticItemNames.crossbowNames[482]","Lodestar Crossbow","Kuše Polárky"
"StaticItemNames.crossbowNames[483]","Mortar Crossbow","Minometná kuše"
"StaticItemNames.crossbowNames[484]","Nullfire Crossbow","Kuše Nulového ohně"
"StaticItemNames.crossbowNames[485]","Oathfire Crossbow","Kuše Přísahového ohně"
"StaticItemNames.crossbowNames[486]","Plaguefire Crossbow","Kuše Morového ohně"
"StaticItemNames.crossbowNames[487]","Quarrel of Blood","Šipka Krve"
"StaticItemNames.crossbowNames[488]","Ruingate Crossbow","Kuše Brány zkázy"
"StaticItemNames.crossbowNames[489]","Soulfire Crossbow","Kuše Duševního ohně"
"StaticItemNames.crossbowNames[490]","Titanfire Crossbow","Kuše Titánského ohně"
"StaticItemNames.crossbowNames[491]","Undying Bolt","Neumírající šipka"
"StaticItemNames.crossbowNames[492]","Viperstrike Crossbow","Kuše Úderu zmije"
"StaticItemNames.crossbowNames[493]","Warfire Crossbow","Kuše Válečného ohně"
"StaticItemNames.crossbowNames[494]","Arbalest of Ruin","Arbalesta Zkázy"
"StaticItemNames.crossbowNames[495]","Blightfire Crossbow","Kuše Pohromového ohně"
"StaticItemNames.crossbowNames[496]","Cataclysm Bolt","Kataklyzmatická šipka"
"StaticItemNames.crossbowNames[497]","Doomgate Crossbow","Kuše Brány zhouby"
"StaticItemNames.crossbowNames[498]","Endgame Crossbow","Kuše Konečné hry"
"StaticItemNames.crossbowNames[499]","Finality Crossbow","Kuše Konečnosti"
"StaticItemNames.fishingRodNames[0]","Angler's Pride","Rybářova pýcha"
"StaticItemNames.fishingRodNames[1]","The Hook","Háček"
"StaticItemNames.fishingRodNames[2]","Deep Caster","Hlubinný vrhač"
"StaticItemNames.fishingRodNames[3]","Tidecatcher","Lovec přílivu"
"StaticItemNames.fishingRodNames[4]","Lure of the Depths","Návnada hlubin"
"StaticItemNames.fishingRodNames[5]","Reelmaster","Mistr navijáku"
"StaticItemNames.fishingRodNames[6]","Castaway","Trosečník"
"StaticItemNames.fishingRodNames[7]","The Bobber","Splávek"
"StaticItemNames.fishingRodNames[8]","Seafang","Mořský tesák"
"StaticItemNames.fishingRodNames[9]","Wave Render","Trhač vln"
"StaticItemNames.fishingRodNames[10]","Tidal Fury","Přílivový běs"
"StaticItemNames.fishingRodNames[11]","Current Keeper","Strážce proudu"
"StaticItemNames.fishingRodNames[12]","The Netter","Síťař"
"StaticItemNames.fishingRodNames[13]","Riptide Rod","Prut trhavého proudu"
"StaticItemNames.fishingRodNames[14]","Surf Caster","Vrhací prut příboje"
"StaticItemNames.fishingRodNames[15]","Deepwater","Hluboká voda"
"StaticItemNames.fishingRodNames[16]","Shore Striker","Útočník pobřeží"
"StaticItemNames.fishingRodNames[17]","The Trawler","Trawler"
"StaticItemNames.fishingRodNames[18]","Baitmaster","Mistr návnady"
"StaticItemNames.fishingRodNames[19]","Hook of the Abyss","Hák Propasti"
"StaticItemNames.fishingRodNames[20]","Line Render","Trhač vlasce"
"StaticItemNames.fishingRodNames[21]","Sinker's Might","Síla olůvka"
"StaticItemNames.fishingRodNames[22]","Cast of Storms","Nához bouří"
"StaticItemNames.fishingRodNames[23]","Reel of Fate","Naviják osudu"
"StaticItemNames.fishingRodNames[24]","The Fishmonger","Rybář"
"StaticItemNames.fishingRodNames[25]","Gillcatcher","Lovec žaber"
"StaticItemNames.fishingRodNames[26]","Finripper","Trhač ploutví"
"StaticItemNames.fishingRodNames[27]","Scale Render","Trhač šupin"
"StaticItemNames.fishingRodNames[28]","Trout Slayer","Zabiják pstruhů"
"StaticItemNames.fishingRodNames[29]","Bass Bane","Zkáza okounů"
"StaticItemNames.fishingRodNames[30]","Pike Render","Trhač štik"
"StaticItemNames.fishingRodNames[31]","Carp Catcher","Lovec kaprů"
"StaticItemNames.fishingRodNames[32]","Salmon Striker","Útočník lososů"
"StaticItemNames.fishingRodNames[33]","Cod Caster","Vrháč tresky"
"StaticItemNames.fishingRodNames[34]","Perch Piercer","Probodávač okounů"
"StaticItemNames.fishingRodNames[35]","Catfish Claw","Dráp sumce"
"StaticItemNames.fishingRodNames[36]","Sturgeon Strike","Úder jesetera"
"StaticItemNames.fishingRodNames[37]","Marlin Maw","Tlama marlína"
"StaticItemNames.fishingRodNames[38]","Tuna Terror","Postrach tuňáků"
"StaticItemNames.fishingRodNames[39]","Swordfish Slayer","Zabiják mečounů"
"StaticItemNames.fishingRodNames[40]","Barracuda Bane","Zkáza barakud"
"StaticItemNames.fishingRodNames[41]","Shark Render","Trhač žraloků"
"StaticItemNames.fishingRodNames[42]","Whale Warden","Strážce velryb"
"StaticItemNames.fishingRodNames[43]","Kraken Hook","Krakenův hák"
"StaticItemNames.fishingRodNames[44]","Leviathan Line","Leviatanův vlasec"
"StaticItemNames.fishingRodNames[45]","Serpent Caster","Hadí vrhač"
"StaticItemNames.fishingRodNames[46]","Dragon Rod","Dračí prut"
"StaticItemNames.fishingRodNames[47]","Sea Wyrm Rod","Prut mořského wyrma"
"StaticItemNames.fishingRodNames[48]","Abyssal Hook","Propastný hák"
"StaticItemNames.fishingRodNames[49]","Fathom Finder","Hledač hlubin"
"StaticItemNames.fishingRodNames[50]","Depth Charge","Hlubinná nálož"
"StaticItemNames.fishingRodNames[51]","Ocean's Grasp","Sevření oceánu"
"StaticItemNames.fishingRodNames[52]","Coral Caster","Korálový vrhač"
"StaticItemNames.fishingRodNames[53]","Reef Render","Trhač útesů"
"StaticItemNames.fishingRodNames[54]","Kelp Keeper","Strážce chaluh"
"StaticItemNames.fishingRodNames[55]","Seaweed Striker","Útočník mořských řas"
"StaticItemNames.fishingRodNames[56]","Pearl Fisher","Lovec perel"
"StaticItemNames.fishingRodNames[57]","Shell Seeker","Hledač mušlí"
"StaticItemNames.fishingRodNames[58]","Clam Cracker","Lamač škeblí"
"StaticItemNames.fishingRodNames[59]","Oyster Opener","Otvírač ústřic"
"StaticItemNames.fishingRodNames[60]","Barnacle Breaker","Lamač barnaklů"
"StaticItemNames.fishingRodNames[61]","Anchor Rod","Kotvový prut"
"StaticItemNames.fishingRodNames[62]","Compass Caster","Kompasový vrhač"
"StaticItemNames.fishingRodNames[63]","Captain's Rod","Kapitánův prut"
"StaticItemNames.fishingRodNames[64]","Admiral's Line","Admirálův vlasec"
"StaticItemNames.fishingRodNames[65]","Commodore Cast","Nához komodora"
"StaticItemNames.fishingRodNames[66]","Mariner's Might","Síla mořeplavce"
"StaticItemNames.fishingRodNames[67]","Sailor's Strike","Úder námořníka"
"StaticItemNames.fishingRodNames[68]","Boatswain's Rod","Lodníkův prut"
"StaticItemNames.fishingRodNames[69]","Helmsman's Hook","Hák kormidelníka"
"StaticItemNames.fishingRodNames[70]","Navigator's Rod","Navigátorův prut"
"StaticItemNames.fishingRodNames[71]","Lookout's Line","Vlasec hlídky"
"StaticItemNames.fishingRodNames[72]","Deckhand's Rod","Prut palubníka"
"StaticItemNames.fishingRodNames[73]","Steersman's Cast","Nához kormidelníka"
"StaticItemNames.fishingRodNames[74]","Shipwright's Rod","Prut lodního tesaře"
"StaticItemNames.fishingRodNames[75]","Harbor Master Rod","Prut přístavního mistra"
"StaticItemNames.fishingRodNames[76]","Dockside Caster","Přístavní vrhač"
"StaticItemNames.fishingRodNames[77]","Pier Fisher","Rybář z mola"
"StaticItemNames.fishingRodNames[78]","Jetty Rod","Prut hráze"
"StaticItemNames.fishingRodNames[79]","Breakwater Rod","Prut vlnolamu"
"StaticItemNames.fishingRodNames[80]","Lighthouse Line","Vlasec majáku"
"StaticItemNames.fishingRodNames[81]","Beacon Caster","Majákový vrhač"
"StaticItemNames.fishingRodNames[82]","Foghorn Rod","Prut mlhového rohu"
"StaticItemNames.fishingRodNames[83]","Buoy Bouncer","Odrážeč bójí"
"StaticItemNames.fishingRodNames[84]","Channel Caster","Kanálový vrhač"
"StaticItemNames.fishingRodNames[85]","Strait Striker","Útočník průlivu"
"StaticItemNames.fishingRodNames[86]","Bay Fisher","Rybář zálivu"
"StaticItemNames.fishingRodNames[87]","Cove Caster","Vrháč zátoky"
"StaticItemNames.fishingRodNames[88]","Inlet Rod","Prut vtoku"
"StaticItemNames.fishingRodNames[89]","Lagoon Line","Vlasec laguny"
"StaticItemNames.fishingRodNames[90]","Estuary Rod","Prut estuáru"
"StaticItemNames.fishingRodNames[91]","Delta Caster","Deltový vrhač"
"StaticItemNames.fishingRodNames[92]","Tributary Rod","Prut přítoku"
"StaticItemNames.fishingRodNames[93]","Confluence Caster","Vrháč soutoku"
"StaticItemNames.fishingRodNames[94]","Watershed Rod","Prut rozvodí"
"StaticItemNames.fishingRodNames[95]","Rapids Render","Trhač peřejí"
"StaticItemNames.fishingRodNames[96]","Cascade Caster","Vrháč kaskád"
"StaticItemNames.fishingRodNames[97]","Waterfall Rod","Prut vodopádu"
"StaticItemNames.fishingRodNames[98]","Spring Fisher","Rybář pramene"
"StaticItemNames.fishingRodNames[99]","Brook Caster","Vrháč potoka"
"StaticItemNames.fishingRodNames[100]","Creek Rod","Prut potoka"
"StaticItemNames.fishingRodNames[101]","Stream Striker","Útočník proudu"
"StaticItemNames.fishingRodNames[102]","River Render","Trhač řeky"
"StaticItemNames.fishingRodNames[103]","Lake Line","Jezerní vlasec"
"StaticItemNames.fishingRodNames[104]","Pond Caster","Vrháč rybníka"
"StaticItemNames.fishingRodNames[105]","Pool Rod","Prut tůně"
"StaticItemNames.fishingRodNames[106]","Puddle Fisher","Rybář kaluže"
"StaticItemNames.fishingRodNames[107]","Raindrop Rod","Prut dešťové kapky"
"StaticItemNames.fishingRodNames[108]","Dewdrop Caster","Vrháč rosné kapky"
"StaticItemNames.fishingRodNames[109]","Mist Fisher","Rybář mlhy"
"StaticItemNames.fishingRodNames[110]","Fog Rod","Prut mlhy"
"StaticItemNames.fishingRodNames[111]","Cloud Caster","Vrháč mraků"
"StaticItemNames.fishingRodNames[112]","Storm Fisher","Rybář bouře"
"StaticItemNames.fishingRodNames[113]","Thunder Rod","Hromový prut"
"StaticItemNames.fishingRodNames[114]","Lightning Caster","Vrháč blesku"
"StaticItemNames.fishingRodNames[115]","Tempest Fisher","Rybář vichřice"
"StaticItemNames.fishingRodNames[116]","Gale Rod","Větrný prut"
"StaticItemNames.fishingRodNames[117]","Cyclone Caster","Cyklonový vrhač"
"StaticItemNames.fishingRodNames[118]","Tornado Rod","Tornádový prut"
"StaticItemNames.fishingRodNames[119]","Hurricane Fisher","Hurikánový rybář"
"StaticItemNames.fishingRodNames[120]","Typhoon Rod","Tajfunový prut"
"StaticItemNames.fishingRodNames[121]","Monsoon Caster","Monzunový vrhač"
"StaticItemNames.fishingRodNames[122]","Whirlpool Rod","Vírový prut"
"StaticItemNames.fishingRodNames[123]","Maelstrom Fisher","Vírový rybář"
"StaticItemNames.fishingRodNames[124]","Vortex Rod","Vírový prut"
"StaticItemNames.fishingRodNames[125]","Eddy Caster","Vírový vrhač"
"StaticItemNames.fishingRodNames[126]","Undertow Rod","Podtahový prut"
"StaticItemNames.fishingRodNames[127]","Surge Fisher","Přívalový rybář"
"StaticItemNames.fishingRodNames[128]","Swell Rod","Přílivový prut"
"StaticItemNames.fishingRodNames[129]","Breaker Caster","Přelomový vrhač"
"StaticItemNames.fishingRodNames[130]","Whitecap Rod","Prut bílé pěny"
"StaticItemNames.fishingRodNames[131]","Foam Fisher","Pěnový rybář"
"StaticItemNames.fishingRodNames[132]","Spray Rod","Stříkající prut"
"StaticItemNames.fishingRodNames[133]","Splash Caster","Stříkavý vrhač"
"StaticItemNames.fishingRodNames[134]","Ripple Rod","Vlnový prut"
"StaticItemNames.fishingRodNames[135]","Wake Fisher","Vlnný rybář"
"StaticItemNames.fishingRodNames[136]","Drift Rod","Driftní prut"
"StaticItemNames.fishingRodNames[137]","Float Caster","Plovací vrhač"
"StaticItemNames.fishingRodNames[138]","Glide Rod","Klouzavý prut"
"StaticItemNames.fishingRodNames[139]","Slide Fisher","Klouzavý rybář"
"StaticItemNames.fishingRodNames[140]","Slip Rod","Klouzavý prut"
"StaticItemNames.fishingRodNames[141]","Flow Caster","Tokový vrhač"
"StaticItemNames.fishingRodNames[142]","Flush Fisher","Oplachový rybář"
"StaticItemNames.fishingRodNames[143]","Torrent Rod","Přívalový prut"
"StaticItemNames.fishingRodNames[144]","Deluge Caster","Záplavový vrhač"
"StaticItemNames.fishingRodNames[145]","Flood Fisher","Povodňový rybář"
"StaticItemNames.fishingRodNames[146]","Inundation Rod","Zaplavený prut"
"StaticItemNames.fishingRodNames[147]","Submersion Caster","Ponorný vrhač"
"StaticItemNames.fishingRodNames[148]","Immersion Rod","Ponárací prut"
"StaticItemNames.fishingRodNames[149]","Plunge Fisher","Potápěcí rybář"
"StaticItemNames.fishingRodNames[150]","Dive Caster","Potápěcí vrhač"
"StaticItemNames.fishingRodNames[151]","Descent Rod","Sestupný prut"
"StaticItemNames.fishingRodNames[152]","Sunken Caster","Potopený vrhač"
"StaticItemNames.fishingRodNames[153]","Drowned Fisher","Potopený rybář"
"StaticItemNames.fishingRodNames[154]","Submerged Rod","Ponorový prut"
"StaticItemNames.fishingRodNames[155]","Watery Grave Rod","Vodní hrobový prut"
"StaticItemNames.fishingRodNames[156]","Davy Jones Rod","Davy Jonesův prut"
"StaticItemNames.fishingRodNames[157]","Ghost Ship Rod","Prut strašlivé lodi"
"StaticItemNames.fishingRodNames[158]","Phantom Fisher","Fantomový rybář"
"StaticItemNames.fishingRodNames[159]","Specter Rod","Přízračný prut"
"StaticItemNames.fishingRodNames[160]","Wraith Caster","Vrhač přízraku"
"StaticItemNames.fishingRodNames[161]","Spirit Fisher","Duchovní rybář"
"StaticItemNames.fishingRodNames[162]","Soul Rod","Dušový prut"
"StaticItemNames.fishingRodNames[163]","Ethereal Caster","Eterický vrhač"
"StaticItemNames.fishingRodNames[164]","Astral Fisher","Astrální rybář"
"StaticItemNames.fishingRodNames[165]","Celestial Rod","Nebeský prut"
"StaticItemNames.fishingRodNames[166]","Cosmic Caster","Kosmický vrhač"
"StaticItemNames.fishingRodNames[167]","Stellar Fisher","Hvězdný rybář"
"StaticItemNames.fishingRodNames[168]","Lunar Rod","Lunární prut"
"StaticItemNames.fishingRodNames[169]","Solar Caster","Sluneční vrhač"
"StaticItemNames.fishingRodNames[170]","Eclipse Fisher","Zatměcí rybář"
"StaticItemNames.fishingRodNames[171]","Solstice Rod","Slunovratový prut"
"StaticItemNames.fishingRodNames[172]","Equinox Caster","Rovnodenní vrhač"
"StaticItemNames.fishingRodNames[173]","Zenith Fisher","Zenitní rybář"
"StaticItemNames.fishingRodNames[174]","Nadir Rod","Nadirní prut"
"StaticItemNames.fishingRodNames[175]","Apex Caster","Vrcholový vrhač"
"StaticItemNames.fishingRodNames[176]","Summit Fisher","Vrcholový rybář"
"StaticItemNames.fishingRodNames[177]","Peak Rod","Vrcholový prut"
"StaticItemNames.fishingRodNames[178]","Crest Caster","Hřebenový vrhač"
"StaticItemNames.fishingRodNames[179]","Crown Fisher","Korunový rybář"
"StaticItemNames.fishingRodNames[180]","Pinnacle Rod","Vrcholový prut"
"StaticItemNames.fishingRodNames[181]","Acme Caster","Acme vrhač"
"StaticItemNames.fishingRodNames[182]","Vertex Fisher","Vrcholový vrhač"
"StaticItemNames.fishingRodNames[183]","Meridian Rod","Vrcholový rybář"
"StaticItemNames.fishingRodNames[184]","Horizon Caster","Vrcholový prut"
"StaticItemNames.fishingRodNames[185]","Crimson Rod","Horizontový vrhač"
"StaticItemNames.fishingRodNames[186]","Azure Caster","Karmínový prut"
"StaticItemNames.fishingRodNames[187]","Golden Fisher","Azurový vrhač"
"StaticItemNames.fishingRodNames[188]","Silver Rod","Zlatý rybář"
"StaticItemNames.fishingRodNames[189]","Obsidian Caster","Stříbrný prut"
"StaticItemNames.fishingRodNames[190]","Emerald Fisher","Obsidianový vrhač"
"StaticItemNames.fishingRodNames[191]","Ruby Rod","Smaragdový rybář"
"StaticItemNames.fishingRodNames[192]","Sapphire Caster","Rubínový prut"
"StaticItemNames.fishingRodNames[193]","Diamond Fisher","Safírový vrhač"
"StaticItemNames.fishingRodNames[194]","Amethyst Rod","Diamantový rybář"
"StaticItemNames.fishingRodNames[195]","Topaz Caster","Ametystový prut"
"StaticItemNames.fishingRodNames[196]","Jade Fisher","Topazový vrhač"
"StaticItemNames.fishingRodNames[197]","Opal Rod","Jadeitový rybář"
"StaticItemNames.fishingRodNames[198]","Pearl Rod","Opálový prut"
"StaticItemNames.fishingRodNames[199]","Onyx Caster","Perlový rybář"
"StaticItemNames.fishingRodNames[200]","Garnet Fisher","Onyxový vrhač"
"StaticItemNames.fishingRodNames[201]","Quartz Rod","Granátový rybář"
"StaticItemNames.fishingRodNames[202]","Ivory Caster","Křemenný prut"
"StaticItemNames.fishingRodNames[203]","Ebony Fisher","Slonovinový vrhač"
"StaticItemNames.fishingRodNames[204]","Coral Rod","Ebenový rybář"
"StaticItemNames.fishingRodNames[205]","Amber Caster","Korálový prut"
"StaticItemNames.fishingRodNames[206]","Iron Fisher","Jantarový vrhač"
"StaticItemNames.fishingRodNames[207]","Steel Rod","Železný rybář"
"StaticItemNames.fishingRodNames[208]","Bronze Caster","Ocelový prut"
"StaticItemNames.fishingRodNames[209]","Copper Fisher","Bronzový vrhač"
"StaticItemNames.fishingRodNames[210]","Tin Rod","Měděný rybář"
"StaticItemNames.fishingRodNames[211]","Mythril Caster","Cínový prut"
"StaticItemNames.fishingRodNames[212]","Adamant Fisher","Mithrilový vrhač"
"StaticItemNames.fishingRodNames[213]","Titanium Rod","Adamantitový rybář"
"StaticItemNames.fishingRodNames[214]","Cobalt Caster","Titaniový prut"
"StaticItemNames.fishingRodNames[215]","Chrome Fisher","Kobaltový vrhač"
"StaticItemNames.fishingRodNames[216]","Platinum Rod","Chromový rybář"
"StaticItemNames.fishingRodNames[217]","Electrum Caster","Platinový prut"
"StaticItemNames.fishingRodNames[218]","Orichalcum Fisher","Elekturný vrhač"
"StaticItemNames.fishingRodNames[219]","Darksteel Rod","Orichalkový rybář"
"StaticItemNames.fishingRodNames[220]","Brightiron Caster","Temný ocelový prut"
"StaticItemNames.fishingRodNames[221]","Dragon Fisher","Jasný ocelový vrhač"
"StaticItemNames.fishingRodNames[222]","Wyvern Rod","Dračí rybář"
"StaticItemNames.fishingRodNames[223]","Griffin Caster","Wyvernův prut"
"StaticItemNames.fishingRodNames[224]","Phoenix Fisher","Gryfí vrhač"
"StaticItemNames.fishingRodNames[225]","Hydra Rod","Fénixový rybář"
"StaticItemNames.fishingRodNames[226]","Basilisk Caster","Hydrův prut"
"StaticItemNames.fishingRodNames[227]","Manticore Fisher","Bazilišský vrhač"
"StaticItemNames.fishingRodNames[228]","Chimera Rod","Manticorský rybář"
"StaticItemNames.fishingRodNames[229]","Cerberus Caster","Chimérický prut"
"StaticItemNames.fishingRodNames[230]","Minotaur Fisher","Kerberosův vrhač"
"StaticItemNames.fishingRodNames[231]","Mermaid's Rod","Minotauří rybář"
"StaticItemNames.fishingRodNames[232]","Siren's Caster","Prut mořské panny"
"StaticItemNames.fishingRodNames[233]","Triton's Fisher","Sirénin vrhač"
"StaticItemNames.fishingRodNames[234]","Poseidon's Rod","Tritonův rybář"
"StaticItemNames.fishingRodNames[235]","Neptune's Caster","Poseidonův prut"
"StaticItemNames.fishingRodNames[236]","Oceanus Fisher","Neptunův vrhač"
"StaticItemNames.fishingRodNames[237]","Tethys Rod","Oceanův rybář"
"StaticItemNames.fishingRodNames[238]","Calypso Caster","Tethýsův prut"
"StaticItemNames.fishingRodNames[239]","Amphitrite Fisher","Kalypsin vrhač"
"StaticItemNames.fishingRodNames[240]","Nereid Rod","Amfitritin rybář"
"StaticItemNames.fishingRodNames[241]","Naiad Caster","Nereidní prut"
"StaticItemNames.fishingRodNames[242]","Undine Fisher","Naiadský vrhač"
"StaticItemNames.fishingRodNames[243]","Selkie Rod","Undiní rybář"
"StaticItemNames.fishingRodNames[244]","Kelpie Caster","Selkieho prut"
"StaticItemNames.fishingRodNames[245]","Nixie Fisher","Kelpijský vrhač"
"StaticItemNames.fishingRodNames[246]","Sprite Rod","Nixiný rybář"
"StaticItemNames.fishingRodNames[247]","Nymph Caster","Vílový prut"
"StaticItemNames.fishingRodNames[248]","Fairy Fisher","Nymfový vrhač"
"StaticItemNames.fishingRodNames[249]","Pixie Rod","Vílí rybář"
"StaticItemNames.fishingRodNames[250]","Goblin Caster","Skřetí prut"
"StaticItemNames.fishingRodNames[251]","Troll Fisher","Gobliní vrhač"
"StaticItemNames.fishingRodNames[252]","Ogre Rod","Trolí rybář"
"StaticItemNames.fishingRodNames[253]","Giant Caster","Ogrův prut"
"StaticItemNames.fishingRodNames[254]","Titan Fisher","Obří vrhač"
"StaticItemNames.fishingRodNames[255]","Colossus Rod","Titánský rybář"
"StaticItemNames.fishingRodNames[256]","Behemoth Caster","Kolosální prut"
"StaticItemNames.fishingRodNames[257]","Juggernaut Fisher","Behemotský vrhač"
"StaticItemNames.fishingRodNames[258]","Goliath Rod","Juggernautový rybář"
"StaticItemNames.fishingRodNames[259]","Atlas Caster","Goliášský prut"
"StaticItemNames.fishingRodNames[260]","Hercules Fisher","Atlaský vrhač"
"StaticItemNames.fishingRodNames[261]","Achilles Rod","Héraklový rybář"
"StaticItemNames.fishingRodNames[262]","Odysseus Caster","Achilleův prut"
"StaticItemNames.fishingRodNames[263]","Jason Fisher","Odysseův vrhač"
"StaticItemNames.fishingRodNames[264]","Perseus Rod","Jasonův rybář"
"StaticItemNames.fishingRodNames[265]","Theseus Caster","Perseův prut"
"StaticItemNames.fishingRodNames[266]","Orion Fisher","Theseův vrhač"
"StaticItemNames.fishingRodNames[267]","Orpheus Rod","Orionův rybář"
"StaticItemNames.fishingRodNames[268]","Icarus Caster","Orfeův prut"
"StaticItemNames.fishingRodNames[269]","Daedalus Fisher","Ikarův vrhač"
"StaticItemNames.fishingRodNames[270]","Midas Rod","Daidalský rybář"
"StaticItemNames.fishingRodNames[271]","Cronus Caster","Midasův prut"
"StaticItemNames.fishingRodNames[272]","Prometheus Fisher","Kronův vrhač"
"StaticItemNames.fishingRodNames[273]","Epimetheus Rod","Prometeův rybář"
"StaticItemNames.fishingRodNames[274]","Pandora Caster","Epimétheův prut"
"StaticItemNames.fishingRodNames[275]","Arachne Fisher","Pandora vrhač"
"StaticItemNames.fishingRodNames[276]","Medusa Rod","Arachne rybář"
"StaticItemNames.fishingRodNames[277]","Scylla Caster","Medúzin prut"
"StaticItemNames.fishingRodNames[278]","Charybdis Fisher","Scyllin vrhač"
"StaticItemNames.fishingRodNames[279]","Circe Rod","Charybdin rybář"
"StaticItemNames.fishingRodNames[280]","Calliope Caster","Circeův prut"
"StaticItemNames.fishingRodNames[281]","Clio Fisher","Calliopeův vrhač"
"StaticItemNames.fishingRodNames[282]","Thalia Rod","Clio rybář"
"StaticItemNames.fishingRodNames[283]","Melpomene Caster","Thaliin prut"
"StaticItemNames.fishingRodNames[284]","Euterpe Fisher","Melpomenin vrhač"
"StaticItemNames.fishingRodNames[285]","Terpsichore Rod","Euterpinin rybář"
"StaticItemNames.fishingRodNames[286]","Erato Caster","Terpsichorin prut"
"StaticItemNames.fishingRodNames[287]","Polyhymnia Fisher","Eratův vrhač"
"StaticItemNames.fishingRodNames[288]","Urania Rod","Polyhymnin rybář"
"StaticItemNames.fishingRodNames[289]","Fate's Hook","Uranin prut"
"StaticItemNames.fishingRodNames[290]","Destiny's Line","Osudový hák"
"StaticItemNames.fishingRodNames[291]","Fortune's Cast","Osudová nit"
"StaticItemNames.fishingRodNames[292]","Chance Rod","Hod štěstěny"
"StaticItemNames.fishingRodNames[293]","Luck Caster","Prut náhody"
"StaticItemNames.fishingRodNames[294]","Providence Fisher","Vrhač štěstí"
"StaticItemNames.fishingRodNames[295]","Karma Rod","Rybář prozřetelnosti"
"StaticItemNames.fishingRodNames[296]","Kismet Caster","Karmický prut"
"StaticItemNames.fishingRodNames[297]","Doom Fisher","Kismet vrhač"
"StaticItemNames.fishingRodNames[298]","Bane Rod","Rybář záhuby"
"StaticItemNames.fishingRodNames[299]","Ruin Caster","Prut zkázy"
"StaticItemNames.fishingRodNames[300]","Havoc Fisher","Vrhač zkázy"
"StaticItemNames.fishingRodNames[301]","Chaos Rod","Rybář pohromy"
"StaticItemNames.fishingRodNames[302]","Discord Caster","Prut chaosu"
"StaticItemNames.fishingRodNames[303]","Strife Fisher","Vrhač rozbroje"
"StaticItemNames.fishingRodNames[304]","Conflict Rod","Rybář sporů"
"StaticItemNames.fishingRodNames[305]","War Caster","Prut konfliktu"
"StaticItemNames.fishingRodNames[306]","Battle Fisher","Vrhač války"
"StaticItemNames.fishingRodNames[307]","Siege Rod","Rybář bitvy"
"StaticItemNames.fishingRodNames[308]","Raid Caster","Obléhací prut"
"StaticItemNames.fishingRodNames[309]","Assault Fisher","Vrhač nájezdu"
"StaticItemNames.fishingRodNames[310]","Onslaught Rod","Rybář útoku"
"StaticItemNames.fishingRodNames[311]","Rampage Caster","Prut náporu"
"StaticItemNames.fishingRodNames[312]","Fury Fisher","Vrhač zuřivosti"
"StaticItemNames.fishingRodNames[313]","Rage Rod","Rybář zuřivosti"
"StaticItemNames.fishingRodNames[314]","Wrath Caster","Vrhač hněvu"
"StaticItemNames.fishingRodNames[315]","Vengeance Fisher","Rybář pomsty"
"StaticItemNames.fishingRodNames[316]","Retribution Rod","Prut odplaty"
"StaticItemNames.fishingRodNames[317]","Justice Caster","Vrhač spravedlnosti"
"StaticItemNames.fishingRodNames[318]","Mercy Fisher","Rybář milosrdenství"
"StaticItemNames.fishingRodNames[319]","Grace Rod","Prut milosti"
"StaticItemNames.fishingRodNames[320]","Virtue Caster","Vrhač ctnosti"
"StaticItemNames.fishingRodNames[321]","Honor Fisher","Rybář cti"
"StaticItemNames.fishingRodNames[322]","Valor Rod","Prut odvahy"
"StaticItemNames.fishingRodNames[323]","Glory Caster","Vrhač slávy"
"StaticItemNames.fishingRodNames[324]","Triumph Fisher","Rybář triumfu"
"StaticItemNames.fishingRodNames[325]","Victory Rod","Prut vítězství"
"StaticItemNames.fishingRodNames[326]","Conquest Caster","Vrhač dobytí"
"StaticItemNames.fishingRodNames[327]","Dominion Fisher","Rybář nadvlády"
"StaticItemNames.fishingRodNames[328]","Supremacy Rod","Prut nadvlády"
"StaticItemNames.fishingRodNames[329]","Mastery Caster","Vrhač mistrovství"
"StaticItemNames.fishingRodNames[330]","Perfection Fisher","Rybář dokonalosti"
"StaticItemNames.fishingRodNames[331]","Patience Rod","Prut trpělivosti"
"StaticItemNames.fishingRodNames[332]","Serenity Caster","Vrhač klidu"
"StaticItemNames.fishingRodNames[333]","Tranquil Fisher","Klidný rybář"
"StaticItemNames.fishingRodNames[334]","Peaceful Rod","Prut míru"
"StaticItemNames.fishingRodNames[335]","Calm Caster","Vrhač klidu"
"StaticItemNames.fishingRodNames[336]","Stillwater Fisher","Rybář klidné vody"
"StaticItemNames.fishingRodNames[337]","Quietpond Rod","Prut tichého rybníka"
"StaticItemNames.fishingRodNames[338]","Gentlebrook Caster","Vrhač jemného potoka"
"StaticItemNames.fishingRodNames[339]","Softcurrent Fisher","Rybář jemného proudu"
"StaticItemNames.fishingRodNames[340]","Easyflow Rod","Prut snadného proudu"
"StaticItemNames.fishingRodNames[341]","Lazylake Caster","Vrhač líného jezera"
"StaticItemNames.fishingRodNames[342]","Slowstream Fisher","Rybář pomalého proudu"
"StaticItemNames.fishingRodNames[343]","Idlewater Rod","Prut stojaté vody"
"StaticItemNames.fishingRodNames[344]","Restingpool Caster","Vrhač odpočívající tůně"
"StaticItemNames.fishingRodNames[345]","Sleepyshore Fisher","Rybář ospalého břehu"
"StaticItemNames.fishingRodNames[346]","Dreamtide Rod","Prut snové vlny"
"StaticItemNames.fishingRodNames[347]","Nightwave Caster","Vrhač noční vlny"
"StaticItemNames.fishingRodNames[348]","Moonbeam Fisher","Rybář měsíčního paprsku"
"StaticItemNames.fishingRodNames[349]","Starshine Rod","Prut hvězdného svitu"
"StaticItemNames.fishingRodNames[350]","Dawnbreak Caster","Vrhač úsvitu"
"StaticItemNames.fishingRodNames[351]","Duskfall Fisher","Rybář soumraku"
"StaticItemNames.fishingRodNames[352]","Twilight Rod","Prut soumraku"
"StaticItemNames.fishingRodNames[353]","Shadow Caster Rod","Stínový vrhač"
"StaticItemNames.fishingRodNames[354]","Darkwater Fisher","Rybář temné vody"
"StaticItemNames.fishingRodNames[355]","Blacktide Rod","Prut černého přílivu"
"StaticItemNames.fishingRodNames[356]","Deepnight Caster","Vrhač hluboké noci"
"StaticItemNames.fishingRodNames[357]","Midnightsea Fisher","Rybář půlnočního moře"
"StaticItemNames.fishingRodNames[358]","Witching Rod","Prut čarodějný"
"StaticItemNames.fishingRodNames[359]","Sorcerer's Cast","Hod čaroděje"
"StaticItemNames.fishingRodNames[360]","Wizard Fisher","Rybář kouzelníka"
"StaticItemNames.fishingRodNames[361]","Mage Rod","Prut mága"
"StaticItemNames.fishingRodNames[362]","Warlock Caster","Vrhač černokněžníka"
"StaticItemNames.fishingRodNames[363]","Enchanter Fisher","Rybář okouzlovače"
"StaticItemNames.fishingRodNames[364]","Conjurer Rod","Prut vyvolávače"
"StaticItemNames.fishingRodNames[365]","Alchemist Caster","Vrhač alchymisty"
"StaticItemNames.fishingRodNames[366]","Mystic Fisher","Rybář mystika"
"StaticItemNames.fishingRodNames[367]","Sage Rod","Prut mudrce"
"StaticItemNames.fishingRodNames[368]","Oracle Caster","Vrhač věštce"
"StaticItemNames.fishingRodNames[369]","Prophet Fisher","Rybář proroka"
"StaticItemNames.fishingRodNames[370]","Seer Rod","Prut jasnovidce"
"StaticItemNames.fishingRodNames[371]","Diviner Caster","Vrhač věšteckého umění"
"StaticItemNames.fishingRodNames[372]","Augur Fisher","Rybář augura"
"StaticItemNames.fishingRodNames[373]","Shaman Rod","Prut šamana"
"StaticItemNames.fishingRodNames[374]","Druid Caster","Vrhač druida"
"StaticItemNames.fishingRodNames[375]","Cleric Fisher","Rybář duchovníka"
"StaticItemNames.fishingRodNames[376]","Paladin Rod","Prut paladina"
"StaticItemNames.fishingRodNames[377]","Monk Caster","Vrhač mnicha"
"StaticItemNames.fishingRodNames[378]","Hermit Fisher","Rybář poustevníka"
"StaticItemNames.fishingRodNames[379]","Pilgrim Rod","Prut poutníka"
"StaticItemNames.fishingRodNames[380]","Wanderer Caster","Vrhač tuláka"
"StaticItemNames.fishingRodNames[381]","Nomad Fisher","Rybář kočovníka"
"StaticItemNames.fishingRodNames[382]","Vagrant Rod","Prut tuláka"
"StaticItemNames.fishingRodNames[383]","Drifter Caster","Vrhač tuláka"
"StaticItemNames.fishingRodNames[384]","Rover Fisher","Rybář pohraničníka"
"StaticItemNames.fishingRodNames[385]","Ranger Rod","Prut průzkumníka"
"StaticItemNames.fishingRodNames[386]","Scout Caster","Vrhač průzkumníka"
"StaticItemNames.fishingRodNames[387]","Tracker Fisher","Rybář stopaře"
"StaticItemNames.fishingRodNames[388]","Hunter Rod","Prut lovce"
"StaticItemNames.fishingRodNames[389]","Trapper Caster","Vrhač lovce"
"StaticItemNames.fishingRodNames[390]","Stalker Fisher","Rybář pronásledovatele"
"StaticItemNames.fishingRodNames[391]","Predator Rod","Prut predátora"
"StaticItemNames.fishingRodNames[392]","Raptor Caster","Vrhač predátora"
"StaticItemNames.fishingRodNames[393]","Falcon Fisher","Rybář sokola"
"StaticItemNames.fishingRodNames[394]","Eagle Rod","Prut orla"
"StaticItemNames.fishingRodNames[395]","Hawk Caster","Vrhač jestřába"
"StaticItemNames.fishingRodNames[396]","Osprey Fisher","Rybář mořského supa"
"StaticItemNames.fishingRodNames[397]","Heron Rod","Prut volavky"
"StaticItemNames.fishingRodNames[398]","Crane Caster","Vrhač jeřába"
"StaticItemNames.fishingRodNames[399]","Kingfisher Rod","Prut ledňáčka"
"StaticItemNames.fishingRodNames[400]","Pelican Caster","Vrhač pelikána"
"StaticItemNames.fishingRodNames[401]","Albatross Fisher","Rybář albatrosa"
"StaticItemNames.fishingRodNames[402]","Cormorant Rod","Prut kormorána"
"StaticItemNames.fishingRodNames[403]","Tern Caster","Vrhač rorýse"
"StaticItemNames.fishingRodNames[404]","Gull Fisher","Rybář racka"
"StaticItemNames.fishingRodNames[405]","Petrel Rod","Prut petrela"
"StaticItemNames.fishingRodNames[406]","Puffin Caster","Vrhač tučňáka"
"StaticItemNames.fishingRodNames[407]","The Old Rod","Starý prut"
"StaticItemNames.fishingRodNames[408]","The Good Rod","Dobrý prut"
"StaticItemNames.fishingRodNames[409]","The Super Rod","Super prut"
"StaticItemNames.fishingRodNames[410]","Ancient Fisher","Starobylý rybář"
"StaticItemNames.fishingRodNames[411]","Forgotten Rod","Zapomenutý prut"
"StaticItemNames.fishingRodNames[412]","Lost Caster","Ztracený vrhač"
"StaticItemNames.fishingRodNames[413]","Ruined Fisher","Zničený rybář"
"StaticItemNames.fishingRodNames[414]","Broken Rod","Rozbitý prut"
"StaticItemNames.fishingRodNames[415]","Shattered Caster","Tříštěný vrhač"
"StaticItemNames.fishingRodNames[416]","Mended Fisher","Opravný rybář"
"StaticItemNames.fishingRodNames[417]","Restored Rod","Obnovený prut"
"StaticItemNames.fishingRodNames[418]","Reborn Caster","Znovuzrozený vrhač"
"StaticItemNames.fishingRodNames[419]","Eternal Fisher","Věčný rybář"
"StaticItemNames.fishingRodNames[420]","Infinite Rod","Nekonečný prut"
"StaticItemNames.fishingRodNames[421]","Boundless Caster","Neomezený vrhač"
"StaticItemNames.fishingRodNames[422]","Timeless Fisher","Bezvěký rybář"
"StaticItemNames.fishingRodNames[423]","Ageless Rod","Bezvěký prut"
"StaticItemNames.fishingRodNames[424]","The Angler","Rybář"
"StaticItemNames.fishingRodNames[425]","The Fisher","Rybář"
"StaticItemNames.fishingRodNames[426]","The Catcher","Lovec"
"StaticItemNames.fishingRodNames[427]","The Reeler","Navíječ"
"StaticItemNames.fishingRodNames[428]","The Lurer","Návnada"
"StaticItemNames.fishingRodNames[429]","Line of the Leviathan","Vlasec leviathana"
"StaticItemNames.fishingRodNames[430]","Cast of the Kraken","Hod krakena"
"StaticItemNames.fishingRodNames[431]","Rod of the Seas","Prut moří"
"StaticItemNames.fishingRodNames[432]","Reel of the Deep","Naviják hlubin"
"StaticItemNames.fishingRodNames[433]","Lure of the Siren","Návnada sirény"
"StaticItemNames.fishingRodNames[434]","Hook of the Titan","Háček titána"
"StaticItemNames.fishingRodNames[435]","Cast of the Tempest","Hod bouře"
"StaticItemNames.fishingRodNames[436]","Rod of the Maelstrom","Prut víru"
"StaticItemNames.fishingRodNames[437]","Line of the Abyss","Vlasec propasti"
"StaticItemNames.fishingRodNames[438]","Lure of Fate","Návnada osudu"
"StaticItemNames.fishingRodNames[439]","Hook of Destiny","Háček osudu"
"StaticItemNames.fishingRodNames[440]","Rod of the Ancients","Prut pradávných"
"StaticItemNames.fishingRodNames[441]","Cast of Shadows","Hod stínů"
"StaticItemNames.fishingRodNames[442]","Line of the Forgotten","Vlasec zapomenutých"
"StaticItemNames.fishingRodNames[443]","Lure of the Damned","Návnada zatracených"
"StaticItemNames.fishingRodNames[444]","Hook of the Void","Háček prázdnoty"
"StaticItemNames.fishingRodNames[445]","Rod of the Storm","Prut bouře"
"StaticItemNames.fishingRodNames[446]","Cast of the Moon","Hod měsíce"
"StaticItemNames.fishingRodNames[447]","Line of the Stars","Vlasec hvězd"
"StaticItemNames.fishingRodNames[448]","Reel of Ruin","Naviják zkázy"
"StaticItemNames.fishingRodNames[449]","Lure of the Cursed","Návnada prokletí"
"StaticItemNames.fishingRodNames[450]","Hook of the Fallen","Háček padlých"
"StaticItemNames.fishingRodNames[451]","Rod of the Warden","Prut strážce"
"StaticItemNames.fishingRodNames[452]","Lure of the Ocean","Návnada oceánu"
"StaticItemNames.fishingRodNames[453]","Hook of the Reef","Háček útesu"
"StaticItemNames.fishingRodNames[454]","Rod of the Tide","Prut přílivu"
"StaticItemNames.fishingRodNames[455]","Cast of the Depths","Hod hlubin"
"StaticItemNames.fishingRodNames[456]","Line of the Current","Vlasec proudu"
"StaticItemNames.fishingRodNames[457]","Reel of the Shore","Naviják pobřeží"
"StaticItemNames.fishingRodNames[458]","Lure of the Bay","Návnada zátoky"
"StaticItemNames.fishingRodNames[459]","Hook of the Cove","Háček zátoky"
"StaticItemNames.fishingRodNames[460]","Rod of the Lagoon","Prut laguny"
"StaticItemNames.fishingRodNames[461]","Cast of the Delta","Hod delty"
"StaticItemNames.fishingRodNames[462]","Line of the Creek","Vlasec potoka"
"StaticItemNames.fishingRodNames[463]","Reel of the Brook","Naviják bystřiny"
"StaticItemNames.fishingRodNames[464]","Hook of the Spring","Háček pramene"
"StaticItemNames.fishingRodNames[465]","Rod of the Pond","Prut rybníka"
"StaticItemNames.fishingRodNames[466]","Cast of the Lake","Hod jezera"
"StaticItemNames.fishingRodNames[467]","Line of the River","Vlasec řeky"
"StaticItemNames.fishingRodNames[468]","Reel of the Stream","Naviják potoka"
"StaticItemNames.fishingRodNames[469]","Lure of the Cascade","Návnada vodopádu"
"StaticItemNames.fishingRodNames[470]","Hook of the Rapids","Háček peřejí"
"StaticItemNames.fishingRodNames[471]","Rod of the Falls","Prut vodopádu"
"StaticItemNames.fishingRodNames[472]","Cast of the Pool","Hod tůně"
"StaticItemNames.fishingRodNames[473]","Line of the Marsh","Vlasec bažiny"
"StaticItemNames.fishingRodNames[474]","Reel of the Swamp","Naviják močálu"
"StaticItemNames.fishingRodNames[475]","Lure of the Fen","Návnada bažiny"
"StaticItemNames.fishingRodNames[476]","Hook of the Mire","Háček bláta"
"StaticItemNames.fishingRodNames[477]","Rod of the Bog","Prut rašeliniště"
"StaticItemNames.fishingRodNames[478]","Cast of the Estuary","Hod ústí"
"StaticItemNames.fishingRodNames[479]","Line of the Inlet","Vlasec zátoky"
"StaticItemNames.fishingRodNames[480]","Reel of the Strait","Naviják průlivu"
"StaticItemNames.fishingRodNames[481]","Lure of the Channel","Návnada kanálu"
"StaticItemNames.fishingRodNames[482]","Hook of the Harbor","Háček přístavu"
"StaticItemNames.fishingRodNames[483]","Rod of the Dock","Prut molo"
"StaticItemNames.fishingRodNames[484]","Cast of the Pier","Hod mola"
"StaticItemNames.fishingRodNames[485]","Line of the Jetty","Vlasec přístaviště"
"StaticItemNames.fishingRodNames[486]","Reel of the Lighthouse","Naviják majáku"
"StaticItemNames.fishingRodNames[487]","Lure of the Beacon","Návnada majáku"
"StaticItemNames.fishingRodNames[488]","Hook of the Anchor","Háček kotvy"
"StaticItemNames.fishingRodNames[489]","Rod of the Compass","Prut kompasu"
"StaticItemNames.fishingRodNames[490]","Cast of the Helm","Hod kormidla"
"StaticItemNames.fishingRodNames[491]","Line of the Mast","Vlasec stěžně"
"StaticItemNames.fishingRodNames[492]","Reel of the Sail","Naviják plachty"
"StaticItemNames.fishingRodNames[493]","Lure of the Keel","Návnada kýlu"
"StaticItemNames.fishingRodNames[494]","Hook of the Bow","Háček příďe"
"StaticItemNames.fishingRodNames[495]","Eel Caster","Vrhač úhoře"
"StaticItemNames.fishingRodNames[496]","Crab Rod","Prut kraba"
"StaticItemNames.fishingRodNames[497]","Lobster Fisher","Rybář humra"
"StaticItemNames.fishingRodNames[498]","Shrimp Caster","Vrhač krevet"
"StaticItemNames.fishingRodNames[499]","Mussel Rod","Prut mušlí"
"StaticItemNames.helmetNames[0]","Crown of Shadows","Koruna stínů"
"StaticItemNames.helmetNames[1]","Iron Visage","Železná tvář"
"StaticItemNames.helmetNames[2]","Watcher's Visage","Tvář strážce"
"StaticItemNames.helmetNames[3]","Mindguard","Ochrana mysli"
"StaticItemNames.helmetNames[4]","Helm of the Vigilant","Přilba bdělého strážce"
"StaticItemNames.helmetNames[5]","Duskbrow","Soumrakový obočí"
"StaticItemNames.helmetNames[6]","Voidgaze","Pohled do prázdna"
"StaticItemNames.helmetNames[7]","Sentinel's Helm","Přilba strážce"
"StaticItemNames.helmetNames[8]","Cranium of Fury","Lebka zuřivosti"
"StaticItemNames.helmetNames[9]","Starfall Crown","Koruna padající hvězdy"
"StaticItemNames.helmetNames[10]","Thornhelm","Trnová přilba"
"StaticItemNames.helmetNames[11]","Whisperguard","Šeptající ochrana"
"StaticItemNames.helmetNames[12]","Overlook Helm","Přilba vyhlídky"
"StaticItemNames.helmetNames[13]","Helm of Ruin","Přilba zkázy"
"StaticItemNames.helmetNames[14]","Nightcrown","Noční koruna"
"StaticItemNames.helmetNames[15]","Skullward","Lebková ochrana"
"StaticItemNames.helmetNames[16]","Prophet's Crown","Koruna proroka"
"StaticItemNames.helmetNames[17]","Crown of Embers","Koruna žhavých uhlíků"
"StaticItemNames.helmetNames[18]","Ironmask","Železná maska"
"StaticItemNames.helmetNames[19]","Dreadhelm","Přilba hrůzy"
"StaticItemNames.helmetNames[20]","Oracle's Visage","Tvář věštce"
"StaticItemNames.helmetNames[21]","Helm of the Fallen","Přilba padlých"
"StaticItemNames.helmetNames[22]","Shadowcrest","Stínový hřeben"
"StaticItemNames.helmetNames[23]","Flameward Crown","Koruna ohnivé stráže"
"StaticItemNames.helmetNames[24]","Aegis Brow","Čelo Egidy"
"StaticItemNames.helmetNames[25]","Stormgaze","Bouřný pohled"
"StaticItemNames.helmetNames[26]","Warhelm","Válečná přilba"
"StaticItemNames.helmetNames[27]","Crown of Twilight","Koruna soumraku"
"StaticItemNames.helmetNames[28]","Harbinger's Crown","Koruna zvěstovatele"
"StaticItemNames.helmetNames[29]","Frostbrow","Mrazivé čelo"
"StaticItemNames.helmetNames[30]","Helm of Eternity","Přilba věčnosti"
"StaticItemNames.helmetNames[31]","Crimson Visage","Karmínová tvář"
"StaticItemNames.helmetNames[32]","Inquisitor's Helm","Přilba inkvizitora"
"StaticItemNames.helmetNames[33]","Moonhelm","Měsíční přilba"
"StaticItemNames.helmetNames[34]","Dawnguard Crown","Koruna úsvitové stráže"
"StaticItemNames.helmetNames[35]","Skullcap of Ruin","Lebka zkázy"
"StaticItemNames.helmetNames[36]","Tyrant's Crown","Koruna tyrana"
"StaticItemNames.helmetNames[37]","Ashcrown","Popelová koruna"
"StaticItemNames.helmetNames[38]","Helm of the Hollow","Přilba prázdnoty"
"StaticItemNames.helmetNames[39]","Sightguard","Stráž zraku"
"StaticItemNames.helmetNames[40]","Paragon's Visage","Tvář paragonu"
"StaticItemNames.helmetNames[41]","Voidhelm","Přilba prázdnoty"
"StaticItemNames.helmetNames[42]","Crown of Thorns","Koruna trní"
"StaticItemNames.helmetNames[43]","Ironbrow","Železné čelo"
"StaticItemNames.helmetNames[44]","Basilisk's Visage","Tvář baziliška"
"StaticItemNames.helmetNames[45]","Helm of Wrath","Přilba hněvu"
"StaticItemNames.helmetNames[46]","Duskguard","Stráž soumraku"
"StaticItemNames.helmetNames[47]","Flamecrown","Plamenná koruna"
"StaticItemNames.helmetNames[48]","Revenant's Mask","Maska revenanta"
"StaticItemNames.helmetNames[49]","Stormhelm","Bouřná přilba"
"StaticItemNames.helmetNames[50]","Crown of the Abyss","Koruna propasti"
"StaticItemNames.helmetNames[51]","Nightgaze","Noční pohled"
"StaticItemNames.helmetNames[52]","Executioner's Mask","Maska popravčího"
"StaticItemNames.helmetNames[53]","Helm of Dawn","Přilba úsvitu"
"StaticItemNames.helmetNames[54]","Warvisage","Válečná tvář"
"StaticItemNames.helmetNames[55]","Shadowhelm","Stínová přilba"
"StaticItemNames.helmetNames[56]","Architect's Crown","Koruna architekta"
"StaticItemNames.helmetNames[57]","Crown of Iron","Koruna železa"
"StaticItemNames.helmetNames[58]","Frostguard Helm","Přilba mrazivé stráže"
"StaticItemNames.helmetNames[59]","Specter's Visage","Tvář přízraku"
"StaticItemNames.helmetNames[60]","Bloodcrown","Krvavá koruna"
"StaticItemNames.helmetNames[61]","Helm of the Warden","Přilba strážce"
"StaticItemNames.helmetNames[62]","Thundergaze","Bleskový pohled"
"StaticItemNames.helmetNames[63]","Monolith Helm","Monolitická přilba"
"StaticItemNames.helmetNames[64]","Ashhelm","Popelová přilba"
"StaticItemNames.helmetNames[65]","Crown of Valor","Koruna odvahy"
"StaticItemNames.helmetNames[66]","Dreadmask","Maska hrůzy"
"StaticItemNames.helmetNames[67]","Phantom Visage","Tvář fantomu"
"StaticItemNames.helmetNames[68]","Helm of Silence","Přilba ticha"
"StaticItemNames.helmetNames[69]","Mooncrest","Měsíční hřeben"
"StaticItemNames.helmetNames[70]","Starcrown","Hvězdná koruna"
"StaticItemNames.helmetNames[71]","Vindicator's Helm","Přilba vindikátora"
"StaticItemNames.helmetNames[72]","Ironhelm","Železná přilba"
"StaticItemNames.helmetNames[73]","Crown of the Storm","Koruna bouře"
"StaticItemNames.helmetNames[74]","Voidmask","Maska prázdnoty"
"StaticItemNames.helmetNames[75]","Colossus Crown","Koruna kolosa"
"StaticItemNames.helmetNames[76]","Helm of Defiance","Přilba vzdoru"
"StaticItemNames.helmetNames[77]","Nightward","Noční stráž"
"StaticItemNames.helmetNames[78]","Flamegaze","Plamenný pohled"
"StaticItemNames.helmetNames[79]","Stalwart's Helm","Přilba věrného"
"StaticItemNames.helmetNames[80]","Duskhelm","Přilba soumraku"
"StaticItemNames.helmetNames[81]","Crown of the Void","Koruna prázdnoty"
"StaticItemNames.helmetNames[82]","Thunderhelm","Blesková přilba"
"StaticItemNames.helmetNames[83]","Bulwark Helm","Přilba tvrze"
"StaticItemNames.helmetNames[84]","Helm of Ashes","Přilba popela"
"StaticItemNames.helmetNames[85]","Frostcrown","Mrazivá koruna"
"StaticItemNames.helmetNames[86]","Warguard","Válečná stráž"
"StaticItemNames.helmetNames[87]","Judicator's Crown","Koruna soudce"
"StaticItemNames.helmetNames[88]","Shadowcrown","Stínová koruna"
"StaticItemNames.helmetNames[89]","Helm of the Phoenix","Přilba fénixe"
"StaticItemNames.helmetNames[90]","Crimson Crown","Karmínová koruna"
"StaticItemNames.helmetNames[91]","Vanguard's Helm","Přilba předvoje"
"StaticItemNames.helmetNames[92]","Ashgaze","Popelový pohled"
"StaticItemNames.helmetNames[93]","Crown of Night","Koruna noci"
"StaticItemNames.helmetNames[94]","Doomhelm","Přilba zkázy"
"StaticItemNames.helmetNames[95]","Conqueror's Crown","Koruna dobyvatele"
"StaticItemNames.helmetNames[96]","Helm of the Void","Přilba prázdnoty"
"StaticItemNames.helmetNames[97]","Stormcrown","Burzová koruna"
"StaticItemNames.helmetNames[98]","Ironvisage","Železná tvář"
"StaticItemNames.helmetNames[99]","Sovereign's Crown","Koruna suveréna"
"StaticItemNames.helmetNames[100]","Bloodhelm","Krvavá přilba"
"StaticItemNames.helmetNames[101]","Crown of Ruin","Koruna zkázy"
"StaticItemNames.helmetNames[102]","Moonguard Helm","Přilba měsíční stráže"
"StaticItemNames.helmetNames[103]","Immortal's Crown","Koruna nesmrtelného"
"StaticItemNames.helmetNames[104]","Helm of Dominion","Přilba vlády"
"StaticItemNames.helmetNames[105]","Dawnhelm","Úsvitová přilba"
"StaticItemNames.helmetNames[106]","Voidcrown","Koruna prázdnoty"
"StaticItemNames.helmetNames[107]","Warlord's Helm","Přilba náčelníka"
"StaticItemNames.helmetNames[108]","Frosthelm","Mrazivá přilba"
"StaticItemNames.helmetNames[109]","Crown of the Fallen","Koruna padlých"
"StaticItemNames.helmetNames[110]","Thundercrown","Blesková koruna"
"StaticItemNames.helmetNames[111]","Guardian's Helm","Přilba strážce"
"StaticItemNames.helmetNames[112]","Helm of Fury","Přilba zuřivosti"
"StaticItemNames.helmetNames[113]","Nighthelm","Noční přilba"
"StaticItemNames.helmetNames[114]","Ashcrest","Popelový hřeben"
"StaticItemNames.helmetNames[115]","Destroyer's Visage","Tvář ničitele"
"StaticItemNames.helmetNames[116]","Crown of Frost","Koruna mrazu"
"StaticItemNames.helmetNames[117]","Warhelm of Ruin","Válečná přilba zkázy"
"StaticItemNames.helmetNames[118]","Flamecrest","Plamenný hřeben"
"StaticItemNames.helmetNames[119]","Ascendant Crown","Koruna vzestupu"
"StaticItemNames.helmetNames[120]","Helm of the Titan","Přilba titána"
"StaticItemNames.helmetNames[121]","Duskcrown","Soumraková koruna"
"StaticItemNames.helmetNames[122]","Shadowgaze","Stínový pohled"
"StaticItemNames.helmetNames[123]","Primarch's Crown","Koruna primarcha"
"StaticItemNames.helmetNames[124]","Crown of the Damned","Koruna prokletých"
"StaticItemNames.helmetNames[125]","Ironward","Železná stráž"
"StaticItemNames.helmetNames[126]","Stormvisage","Bouřná tvář"
"StaticItemNames.helmetNames[127]","Dominator's Helm","Přilba dominátora"
"StaticItemNames.helmetNames[128]","Helm of Twilight","Přilba soumraku"
"StaticItemNames.helmetNames[129]","Bloodcrest","Krvavý hřeben"
"StaticItemNames.helmetNames[130]","Dreadcrown","Koruna hrůzy"
"StaticItemNames.helmetNames[131]","Seraph's Crown","Koruna serafa"
"StaticItemNames.helmetNames[132]","Crown of Wrath","Koruna hněvu"
"StaticItemNames.helmetNames[133]","Moonhelm of Dusk","Měsíční přilba soumraku"
"StaticItemNames.helmetNames[134]","Voidguard","Stráž prázdnoty"
"StaticItemNames.helmetNames[135]","Annihilator's Helm","Přilba anihilátora"
"StaticItemNames.helmetNames[136]","Helm of the Cursed","Přilba prokletých"
"StaticItemNames.helmetNames[137]","Dawncrown","Úsvitová koruna"
"StaticItemNames.helmetNames[138]","Frostgaze","Mrazivý pohled"
"StaticItemNames.helmetNames[139]","Templar's Crown","Koruna templáře"
"StaticItemNames.helmetNames[140]","Crown of Steel","Koruna oceli"
"StaticItemNames.helmetNames[141]","Ashvisage","Popelová tvář"
"StaticItemNames.helmetNames[142]","Thunderguard","Blesková stráž"
"StaticItemNames.helmetNames[143]","Champion's Visage","Tvář šampiona"
"StaticItemNames.helmetNames[144]","Helm of the Storm","Přilba bouře"
"StaticItemNames.helmetNames[145]","Nightcrest","Noční hřeben"
"StaticItemNames.helmetNames[146]","Warcrown","Válečná koruna"
"StaticItemNames.helmetNames[147]","Crusader's Helm","Přilba křižáka"
"StaticItemNames.helmetNames[148]","Crown of Bone","Koruna kostí"
"StaticItemNames.helmetNames[149]","Flameguard Helm","Přilba ohnivé stráže"
"StaticItemNames.helmetNames[150]","Shadowvisage","Stínová tvář"
"StaticItemNames.helmetNames[151]","Patriarch's Crown","Koruna patriarcha"
"StaticItemNames.helmetNames[152]","Helm of Sorrow","Přilba smutku"
"StaticItemNames.helmetNames[153]","Ironguard","Železná stráž"
"StaticItemNames.helmetNames[154]","Doomcrown","Koruna záhuby"
"StaticItemNames.helmetNames[155]","Invoker's Cowl","Kapuce vzývatele"
"StaticItemNames.helmetNames[156]","Crown of the Eternal","Koruna věčnosti"
"StaticItemNames.helmetNames[157]","Bloodgaze","Krvavý pohled"
"StaticItemNames.helmetNames[158]","Stormguard Helm","Přilba bouřné stráže"
"StaticItemNames.helmetNames[159]","Decimator's Helm","Přilba ničitele"
"StaticItemNames.helmetNames[160]","Helm of the Flame","Přilba plamene"
"StaticItemNames.helmetNames[161]","Duskmask","Maska soumraku"
"StaticItemNames.helmetNames[162]","Frostward","Mrazivá stráž"
"StaticItemNames.helmetNames[163]","Herald's Crown","Koruna herolda"
"StaticItemNames.helmetNames[164]","Crown of Anguish","Koruna útrap"
"StaticItemNames.helmetNames[165]","Moonvisage","Měsíční tvář"
"StaticItemNames.helmetNames[166]","Voidcrest","Hřeben prázdnoty"
"StaticItemNames.helmetNames[167]","Reaper's Visage","Tvář kosce"
"StaticItemNames.helmetNames[168]","Helm of Iron","Přilba železa"
"StaticItemNames.helmetNames[169]","Ashguard","Popelová stráž"
"StaticItemNames.helmetNames[170]","Thundervisage","Blesková tvář"
"StaticItemNames.helmetNames[171]","Paladin's Helm","Přilba paladina"
"StaticItemNames.helmetNames[172]","Crown of the Phoenix","Koruna fénixe"
"StaticItemNames.helmetNames[173]","Nightvisage","Noční tvář"
"StaticItemNames.helmetNames[174]","Dawnvisage","Úsvitová tvář"
"StaticItemNames.helmetNames[175]","Warbringer's Helm","Přilba nositele války"
"StaticItemNames.helmetNames[176]","Helm of Bone","Přilba kosti"
"StaticItemNames.helmetNames[177]","Crimson Helm","Karmínová přilba"
"StaticItemNames.helmetNames[178]","Shadowward","Stráž stínu"
"StaticItemNames.helmetNames[179]","Enforcer's Helm","Přilba vykonavatele"
"StaticItemNames.helmetNames[180]","Crown of Fury","Koruna zuřivosti"
"StaticItemNames.helmetNames[181]","Bloodvisage","Krvavá tvář"
"StaticItemNames.helmetNames[182]","Flamemask","Plamenná maska"
"StaticItemNames.helmetNames[183]","Overseer's Crown","Koruna dohlížitele"
"StaticItemNames.helmetNames[184]","Helm of the Abyss","Přilba propasti"
"StaticItemNames.helmetNames[185]","Ironmask of Valor","Železná maska odvahy"
"StaticItemNames.helmetNames[186]","Stormcrest","Hřeben bouře"
"StaticItemNames.helmetNames[187]","Zealot's Helm","Přilba fanatika"
"StaticItemNames.helmetNames[188]","Crown of Despair","Koruna zoufalství"
"StaticItemNames.helmetNames[189]","Dreadgaze","Pohled hrůzy"
"StaticItemNames.helmetNames[190]","Frostvisage","Mrazivá tvář"
"StaticItemNames.helmetNames[191]","Avenger's Helm","Přilba mstitelky"
"StaticItemNames.helmetNames[192]","Helm of Night","Přilba noci"
"StaticItemNames.helmetNames[193]","Wargaze","Válečný pohled"
"StaticItemNames.helmetNames[194]","Mooncrown","Měsíční koruna"
"StaticItemNames.helmetNames[195]","Arbiter's Crown","Koruna rozhodčího"
"StaticItemNames.helmetNames[196]","Crown of the Warden","Koruna strážce"
"StaticItemNames.helmetNames[197]","Ashward","Popelová stráž"
"StaticItemNames.helmetNames[198]","Thundermask","Blesková maska"
"StaticItemNames.helmetNames[199]","Centurion's Helm","Přilba centuriona"
"StaticItemNames.helmetNames[200]","Helm of the Damned","Přilba prokletých"
"StaticItemNames.helmetNames[201]","Voidvisage","Tvář prázdnoty"
"StaticItemNames.helmetNames[202]","Doomgaze","Pohled záhuby"
"StaticItemNames.helmetNames[203]","Titan's Crown","Koruna titána"
"StaticItemNames.helmetNames[204]","Crown of Midnight","Koruna půlnoci"
"StaticItemNames.helmetNames[205]","Nightmask","Noční maska"
"StaticItemNames.helmetNames[206]","Flamecrown of Ruin","Plamenná koruna zkázy"
"StaticItemNames.helmetNames[207]","Ravager's Visage","Tvář drancovače"
"StaticItemNames.helmetNames[208]","Helm of Valor","Přilba odvahy"
"StaticItemNames.helmetNames[209]","Shadowmask","Maska stínu"
"StaticItemNames.helmetNames[210]","Starcrest","Hvězdný hřeben"
"StaticItemNames.helmetNames[211]","Lich King's Crown","Koruna krále Licha"
"StaticItemNames.helmetNames[212]","Crown of Dread","Koruna hrůzy"
"StaticItemNames.helmetNames[213]","Ironhelm of Dawn","Železná přilba úsvitu"
"StaticItemNames.helmetNames[214]","Bloodward","Krvavá stráž"
"StaticItemNames.helmetNames[215]","Sentinel's Crown","Koruna strážce"
"StaticItemNames.helmetNames[216]","Helm of the Sentinel","Přilba strážce"
"StaticItemNames.helmetNames[217]","Dawnmask","Ranní maska"
"StaticItemNames.helmetNames[218]","Frostcrest","Mrazový hřeben"
"StaticItemNames.helmetNames[219]","Hellion's Visage","Tvář pekelníka"
"StaticItemNames.helmetNames[220]","Crown of the Titan","Koruna Titána"
"StaticItemNames.helmetNames[221]","Ashhelm of Ruin","Přilba popela zkázy"
"StaticItemNames.helmetNames[222]","Stormward","Bouřková stráž"
"StaticItemNames.helmetNames[223]","Wraith's Visage","Tvář přízraku"
"StaticItemNames.helmetNames[224]","Helm of Crimson","Karmínová přilba"
"StaticItemNames.helmetNames[225]","Duskward","Soumraková stráž"
"StaticItemNames.helmetNames[226]","Thundercrest","Bleskový hřeben"
"StaticItemNames.helmetNames[227]","Patriarch's Helm","Přilba patriarcha"
"StaticItemNames.helmetNames[228]","Crown of the Wraith","Koruna přízraku"
"StaticItemNames.helmetNames[229]","Moonmask","Měsíční maska"
"StaticItemNames.helmetNames[230]","Voidward","Stráž prázdnoty"
"StaticItemNames.helmetNames[231]","Imperator's Crown","Koruna imperátora"
"StaticItemNames.helmetNames[232]","Helm of the Wraith","Přilba přízraku"
"StaticItemNames.helmetNames[233]","Warvisage of Ruin","Válečná tvář zkázy"
"StaticItemNames.helmetNames[234]","Doomcrest","Hřeben zkázy"
"StaticItemNames.helmetNames[235]","Purifier's Helm","Přilba očistitele"
"StaticItemNames.helmetNames[236]","Crown of the Specter","Koruna přízraka"
"StaticItemNames.helmetNames[237]","Bloodmask","Krevní maska"
"StaticItemNames.helmetNames[238]","Flamegaze Helm","Přilba ohnivého pohledu"
"StaticItemNames.helmetNames[239]","Gladiator's Helm","Přilba gladiátora"
"StaticItemNames.helmetNames[240]","Helm of Frost","Přilba mrazu"
"StaticItemNames.helmetNames[241]","Ironhelm of Night","Železná přilba noci"
"StaticItemNames.helmetNames[242]","Shadowcrown of Ash","Popelová stínová koruna"
"StaticItemNames.helmetNames[243]","Desolator's Helm","Přilba ničitele"
"StaticItemNames.helmetNames[244]","Crown of Silence","Koruna ticha"
"StaticItemNames.helmetNames[245]","Nightguard Helm","Přilba noční stráže"
"StaticItemNames.helmetNames[246]","Ashgaze Helm","Přilba pohledu popela"
"StaticItemNames.helmetNames[247]","Legionnaire's Helm","Přilba legionáře"
"StaticItemNames.helmetNames[248]","Helm of the Moon","Přilba měsíce"
"StaticItemNames.helmetNames[249]","Dreadvisage","Hrůzná tvář"
"StaticItemNames.helmetNames[250]","Stormgaze Helm","Přilba bouřlivého pohledu"
"StaticItemNames.helmetNames[251]","Predator's Visage","Tvář predátora"
"StaticItemNames.helmetNames[252]","Crown of the Moon","Koruna měsíce"
"StaticItemNames.helmetNames[253]","Frostmask","Mrazová maska"
"StaticItemNames.helmetNames[254]","Warcrest","Válečný hřeben"
"StaticItemNames.helmetNames[255]","Mindbreaker's Crown","Koruna drtiče mysli"
"StaticItemNames.helmetNames[256]","Helm of Despair","Přilba beznaděje"
"StaticItemNames.helmetNames[257]","Dawnward","Ranní stráž"
"StaticItemNames.helmetNames[258]","Thundergaze Helm","Přilba bleskového pohledu"
"StaticItemNames.helmetNames[259]","Archon's Crown","Koruna archona"
"StaticItemNames.helmetNames[260]","Crown of Oblivion","Koruna zapomnění"
"StaticItemNames.helmetNames[261]","Moonward","Měsíční stráž"
"StaticItemNames.helmetNames[262]","Voidhelm of Dread","Přilba děsivé prázdnoty"
"StaticItemNames.helmetNames[263]","Nightlord's Crown","Koruna vládce noci"
"StaticItemNames.helmetNames[264]","Helm of Oblivion","Přilba zapomnění"
"StaticItemNames.helmetNames[265]","Crimson Gaze","Karmínový pohled"
"StaticItemNames.helmetNames[266]","Flamecrest Helm","Přilba ohnivého hřebenu"
"StaticItemNames.helmetNames[267]","Dreadnaught's Helm","Přilba Dreadnaughta"
"StaticItemNames.helmetNames[268]","Crown of the Revenant","Koruna revenanta"
"StaticItemNames.helmetNames[269]","Ironmask of Ruin","Železná maska zkázy"
"StaticItemNames.helmetNames[270]","Bloodhelm of Fury","Přilba zuřivosti krve"
"StaticItemNames.helmetNames[271]","Commander's Helm","Přilba velitele"
"StaticItemNames.helmetNames[272]","Helm of the Revenant","Přilba revenanta"
"StaticItemNames.helmetNames[273]","Ashcrown of Dusk","Koruna popela soumraku"
"StaticItemNames.helmetNames[274]","Shadowgaze Helm","Přilba stínového pohledu"
"StaticItemNames.helmetNames[275]","Harbinger's Crown","Koruna zvěstovatele"
"StaticItemNames.helmetNames[276]","Crown of Flame","Koruna plamene"
"StaticItemNames.helmetNames[277]","Doomward","Hrůzná stráž"
"StaticItemNames.helmetNames[278]","Stormhelm of Fury","Přilba bouře zuřivosti"
"StaticItemNames.helmetNames[279]","Indomitable Crown","Nepoddajná koruna"
"StaticItemNames.helmetNames[280]","Helm of the Inquisitor","Přilba inkvizitora"
"StaticItemNames.helmetNames[281]","Frosthelm of Night","Přilba mrazivé noci"
"StaticItemNames.helmetNames[282]","Nightcrown of Ash","Noční koruna popela"
"StaticItemNames.helmetNames[283]","Magistrate's Crown","Koruna magistráta"
"StaticItemNames.helmetNames[284]","Crown of the Sentinel","Koruna strážce"
"StaticItemNames.helmetNames[285]","Dreadward","Hrůzná stráž"
"StaticItemNames.helmetNames[286]","Thunderward","Blesková stráž"
"StaticItemNames.helmetNames[287]","Berserker's Helm","Přilba berserkera"
"StaticItemNames.helmetNames[288]","Helm of Thunder","Přilba blesku"
"StaticItemNames.helmetNames[289]","Warhelm of Dawn","Válečná přilba úsvitu"
"StaticItemNames.helmetNames[290]","Moonhelm of Frost","Přilba měsíčního mrazu"
"StaticItemNames.helmetNames[291]","Sovereign's Crown","Koruna suveréna"
"StaticItemNames.helmetNames[292]","Crown of the Crusader","Koruna křižáka"
"StaticItemNames.helmetNames[293]","Bloodcrown of Ruin","Krvavá koruna zkázy"
"StaticItemNames.helmetNames[294]","Voidmask of Night","Prázdnotná maska noci"
"StaticItemNames.helmetNames[295]","Overlord's Crown","Koruna vládce"
"StaticItemNames.helmetNames[296]","Helm of the Overlord","Přilba vládce"
"StaticItemNames.helmetNames[297]","Duskcrest","Soumrakový hřeben"
"StaticItemNames.helmetNames[298]","Flamemask of Ruin","Ohnivá maska zkázy"
"StaticItemNames.helmetNames[299]","Exarch's Crown","Koruna exarcha"
"StaticItemNames.helmetNames[300]","Crown of the Paragon","Koruna paragonu"
"StaticItemNames.helmetNames[301]","Ironvisage of Valor","Tvář železa odvahy"
"StaticItemNames.helmetNames[302]","Ashvisage of Dusk","Tvář popela soumraku"
"StaticItemNames.helmetNames[303]","Dawnbringer's Crown","Koruna přinášejícího úsvit"
"StaticItemNames.helmetNames[304]","Helm of the Exarch","Přilba exarcha"
"StaticItemNames.helmetNames[305]","Starcrown of Night","Hvězdná koruna noci"
"StaticItemNames.helmetNames[306]","Shadowcrest Helm","Přilba stínového hřebenu"
"StaticItemNames.helmetNames[307]","Vanquisher's Helm","Přilba dobyvatele"
"StaticItemNames.helmetNames[308]","Crown of the Archon","Koruna archona"
"StaticItemNames.helmetNames[309]","Stormvisage of Fury","Tvář bleskové zuřivosti"
"StaticItemNames.helmetNames[310]","Doomhelm of Ruin","Přilba zkázy"
"StaticItemNames.helmetNames[311]","Dreadlord's Crown","Koruna lorda hrůzy"
"StaticItemNames.helmetNames[312]","Helm of the Dreadlord","Přilba lorda hrůzy"
"StaticItemNames.helmetNames[313]","Frostcrown of Dusk","Koruna mrazu soumraku"
"StaticItemNames.helmetNames[314]","Bloodgaze Helm","Přilba krvavého pohledu"
"StaticItemNames.helmetNames[315]","Praetorian's Helm","Přilba pretoriánce"
"StaticItemNames.helmetNames[316]","Crown of the Praetor","Koruna praetora"
"StaticItemNames.helmetNames[317]","Warward","Válečná stráž"
"StaticItemNames.helmetNames[318]","Thunderhelm of Fury","Přilba bleskové zuřivosti"
"StaticItemNames.helmetNames[319]","Scion's Crown","Koruna potomka"
"StaticItemNames.helmetNames[320]","Helm of the Scion","Přilba potomka"
"StaticItemNames.helmetNames[321]","Dawncrest","Úsvitový hřeben"
"StaticItemNames.helmetNames[322]","Nightgaze Helm","Přilba nočního pohledu"
"StaticItemNames.helmetNames[323]","Vindicator's Crown","Koruna obhájce"
"StaticItemNames.helmetNames[324]","Crown of the Vindicator","Koruna obhájce"
"StaticItemNames.helmetNames[325]","Crimson Ward","Karmínová stráž"
"StaticItemNames.helmetNames[326]","Moonvisage Helm","Přilba měsíční tváře"
"StaticItemNames.helmetNames[327]","Eidolon's Visage","Tvář eidolona"
"StaticItemNames.helmetNames[328]","Helm of the Eidolon","Přilba eidolona"
"StaticItemNames.helmetNames[329]","Ashcrest of Ruin","Koruna popela zkázy"
"StaticItemNames.helmetNames[330]","Voidcrown of Dread","Koruna děsivé prázdnoty"
"StaticItemNames.helmetNames[331]","Wyrm's Crown","Koruna draka"
"StaticItemNames.helmetNames[332]","Crown of the Wyrm","Koruna draka"
"StaticItemNames.helmetNames[333]","Ironward of Valor","Železná stráž odvahy"
"StaticItemNames.helmetNames[334]","Flameguard Crown","Ohnivá strážná koruna"
"StaticItemNames.helmetNames[335]","Redeemer's Crown","Koruna vykupitele"
"StaticItemNames.helmetNames[336]","Helm of the Redeemer","Přilba vykupitele"
"StaticItemNames.helmetNames[337]","Dreadcrest","Hřeben hrůzy"
"StaticItemNames.helmetNames[338]","Stormcrown of Ruin","Koruna bouře zkázy"
"StaticItemNames.helmetNames[339]","Hellknight's Helm","Přilba pekelného rytíře"
"StaticItemNames.helmetNames[340]","Crown of the Hellion","Koruna pekelníka"
"StaticItemNames.helmetNames[341]","Frostguard Crown","Ochranná koruna mrazu"
"StaticItemNames.helmetNames[342]","Shadowhelm of Night","Přilba stínu noci"
"StaticItemNames.helmetNames[343]","Oathkeeper's Crown","Koruna strážce slibu"
"StaticItemNames.helmetNames[344]","Helm of the Oath","Přilba slibu"
"StaticItemNames.helmetNames[345]","Bloodward of Fury","Krevní stráž zuřivosti"
"StaticItemNames.helmetNames[346]","Thundercrown of Ash","Hřeben blesku popela"
"StaticItemNames.helmetNames[347]","Taskmaster's Helm","Přilba dohlížitele"
"StaticItemNames.helmetNames[348]","Crown of the Taskmaster","Koruna nadřízeného"
"StaticItemNames.helmetNames[349]","Warvisage of Dawn","Tvář válečná úsvitu"
"StaticItemNames.helmetNames[350]","Doomvisage","Tvář zkázy"
"StaticItemNames.helmetNames[351]","Runekeeper's Crown","Koruna strážce run"
"StaticItemNames.helmetNames[352]","Helm of the Rune","Přilba runy"
"StaticItemNames.helmetNames[353]","Ashhelm of Night","Přilba popela noci"
"StaticItemNames.helmetNames[354]","Moonguard Crown","Koruna měsíční stráže"
"StaticItemNames.helmetNames[355]","Stormcaller's Helm","Přilba volajícího bouři"
"StaticItemNames.helmetNames[356]","Crown of Storms","Koruna bouří"
"StaticItemNames.helmetNames[357]","Duskmask of Ruin","Maska soumraku zkázy"
"StaticItemNames.helmetNames[358]","Nightward of Dusk","Soumraková stráž noci"
"StaticItemNames.helmetNames[359]","Firelord's Crown","Koruna pána ohně"
"StaticItemNames.helmetNames[360]","Helm of the Firelord","Přilba pána ohně"
"StaticItemNames.helmetNames[361]","Crimson Crest","Karmínový hřeben"
"StaticItemNames.helmetNames[362]","Voidgaze Helm","Přilba pohledu prázdnoty"
"StaticItemNames.helmetNames[363]","Frostlord's Helm","Přilba pána mrazu"
"StaticItemNames.helmetNames[364]","Crown of the Frostlord","Koruna pána mrazu"
"StaticItemNames.helmetNames[365]","Ironhelm of Ruin","Železná přilba zkázy"
"StaticItemNames.helmetNames[366]","Flamecrown of Ash","Ohnivá koruna popela"
"StaticItemNames.helmetNames[367]","Stormlord's Crown","Koruna pána bouře"
"StaticItemNames.helmetNames[368]","Helm of the Stormlord","Přilba pána bouře"
"StaticItemNames.helmetNames[369]","Starcrown of Valor","Koruna hvězdné odvahy"
"StaticItemNames.helmetNames[370]","Dawnguard Helm","Přilba úsvitové stráže"
"StaticItemNames.helmetNames[371]","Doomsayer's Helm","Přilba zvěstovatele zkázy"
"StaticItemNames.helmetNames[372]","Crown of the Doomsayer","Koruna zvěstovatele zkázy"
"StaticItemNames.helmetNames[373]","Bloodcrest of Night","Krvavá koruna noci"
"StaticItemNames.helmetNames[374]","Shadowward Helm","Přilba stínové stráže"
"StaticItemNames.helmetNames[375]","Nightstalker's Crown","Koruna nočního lovce"
"StaticItemNames.helmetNames[376]","Helm of the Stalker","Přilba lovce"
"StaticItemNames.helmetNames[377]","Thundervisage of Ruin","Tvář bleskové zkázy"
"StaticItemNames.helmetNames[378]","Warhelm of Night","Válečná přilba noci"
"StaticItemNames.helmetNames[379]","Demonhelm","Přilba démona"
"StaticItemNames.helmetNames[380]","Crown of Demons","Koruna démonů"
"StaticItemNames.helmetNames[381]","Frosthelm of Ruin","Přilba mrazu zkázy"
"StaticItemNames.helmetNames[382]","Ashgaze of Dusk","Přilba pohledu popela soumraku"
"StaticItemNames.helmetNames[383]","Spiritguard Helm","Přilba stráže duchů"
"StaticItemNames.helmetNames[384]","Helm of Spirits","Přilba duchů"
"StaticItemNames.helmetNames[385]","Moonhelm of Valor","Přilba měsíční odvahy"
"StaticItemNames.helmetNames[386]","Voidhelm of Night","Přilba prázdnoty noci"
"StaticItemNames.helmetNames[387]","Ironclad Crown","Koruna železného pancíře"
"StaticItemNames.helmetNames[388]","Crown of the Ironclad","Koruna obrněnce"
"StaticItemNames.helmetNames[389]","Stormhelm of Night","Přilba bouře noci"
"StaticItemNames.helmetNames[390]","Doomgaze Helm","Přilba pohledu zkázy"
"StaticItemNames.helmetNames[391]","Shadowlord's Crown","Koruna pána stínu"
"StaticItemNames.helmetNames[392]","Helm of the Shadowlord","Přilba pána stínu"
"StaticItemNames.helmetNames[393]","Crimson Mask","Karmínová maska"
"StaticItemNames.helmetNames[394]","Dreadhelm of Fury","Přilba hrůzy a zuřivosti"
"StaticItemNames.helmetNames[395]","Fatebringer's Helm","Přilba nositele osudu"
"StaticItemNames.helmetNames[396]","Crown of Fate","Koruna osudu"
"StaticItemNames.helmetNames[397]","Nighthelm of Ash","Přilba nočního popela"
"StaticItemNames.helmetNames[398]","Flamecrest of Dawn","Ohnivý hřeben úsvitu"
"StaticItemNames.helmetNames[399]","Gravekeeper's Crown","Koruna strážce hrobů"
"StaticItemNames.helmetNames[400]","Helm of the Grave","Přilba hrobu"
"StaticItemNames.helmetNames[401]","Ironvisage of Ruin","Tvář železa zkázy"
"StaticItemNames.helmetNames[402]","Bloodcrown of Night","Krvavá koruna noci"
"StaticItemNames.helmetNames[403]","Siegebreaker's Helm","Přilba dobyvače obléhání"
"StaticItemNames.helmetNames[404]","Crown of the Siege","Koruna obléhání"
"StaticItemNames.helmetNames[405]","Duskcrown of Ruin","Koruna soumraku zkázy"
"StaticItemNames.helmetNames[406]","Thundermask Helm","Přilba bleskové masky"
"StaticItemNames.helmetNames[407]","Runelord's Crown","Koruna vlády run"
"StaticItemNames.helmetNames[408]","Helm of Runes","Přilba run"
"StaticItemNames.helmetNames[409]","Ashward of Dusk","Popelová stráž soumraku"
"StaticItemNames.helmetNames[410]","Starcrest of Night","Hvězdný hřeben noci"
"StaticItemNames.helmetNames[411]","Dreadseer's Helm","Přilba věštce hrůzy"
"StaticItemNames.helmetNames[412]","Crown of the Dreadseer","Koruna věštce hrůzy"
"StaticItemNames.helmetNames[413]","Moonward Helm","Přilba měsíční stráže"
"StaticItemNames.helmetNames[414]","Warguard Helm","Přilba válečné stráže"
"StaticItemNames.helmetNames[415]","Steelwarden's Crown","Koruna ocelového strážce"
"StaticItemNames.helmetNames[416]","Helm of Steel","Přilba oceli"
"StaticItemNames.helmetNames[417]","Frostgaze of Night","Přilba mrazivého pohledu noci"
"StaticItemNames.helmetNames[418]","Shadowmask Helm","Přilba stínové masky"
"StaticItemNames.helmetNames[419]","Bonekeeper's Helm","Přilba strážce kostí"
"StaticItemNames.helmetNames[420]","Crown of the Bonekeeper","Koruna strážce kostí"
"StaticItemNames.helmetNames[421]","Stormward Helm","Přilba bouřkové stráže"
"StaticItemNames.helmetNames[422]","Voidvisage Helm","Tvář pohledu prázdnoty"
"StaticItemNames.helmetNames[423]","Duskwarden's Crown","Koruna strážce soumraku"
"StaticItemNames.helmetNames[424]","Helm of the Duskwarden","Přilba strážce soumraku"
"StaticItemNames.helmetNames[425]","Dawnhelm of Valor","Přilba úsvitové odvahy"
"StaticItemNames.helmetNames[426]","Flameguard Visage","Tvář ohnivé stráže"
"StaticItemNames.helmetNames[427]","Lichguard Helm","Přilba lichí stráže"
"StaticItemNames.helmetNames[428]","Crown of the Lich","Koruna lichu"
"StaticItemNames.helmetNames[429]","Ironward Helm","Přilba železné stráže"
"StaticItemNames.helmetNames[430]","Bloodvisage Helm","Tvář krve"
"StaticItemNames.helmetNames[431]","Soulkeeper's Crown","Koruna strážce duší"
"StaticItemNames.helmetNames[432]","Helm of the Soulkeeper","Přilba strážce duší"
"StaticItemNames.helmetNames[433]","Thunderward Helm","Přilba hromové stráže"
"StaticItemNames.helmetNames[434]","Nightvisage Helm","Tvář noci"
"StaticItemNames.helmetNames[435]","Ebonhelm","Ebonská přilba"
"StaticItemNames.helmetNames[436]","Crown of Ebony","Koruna ebenu"
"StaticItemNames.helmetNames[437]","Ashvisage Helm","Tvář popela"
"StaticItemNames.helmetNames[438]","Dreadgaze of Night","Pohled hrůzy noci"
"StaticItemNames.helmetNames[439]","Tombkeeper's Crown","Koruna strážce hrobů"
"StaticItemNames.helmetNames[440]","Helm of the Tomb","Přilba hrobu"
"StaticItemNames.helmetNames[441]","Doomward Helm","Přilba stráže zkázy"
"StaticItemNames.helmetNames[442]","Crimson Crown of Ash","Karmínová koruna popela"
"StaticItemNames.helmetNames[443]","Dawnwarden's Helm","Přilba strážce úsvitu"
"StaticItemNames.helmetNames[444]","Crown of the Dawnwarden","Koruna strážce úsvitu"
"StaticItemNames.helmetNames[445]","Warcrest of Night","Noční válečný hřeben"
"StaticItemNames.helmetNames[446]","Frostward Helm","Přilba mrazové stráže"
"StaticItemNames.helmetNames[447]","Stargazer's Crown","Koruna hvězdného pozorovatele"
"StaticItemNames.helmetNames[448]","Helm of the Stargazer","Přilba hvězdného pozorovatele"
"StaticItemNames.helmetNames[449]","Mooncrest Helm","Přilba měsíčního hřebenu"
"StaticItemNames.helmetNames[450]","Shadowcrest of Ruin","Stínový hřeben zkázy"
"StaticItemNames.helmetNames[451]","Abyssal Crown","Koruna propasti"
"StaticItemNames.helmetNames[452]","Crown of the Abyssal","Koruna abisalu"
"StaticItemNames.helmetNames[453]","Ironhelm of Valor","Přilba železné odvahy"
"StaticItemNames.helmetNames[454]","Ashguard Helm","Přilba popelové stráže"
"StaticItemNames.helmetNames[455]","Dragonhelm","Dračí přilba"
"StaticItemNames.helmetNames[456]","Crown of Dragons","Koruna draků"
"StaticItemNames.helmetNames[457]","Stormhelm of Valor","Přilba bouřové odvahy"
"StaticItemNames.helmetNames[458]","Voidguard Helm","Přilba stráže prázdnoty"
"StaticItemNames.helmetNames[459]","Wyvern's Helm","Přilba wiverny"
"StaticItemNames.helmetNames[460]","Crown of the Wyvern","Koruna wiverny"
"StaticItemNames.helmetNames[461]","Thunderhelm of Dawn","Přilba blesku úsvitu"
"StaticItemNames.helmetNames[462]","Dawnguard Visage","Tvář úsvitové stráže"
"StaticItemNames.helmetNames[463]","Golem's Helm","Přilba golemu"
"StaticItemNames.helmetNames[464]","Crown of the Golem","Koruna golemu"
"StaticItemNames.helmetNames[465]","Frosthelm of Valor","Přilba mrazové odvahy"
"StaticItemNames.helmetNames[466]","Bloodguard Helm","Přilba krvavé stráže"
"StaticItemNames.helmetNames[467]","Valor Crown","Koruna odvahy"
"StaticItemNames.helmetNames[468]","Crown of Lost Eternity","Koruna ztracené věčnosti"
"StaticItemNames.helmetNames[469]","Warhelm of Valor","Válečná přilba odvahy"
"StaticItemNames.helmetNames[470]","Doomguard Helm","Přilba stráže zkázy"
"StaticItemNames.helmetNames[471]","Shadowbane Helm","Přilba poražitele stínů"
"StaticItemNames.helmetNames[472]","Crown of the Shadowbane","Koruna poražení stínu"
"StaticItemNames.helmetNames[473]","Nightguard Visage","Tvář noční stráže"
"StaticItemNames.helmetNames[474]","Flameguard of Valor","Přilba ohnivé odvahy"
"StaticItemNames.helmetNames[475]","Dawnbreaker Helm","Přilba zlomce úsvitu"
"StaticItemNames.helmetNames[476]","Crown of Dawning","Koruna úsvitu"
"StaticItemNames.helmetNames[477]","Crimson Ironhelm","Karmínová železná přilba"
"StaticItemNames.helmetNames[478]","Moonguard Visage","Tvář měsíční stráže"
"StaticItemNames.helmetNames[479]","Stonewall Helm","Přilba kamenné zdi"
"StaticItemNames.helmetNames[480]","Crown of Stone","Koruna kamene"
"StaticItemNames.helmetNames[481]","Duskguard Visage","Tvář soumrakové stráže"
"StaticItemNames.helmetNames[482]","Ashhelm of Valor","Přilba popelové odvahy"
"StaticItemNames.helmetNames[483]","Mythril Helm","Mytřílová přilba"
"StaticItemNames.helmetNames[484]","Crown of Mythril","Koruna mithrilu"
"StaticItemNames.helmetNames[485]","Stormvisage of Night","Přilba bouřlivého pohledu noci"
"StaticItemNames.helmetNames[486]","Ironguard Visage","Tvář železné stráže"
"StaticItemNames.helmetNames[487]","Adamantine Helm","Adamantinová přilba"
"StaticItemNames.helmetNames[488]","Crown of Adamant","Koruna adamantu"
"StaticItemNames.helmetNames[489]","Voidhelm of Valor","Přilba prázdnoty odvahy"
"StaticItemNames.helmetNames[490]","Thunderguard Visage","Tvář hromové stráže"
"StaticItemNames.helmetNames[491]","Dreadnought Helm","Přilba dreadnoughta"
"StaticItemNames.helmetNames[492]","Helm of the Dreadnought","Přilba Dreadnoughta"
"StaticItemNames.helmetNames[493]","Frostguard of Dawn","Přilba mrazové stráže úsvitu"
"StaticItemNames.helmetNames[494]","Warguard Visage","Tvář válečné stráže"
"StaticItemNames.helmetNames[495]","Invincible Helm","Přilba neporazitelného"
"StaticItemNames.helmetNames[496]","Helm of the Invincible","Přilba neporazitelného"
"StaticItemNames.helmetNames[497]","Bloodhelm of Valor","Přilba krvavé odvahy"
"StaticItemNames.helmetNames[498]","Shadowhelm of Valor","Přilba stínové odvahy"
"StaticItemNames.helmetNames[499]","Immortal Crown","Nesmrtelná koruna"
"StaticItemNames.hoeNames[0]","Harvest Moon","Sklizňový měsíc"
"StaticItemNames.hoeNames[1]","Fieldkeeper","Strážce pole"
"StaticItemNames.hoeNames[2]","The Reaper","Žeň"
"StaticItemNames.hoeNames[3]","Crop Warden","Strážce úrody"
"StaticItemNames.hoeNames[4]","Grainmaster","Mistr obilí"
"StaticItemNames.hoeNames[5]","Furrowmaker","Tvůrce brázd"
"StaticItemNames.hoeNames[6]","Seedsplitter","Rozdělovatel semen"
"StaticItemNames.hoeNames[7]","Tillblade","List orby"
"StaticItemNames.hoeNames[8]","Earthtender","Pečovatel země"
"StaticItemNames.hoeNames[9]","Soil Singer","Pěvec půdy"
"StaticItemNames.hoeNames[10]","Rootweaver","Tkalec kořenů"
"StaticItemNames.hoeNames[11]","Harvestfang","Hltan sklizně"
"StaticItemNames.hoeNames[12]","Croprender","Rozrážeč úrody"
"StaticItemNames.hoeNames[13]","Plowshare","Hrot pluhu"
"StaticItemNames.hoeNames[14]","Grain Herald","Posel obilí"
"StaticItemNames.hoeNames[15]","The Cultivator","Kultivátor"
"StaticItemNames.hoeNames[16]","Furrow Lord","Pán brázd"
"StaticItemNames.hoeNames[17]","Seedkeeper","Strážce semen"
"StaticItemNames.hoeNames[18]","Yieldmaster","Mistr sklizně"
"StaticItemNames.hoeNames[19]","Fieldwarden","Strážce pole"
"StaticItemNames.hoeNames[20]","Harvest Wrath","Hněv sklizně"
"StaticItemNames.hoeNames[21]","Soiltender","Pečovatel půdy"
"StaticItemNames.hoeNames[22]","Cropfang","Tesák úrody"
"StaticItemNames.hoeNames[23]","Tillfury","Zuřivost orby"
"StaticItemNames.hoeNames[24]","Grainreaper","Žeň obilí"
"StaticItemNames.hoeNames[25]","Root Herald","Posel kořenů"
"StaticItemNames.hoeNames[26]","Seedstrike","Úder semen"
"StaticItemNames.hoeNames[27]","The Planter","Sázeč"
"StaticItemNames.hoeNames[28]","Furrowcutter","Sekáč brázd"
"StaticItemNames.hoeNames[29]","Harvestkeeper","Strážce sklizně"
"StaticItemNames.hoeNames[30]","Cropslayer","Vrah úrody"
"StaticItemNames.hoeNames[31]","Fieldrender","Rozrážeč pole"
"StaticItemNames.hoeNames[32]","Grainwarden","Strážce obilí"
"StaticItemNames.hoeNames[33]","Soilcleave","Půdní řez"
"StaticItemNames.hoeNames[34]","Rootsplitter","Rozštěpka kořenů"
"StaticItemNames.hoeNames[35]","Tillwarden","Strážce orby"
"StaticItemNames.hoeNames[36]","Seedfury","Zuřivost semen"
"StaticItemNames.hoeNames[37]","Harvest Render","Rozrážeč sklizně"
"StaticItemNames.hoeNames[38]","Plowfang","Tesák pluhu"
"StaticItemNames.hoeNames[39]","Cropkeeper","Strážce úrody"
"StaticItemNames.hoeNames[40]","Yield Render","Rozrážeč výnosu"
"StaticItemNames.hoeNames[41]","Furrowfury","Hněv brázdy"
"StaticItemNames.hoeNames[42]","Grainblade","Obilní čepel"
"StaticItemNames.hoeNames[43]","Fieldcleave","Polecizel"
"StaticItemNames.hoeNames[44]","Soilrender","Rozrážeč půdy"
"StaticItemNames.hoeNames[45]","Rootcutter","Sekáč kořenů"
"StaticItemNames.hoeNames[46]","Tillkeeper","Strážce orby"
"StaticItemNames.hoeNames[47]","Seedrender","Rozrážeč semen"
"StaticItemNames.hoeNames[48]","Harvest Gale","Sklizňový vítr"
"StaticItemNames.hoeNames[49]","Cropmaw","Hltan plodiny"
"StaticItemNames.hoeNames[50]","Grainfury","Zuřivost obilí"
"StaticItemNames.hoeNames[51]","Fieldmarshal","Maršál pole"
"StaticItemNames.hoeNames[52]","Soilstrike","Úder půdy"
"StaticItemNames.hoeNames[53]","The Thresher","Mlátitel"
"StaticItemNames.hoeNames[54]","Rootfury","Zuřivost kořenů"
"StaticItemNames.hoeNames[55]","Tillrender","Rozrážeč orby"
"StaticItemNames.hoeNames[56]","Seedcleave","Řez semen"
"StaticItemNames.hoeNames[57]","Harvest Storm","Sklizňová bouře"
"StaticItemNames.hoeNames[58]","Plowkeeper","Strážce pluhu"
"StaticItemNames.hoeNames[59]","Cropwarden","Strážce plodiny"
"StaticItemNames.hoeNames[60]","Grain Render","Rozrážeč obilí"
"StaticItemNames.hoeNames[61]","Furrowrender","Rozrážeč brázd"
"StaticItemNames.hoeNames[62]","Soilcutter","Půdní sekáč"
"StaticItemNames.hoeNames[63]","Rootrender","Rozrážeč kořenů"
"StaticItemNames.hoeNames[64]","Tillfang","Tesák orby"
"StaticItemNames.hoeNames[65]","Field Sovereign","Pán pole"
"StaticItemNames.hoeNames[66]","Seedwarden","Strážce semen"
"StaticItemNames.hoeNames[67]","Harvest Thorn","Trn sklizně"
"StaticItemNames.hoeNames[68]","Cropfury","Zuřivost úrody"
"StaticItemNames.hoeNames[69]","Grainkeeper","Strážce obilí"
"StaticItemNames.hoeNames[70]","Fieldstrike","Úder pole"
"StaticItemNames.hoeNames[71]","Soilmaw","Píseň půdy"
"StaticItemNames.hoeNames[72]","Rootkeeper","Strážce kořenů"
"StaticItemNames.hoeNames[73]","Tillstrike","Úder orby"
"StaticItemNames.hoeNames[74]","Seedmaw","Hltan semen"
"StaticItemNames.hoeNames[75]","Harvest Fang","Tesák sklizně"
"StaticItemNames.hoeNames[76]","Plowrender","Rozrážeč pluhu"
"StaticItemNames.hoeNames[77]","Cropcleave","Čepel úrody"
"StaticItemNames.hoeNames[78]","Grain Sovereign","Pán obilí"
"StaticItemNames.hoeNames[79]","Furrowwarden","Strážce brázd"
"StaticItemNames.hoeNames[80]","Soilfury","Zuřivost půdy"
"StaticItemNames.hoeNames[81]","Rootstrike","Úder kořenů"
"StaticItemNames.hoeNames[82]","Tillcleave","Řez orby"
"StaticItemNames.hoeNames[83]","Fieldfury","Zuřivost pole"
"StaticItemNames.hoeNames[84]","Harvest Blade","Čepel sklizně"
"StaticItemNames.hoeNames[85]","Cropstrike","Úder úrody"
"StaticItemNames.hoeNames[86]","Grain Maw","Hltan obilí"
"StaticItemNames.hoeNames[87]","Soilwarden","Strážce půdy"
"StaticItemNames.hoeNames[88]","The Sickle Lord","Pán srpu"
"StaticItemNames.hoeNames[89]","Rootmaw","Hltan kořenů"
"StaticItemNames.hoeNames[90]","Tillmaw","Hltan orby"
"StaticItemNames.hoeNames[91]","Seedstorm","Semenná bouře"
"StaticItemNames.hoeNames[92]","Harvest Veil","Závoj sklizně"
"StaticItemNames.hoeNames[93]","Plowstrike","Úder pluhu"
"StaticItemNames.hoeNames[94]","Cropmarshal","Maršál úrody"
"StaticItemNames.hoeNames[95]","Grain Cutter","Sekáč obilí"
"StaticItemNames.hoeNames[96]","Furrowstrike","Úder brázdy"
"StaticItemNames.hoeNames[97]","Soilkeeper","Strážce půdy"
"StaticItemNames.hoeNames[98]","Root Warden","Strážce kořenů"
"StaticItemNames.hoeNames[99]","Tillsovereign","Pán orby"
"StaticItemNames.hoeNames[100]","Seedfang","Tesák semen"
"StaticItemNames.hoeNames[101]","Harvest Claw","Dráp sklizně"
"StaticItemNames.hoeNames[102]","Grain Marshal","Maršál obilí"
"StaticItemNames.hoeNames[103]","Fieldmaw","Hltan pole"
"StaticItemNames.hoeNames[104]","Soilfang","Tesák půdy"
"StaticItemNames.hoeNames[105]","Rootcleave","Řez kořenů"
"StaticItemNames.hoeNames[106]","Tillmarshal","Maršál orby"
"StaticItemNames.hoeNames[107]","Seedsovereign","Pán semen"
"StaticItemNames.hoeNames[108]","Harvest Sovereign","Pán sklizně"
"StaticItemNames.hoeNames[109]","Plowfury","Zuřivost pluhu"
"StaticItemNames.hoeNames[110]","Cropcutter","Sekáč úrody"
"StaticItemNames.hoeNames[111]","Grain Fang","Tesák obilí"
"StaticItemNames.hoeNames[112]","Furrowmaw","Hltan brázd"
"StaticItemNames.hoeNames[113]","Soilsovereign","Pán půdy"
"StaticItemNames.hoeNames[114]","Rootsovereign","Pán kořenů"
"StaticItemNames.hoeNames[115]","Fieldcutter","Sekáč pole"
"StaticItemNames.hoeNames[116]","Seedcutter","Řezač semen"
"StaticItemNames.hoeNames[117]","Harvest Maw","Sklizňový hltan"
"StaticItemNames.hoeNames[118]","Cropbound","Svázaná úroda"
"StaticItemNames.hoeNames[119]","Grain Strike","Úder obilí"
"StaticItemNames.hoeNames[120]","Fieldbound","Svázané pole"
"StaticItemNames.hoeNames[121]","Soilbound","Svázaná půda"
"StaticItemNames.hoeNames[122]","Root Render","Kořenový rozrážeč"
"StaticItemNames.hoeNames[123]","Tillbound","Svázaná orba"
"StaticItemNames.hoeNames[124]","Seedbound","Svázaná semena"
"StaticItemNames.hoeNames[125]","Harvest Forge","Kovadlo sklizně"
"StaticItemNames.hoeNames[126]","Plowcleave","Pluhový řez"
"StaticItemNames.hoeNames[127]","Crop Sovereign","Vládce úrody"
"StaticItemNames.hoeNames[128]","Grain Forge","Kovadlo obilí"
"StaticItemNames.hoeNames[129]","Furrowbound","Svázaná brázda"
"StaticItemNames.hoeNames[130]","Soilforge","Půdní kovařství"
"StaticItemNames.hoeNames[131]","Rootbound","Svázaný kořen"
"StaticItemNames.hoeNames[132]","Tillforge","Orací kovadlo"
"StaticItemNames.hoeNames[133]","Fieldsovereign","Pán pole"
"StaticItemNames.hoeNames[134]","Seedforge","Kovadlo semen"
"StaticItemNames.hoeNames[135]","Harvest Marshal","Maršál sklizně"
"StaticItemNames.hoeNames[136]","Cropforge","Úrodný kovář"
"StaticItemNames.hoeNames[137]","Grain Cleave","Obilní řez"
"StaticItemNames.hoeNames[138]","Fieldforge","Polekovadlo"
"StaticItemNames.hoeNames[139]","Soilmarshal","Půdní maršál"
"StaticItemNames.hoeNames[140]","Root Forge","Kořenový kovář"
"StaticItemNames.hoeNames[141]","Tillcutter","Sekáč orby"
"StaticItemNames.hoeNames[142]","Seedmarshal","Semenný maršál"
"StaticItemNames.hoeNames[143]","Harvest Warden","Strážce sklizně"
"StaticItemNames.hoeNames[144]","Plowbound","Svázaný pluh"
"StaticItemNames.hoeNames[145]","Grain Bound","Svázané obilí"
"StaticItemNames.hoeNames[146]","Furrowkeeper","Strážce brázdy"
"StaticItemNames.hoeNames[147]","Soilcleaver","Půdní sekáč"
"StaticItemNames.hoeNames[148]","Root Cutter","Sekáč kořenů"
"StaticItemNames.hoeNames[149]","Fieldkept","Strážce pole"
"StaticItemNames.hoeNames[150]","Seedreaper","Žnec semen"
"StaticItemNames.hoeNames[151]","Harvest Cleave","Sklizňový řez"
"StaticItemNames.hoeNames[152]","Cropsovereign","Pan úrody"
"StaticItemNames.hoeNames[153]","Grain Keeper","Strážce obilí"
"StaticItemNames.hoeNames[154]","Fieldfang","Tesák pole"
"StaticItemNames.hoeNames[155]","Soil Lord","Pán půdy"
"StaticItemNames.hoeNames[156]","Root Song","Píseň kořenů"
"StaticItemNames.hoeNames[157]","Tillreaper","Žnec orby"
"StaticItemNames.hoeNames[158]","Seedslayer","Vrah semen"
"StaticItemNames.hoeNames[159]","Harvest Song","Píseň sklizně"
"StaticItemNames.hoeNames[160]","Plowsovereign","Pán pluhu"
"StaticItemNames.hoeNames[161]","Grain Song","Píseň obilí"
"StaticItemNames.hoeNames[162]","Furrowsovereign","Pan brázdy"
"StaticItemNames.hoeNames[163]","Soilsong","Píseň půdy"
"StaticItemNames.hoeNames[164]","Root Cleave","Kořenový řez"
"StaticItemNames.hoeNames[165]","Tillsong","Píseň orby"
"StaticItemNames.hoeNames[166]","Fieldsong","Píseň pole"
"StaticItemNames.hoeNames[167]","Seedsong","Píseň semen"
"StaticItemNames.hoeNames[168]","Harvest Keeper","Strážce sklizně"
"StaticItemNames.hoeNames[169]","Cropreaper","Žnec úrody"
"StaticItemNames.hoeNames[170]","Fieldreaper","Žnec pole"
"StaticItemNames.hoeNames[171]","Soil Reaper","Půdní žnec"
"StaticItemNames.hoeNames[172]","Root Maw","Kořenový hltan"
"StaticItemNames.hoeNames[173]","Tillslayer","Vrah orby"
"StaticItemNames.hoeNames[174]","Seedtender","Pečovatel semen"
"StaticItemNames.hoeNames[175]","Harvest Reaper","Žnec sklizně"
"StaticItemNames.hoeNames[176]","Plowmaw","Pluhový hltan"
"StaticItemNames.hoeNames[177]","Grain Reaper","Žnec obilí"
"StaticItemNames.hoeNames[178]","Furrowslayer","Vrah brázd"
"StaticItemNames.hoeNames[179]","Soilslayer","Vrah půdy"
"StaticItemNames.hoeNames[180]","Root Slayer","Vrah kořenů"
"StaticItemNames.hoeNames[181]","Plowslayer","Vrah pluhu"
"StaticItemNames.hoeNames[182]","Fieldslayer","Vrah pole"
"StaticItemNames.hoeNames[183]","Seedweaver","Tkalec semen"
"StaticItemNames.hoeNames[184]","Harvest Slayer","Vrah sklizně"
"StaticItemNames.hoeNames[185]","Croptender","Pečovatel úrody"
"StaticItemNames.hoeNames[186]","Grain Slayer","Vrah obilí"
"StaticItemNames.hoeNames[187]","Soil Mauler","Mlátil půdy"
"StaticItemNames.hoeNames[188]","Root Tiller","Kořenový oráč"
"StaticItemNames.hoeNames[189]","Tilltender","Pečovatel orby"
"StaticItemNames.hoeNames[190]","Seedherald","Posel semen"
"StaticItemNames.hoeNames[191]","Harvest Herald","Posel sklizně"
"StaticItemNames.hoeNames[192]","Plowmarshal","Maršál pluhu"
"StaticItemNames.hoeNames[193]","Cropsong","Píseň úrody"
"StaticItemNames.hoeNames[194]","Grain Tiller","Oráč obilí"
"StaticItemNames.hoeNames[195]","Furrowreaper","Žnec brázd"
"StaticItemNames.hoeNames[196]","Soiltiller","Půdní oráč"
"StaticItemNames.hoeNames[197]","Root Keeper","Strážce kořenů"
"StaticItemNames.hoeNames[198]","Tillherald","Posel orby"
"StaticItemNames.hoeNames[199]","Fieldtender","Pečovatel pole"
"StaticItemNames.hoeNames[200]","Seedtiller","Semenný oráč"
"StaticItemNames.hoeNames[201]","Harvest Tiller","Oráč sklizně"
"StaticItemNames.hoeNames[202]","Cropherald","Posel úrody"
"StaticItemNames.hoeNames[203]","Grain Tender","Pečovatel obilí"
"StaticItemNames.hoeNames[204]","Fieldherald","Posel pole"
"StaticItemNames.hoeNames[205]","Soil Herald","Posel půdy"
"StaticItemNames.hoeNames[206]","Tillweaver","Tkalec orby"
"StaticItemNames.hoeNames[207]","Furrowtender","Pečovatel brázd"
"StaticItemNames.hoeNames[208]","Harvest Weaver","Tkalec sklizně"
"StaticItemNames.hoeNames[209]","Plowherald","Posel pluhu"
"StaticItemNames.hoeNames[210]","Cropweaver","Tkalec úrody"
"StaticItemNames.hoeNames[211]","Grain Weaver","Tkalec obilí"
"StaticItemNames.hoeNames[212]","Fieldweaver","Tkalec pole"
"StaticItemNames.hoeNames[213]","Soilweaver","Tkalec půdy"
"StaticItemNames.hoeNames[214]","Root Weaver","Tkalec kořenů"
"StaticItemNames.hoeNames[215]","Harvest Tender","Pečovatel sklizně"
"StaticItemNames.hoeNames[216]","Cropdrinker","Pijan úrody"
"StaticItemNames.hoeNames[217]","Furrowherald","Posel brázdy"
"StaticItemNames.hoeNames[218]","Soilherald","Posel půdy"
"StaticItemNames.hoeNames[219]","Rootherald","Posel kořenů"
"StaticItemNames.hoeNames[220]","Seeddrinker","Pijan semen"
"StaticItemNames.hoeNames[221]","Harvest Drinker","Pijan sklizně"
"StaticItemNames.hoeNames[222]","Plowweaver","Tkalec pluhu"
"StaticItemNames.hoeNames[223]","Cropforger","Kovář úrody"
"StaticItemNames.hoeNames[224]","Grain Forger","Kovář obilí"
"StaticItemNames.hoeNames[225]","Furrowweaver","Tkalec brázd"
"StaticItemNames.hoeNames[226]","Soilforger","Kovář půdy"
"StaticItemNames.hoeNames[227]","Rootforger","Kovář kořenů"
"StaticItemNames.hoeNames[228]","Tillforger","Kovář orby"
"StaticItemNames.hoeNames[229]","Fieldforger","Kovář pole"
"StaticItemNames.hoeNames[230]","Seedforger","Kovář semen"
"StaticItemNames.hoeNames[231]","Harvest Forger","Kovář sklizně"
"StaticItemNames.hoeNames[232]","Plowtender","Pečovatel pluhu"
"StaticItemNames.hoeNames[233]","Croptiller","Oráč úrody"
"StaticItemNames.hoeNames[234]","Furrowforger","Kovář brázd"
"StaticItemNames.hoeNames[235]","Soildrinker","Pijan půdy"
"StaticItemNames.hoeNames[236]","Rootdrinker","Pijan kořenů"
"StaticItemNames.hoeNames[237]","Hoe of the Harvest","Kosa sklizně"
"StaticItemNames.hoeNames[238]","Barley Blade","Jehmenná čepel"
"StaticItemNames.hoeNames[239]","Wheat Warden","Strážce pšenice"
"StaticItemNames.hoeNames[240]","Thatch Render","Došový rozrážeč"
"StaticItemNames.hoeNames[241]","Scythe Song","Píseň srpy"
"StaticItemNames.hoeNames[242]","Oat Keeper","Strážce ovsa"
"StaticItemNames.hoeNames[243]","Rye Render","Žitný rozrážeč"
"StaticItemNames.hoeNames[244]","Millet Maw","Prosa hltan"
"StaticItemNames.hoeNames[245]","Corn Cutter","Řezač kukuřice"
"StaticItemNames.hoeNames[246]","Husk Herald","Posel slámy"
"StaticItemNames.hoeNames[247]","Chaff Claw","Dráp plev"
"StaticItemNames.hoeNames[248]","Sheaf Slicer","Řezač snopů"
"StaticItemNames.hoeNames[249]","Stalk Splitter","Štěpač stébel"
"StaticItemNames.hoeNames[250]","Bran Blade","Otrubová čepel"
"StaticItemNames.hoeNames[251]","Kernel Keeper","Strážce zrn"
"StaticItemNames.hoeNames[252]","Sprout Slayer","Vrah výhonku"
"StaticItemNames.hoeNames[253]","Bloom Reaper","Žnec květů"
"StaticItemNames.hoeNames[254]","Petal Render","Rozrážeč okvětních lístků"
"StaticItemNames.hoeNames[255]","Vine Cleaver","Sekáč révy"
"StaticItemNames.hoeNames[256]","The Scarecrow","Strašák"
"StaticItemNames.hoeNames[257]","Thorn Tender","Pečovatel trnů"
"StaticItemNames.hoeNames[258]","Briar Blade","Trnová čepel"
"StaticItemNames.hoeNames[259]","Weed Warden","Strážce plevele"
"StaticItemNames.hoeNames[260]","Hoe of Plenty","Kosa hojnosti"
"StaticItemNames.hoeNames[261]","Bounty Blade","Čepel štědrosti"
"StaticItemNames.hoeNames[262]","Autumn Edge","Podzimní ostří"
"StaticItemNames.hoeNames[263]","Spring Tender","Jarní pečovatel"
"StaticItemNames.hoeNames[264]","Summer Reap","Letní žnec"
"StaticItemNames.hoeNames[265]","Famine Ender","Ukončovatel hladu"
"StaticItemNames.hoeNames[266]","Grove Guardian","Strážce háje"
"StaticItemNames.hoeNames[267]","Orchard Edge","Ostrý okraj sadu"
"StaticItemNames.hoeNames[268]","Meadow Maw","Louční hltan"
"StaticItemNames.hoeNames[269]","Pasture Render","Rozrazovač pastviny"
"StaticItemNames.hoeNames[270]","Garden Herald","Posel zahrady"
"StaticItemNames.hoeNames[271]","Prairie Fang","Prérijní tesák"
"StaticItemNames.hoeNames[272]","Fallow Fury","Zuřivost úhoru"
"StaticItemNames.hoeNames[273]","Verdant Vow","Zelený slib"
"StaticItemNames.hoeNames[274]","Green Grasp","Zelený úchop"
"StaticItemNames.hoeNames[275]","Emerald Hoe","Smaragdová kosa"
"StaticItemNames.hoeNames[276]","Jade Tiller","Jadeitový oráč"
"StaticItemNames.hoeNames[277]","Moss Render","Mechový rozrážeč"
"StaticItemNames.hoeNames[278]","Plow of the Ages","Pluh věků"
"StaticItemNames.hoeNames[279]","Fertile Fang","Úrodný tesák"
"StaticItemNames.hoeNames[280]","Abundance","Hojnost"
"StaticItemNames.hoeNames[281]","Demeter's Touch","Deméterův dotek"
"StaticItemNames.hoeNames[282]","Ceres Blade","Čepel Ceres"
"StaticItemNames.hoeNames[283]","Earthmother's Gift","Dar Matky Země"
"StaticItemNames.hoeNames[284]","Druid's Hoe","Druidova kosa"
"StaticItemNames.hoeNames[285]","Nature's Grasp","Úchop přírody"
"StaticItemNames.hoeNames[286]","The Greenkeeper","Strážce zeleně"
"StaticItemNames.hoeNames[287]","Willow Hoe","Vrbinová kosa"
"StaticItemNames.hoeNames[288]","Oak Tender","Pečovatel dubu"
"StaticItemNames.hoeNames[289]","Birch Blade","Březová čepel"
"StaticItemNames.hoeNames[290]","Maple Render","Javorový rozrážeč"
"StaticItemNames.hoeNames[291]","Ash Tiller","Jasanový oráč"
"StaticItemNames.hoeNames[292]","Elm Edge","Jilmové ostří"
"StaticItemNames.hoeNames[293]","Harvest of Sorrow","Sklizeň smutku"
"StaticItemNames.hoeNames[294]","Reaping Wind","Sklizňový vítr"
"StaticItemNames.hoeNames[295]","Golden Grain","Zlaté obilí"
"StaticItemNames.hoeNames[296]","Silver Seed","Stříbrné semeno"
"StaticItemNames.hoeNames[297]","Bronze Till","Bronzový oráč"
"StaticItemNames.hoeNames[298]","Copper Crop","Měděná úroda"
"StaticItemNames.hoeNames[299]","Iron Furrow","Železná brázda"
"StaticItemNames.hoeNames[300]","Steel Sprout","Ocelový výhonek"
"StaticItemNames.hoeNames[301]","Obsidian Hoe","Obsidiánová kosa"
"StaticItemNames.hoeNames[302]","Moonlit Hoe","Měsíční kosa"
"StaticItemNames.hoeNames[303]","Sunlit Tiller","Sluneční oráč"
"StaticItemNames.hoeNames[304]","Starlit Seed","Hvězdná semena"
"StaticItemNames.hoeNames[305]","Dawn Reaper","Žnec úsvitu"
"StaticItemNames.hoeNames[306]","Dusk Sower","Sazeč soumraku"
"StaticItemNames.hoeNames[307]","Twilight Tiller","Oráč soumraku"
"StaticItemNames.hoeNames[308]","Midnight Mow","Půlnoční sečení"
"StaticItemNames.hoeNames[309]","Noon Harvest","Polední sklizeň"
"StaticItemNames.hoeNames[310]","Eclipse Hoe","Kosa zatmění"
"StaticItemNames.hoeNames[311]","Solstice Reap","Žnec slunovratu"
"StaticItemNames.hoeNames[312]","Equinox Edge","Rovnodenní ostří"
"StaticItemNames.hoeNames[313]","Frost Hoe","Mrazivá kosa"
"StaticItemNames.hoeNames[314]","Flame Tiller","Ohnivý oráč"
"StaticItemNames.hoeNames[315]","Storm Reap","Žnec bouře"
"StaticItemNames.hoeNames[316]","Gale Harvest","Větrná sklizeň"
"StaticItemNames.hoeNames[317]","Tempest Tiller","Bouřný oráč"
"StaticItemNames.hoeNames[318]","Thunder Hoe","Hromová kosa"
"StaticItemNames.hoeNames[319]","Lightning Reap","Bleskový žnec"
"StaticItemNames.hoeNames[320]","Rain Render","Déšťový rozrážeč"
"StaticItemNames.hoeNames[321]","Hail Harvest","Kroupová sklizeň"
"StaticItemNames.hoeNames[322]","Snow Sow","Sněžný sázeč"
"StaticItemNames.hoeNames[323]","Drought Ender","Ukončovatel sucha"
"StaticItemNames.hoeNames[324]","Flood Tiller","Povodňový oráč"
"StaticItemNames.hoeNames[325]","River Hoe","Říční kosa"
"StaticItemNames.hoeNames[326]","Lake Tender","Strážce studny"
"StaticItemNames.hoeNames[327]","Pond Render","Pečovatel jezera"
"StaticItemNames.hoeNames[328]","Creek Cutter","Rybniční rozrážeč"
"StaticItemNames.hoeNames[329]","Brook Blade","Potokový sekáč"
"StaticItemNames.hoeNames[330]","Spring Water Hoe","Potůčková čepel"
"StaticItemNames.hoeNames[331]","Well Warden","Kosa pramenné vody"
"StaticItemNames.hoeNames[332]","Fountain Fury","Strážce kašny"
"StaticItemNames.hoeNames[333]","Canal Cutter","Kašnový hněv"
"StaticItemNames.hoeNames[334]","Terrace Tiller","Kanálový sekáč"
"StaticItemNames.hoeNames[335]","Ridge Render","Terasový oráč"
"StaticItemNames.hoeNames[336]","Valley Vow","Hřebenový rozrážeč"
"StaticItemNames.hoeNames[337]","Hill Harvest","Údolní slib"
"StaticItemNames.hoeNames[338]","Mountain Mow","Sklizeň na kopcích"
"StaticItemNames.hoeNames[339]","Plateau Plow","Horská seč"
"StaticItemNames.hoeNames[340]","Mesa Hoe","Plošný pluh"
"StaticItemNames.hoeNames[341]","Desert Bloom","Mesová kosa"
"StaticItemNames.hoeNames[342]","Oasis Hoe","Pouštní květ"
"StaticItemNames.hoeNames[343]","Jungle Hoe","Oázová kosa"
"StaticItemNames.hoeNames[344]","Forest Tiller","Džunglová kosa"
"StaticItemNames.hoeNames[345]","Savanna Sow","Lesní oráč"
"StaticItemNames.hoeNames[346]","Tundra Tiller","Savannový sázeč"
"StaticItemNames.hoeNames[347]","Taiga Hoe","Tundrový oráč"
"StaticItemNames.hoeNames[348]","Steppe Sow","Tajga kosa"
"StaticItemNames.hoeNames[349]","Fen Hoe","Steppový sázeč"
"StaticItemNames.hoeNames[350]","Marsh Mow","Močalová kosa"
"StaticItemNames.hoeNames[351]","Swamp Sow","Bažinaté sečení"
"StaticItemNames.hoeNames[352]","Delta Hoe","Bažinový sázeč"
"StaticItemNames.hoeNames[353]","Estuary Edge","Deltová kosa"
"StaticItemNames.hoeNames[354]","Hoe of the Wild","Okraj ústí"
"StaticItemNames.hoeNames[355]","Untamed Tiller","Kosa divočiny"
"StaticItemNames.hoeNames[356]","Savage Sow","Nespoutaný oráč"
"StaticItemNames.hoeNames[357]","Primal Plow","Divoký sázeč"
"StaticItemNames.hoeNames[358]","Ancient Harvest","Prvotní pluh"
"StaticItemNames.hoeNames[359]","Forgotten Furrow","Starobylá sklizeň"
"StaticItemNames.hoeNames[360]","Lost Sow","Zapomenutá brázda"
"StaticItemNames.hoeNames[361]","Ruined Reap","Ztracený sázeč"
"StaticItemNames.hoeNames[362]","Broken Bloom","Zničený žnec"
"StaticItemNames.hoeNames[363]","Shattered Seed","Rozbitý květ"
"StaticItemNames.hoeNames[364]","Mended Mow","Rozlámané semeno"
"StaticItemNames.hoeNames[365]","Restored Reap","Opravené sečení"
"StaticItemNames.hoeNames[366]","Reborn Hoe","Obnovený žnec"
"StaticItemNames.hoeNames[367]","Eternal Harvest","Znovuzrozená kosa"
"StaticItemNames.hoeNames[368]","Infinite Furrow","Věčná sklizeň"
"StaticItemNames.hoeNames[369]","Boundless Bloom","Nekonečná brázda"
"StaticItemNames.hoeNames[370]","Timeless Tiller","Bezbřehý květ"
"StaticItemNames.hoeNames[371]","Ageless Hoe","Nadčasový oráč"
"StaticItemNames.hoeNames[372]","Immortal Reap","Bezvěký nástroj"
"StaticItemNames.hoeNames[373]","Divine Furrow","Nesmrtelný žnec"
"StaticItemNames.hoeNames[374]","Sacred Sow","Božská brázda"
"StaticItemNames.hoeNames[375]","Holy Harvest","Posvátný sázeč"
"StaticItemNames.hoeNames[376]","Blessed Bloom","Svatá sklizeň"
"StaticItemNames.hoeNames[377]","Cursed Crop","Požehnaný květ"
"StaticItemNames.hoeNames[378]","Wicked Weed","Prokletá úroda"
"StaticItemNames.hoeNames[379]","Vile Vine","Zlá plevel"
"StaticItemNames.hoeNames[380]","Dark Harvest","Ošklivá réva"
"StaticItemNames.hoeNames[381]","Shadow Sow","Temná sklizeň"
"StaticItemNames.hoeNames[382]","Grim Grain","Stínový sázeč"
"StaticItemNames.hoeNames[383]","Death's Hoe","Ponuré zrno"
"StaticItemNames.hoeNames[384]","Blight Blade","Kosa smrti"
"StaticItemNames.hoeNames[385]","Withered Hoe","Čepel nákazy"
"StaticItemNames.hoeNames[386]","Rotting Reap","Uschlá kosa"
"StaticItemNames.hoeNames[387]","Decayed Furrow","Hnilobný žnec"
"StaticItemNames.hoeNames[388]","Necrotic Hoe","Zchátralá brázda"
"StaticItemNames.hoeNames[389]","Spectral Sow","Nekrotická kosa"
"StaticItemNames.hoeNames[390]","Ghost Grain","Přízračný sázeč"
"StaticItemNames.hoeNames[391]","Phantom Plow","Duchovní zrno"
"StaticItemNames.hoeNames[392]","Wraith Reap","Přízračný pluh"
"StaticItemNames.hoeNames[393]","Spirit Sprout","Žnec přízraku"
"StaticItemNames.hoeNames[394]","Soul Sow","Duchovní výhonek"
"StaticItemNames.hoeNames[395]","Ethereal Harvest","Sázeč duší"
"StaticItemNames.hoeNames[396]","Astral Hoe","Éterická sklizeň"
"StaticItemNames.hoeNames[397]","Celestial Crop","Astrální kosa"
"StaticItemNames.hoeNames[398]","Cosmic Furrow","Nebeská úroda"
"StaticItemNames.hoeNames[399]","Void Harvest","Kosmická brázda"
"StaticItemNames.hoeNames[400]","Null Hoe","Sklizeň prázdnoty"
"StaticItemNames.hoeNames[401]","Chaos Crop","Nulová kosa"
"StaticItemNames.hoeNames[402]","Order Hoe","Chaotická úroda"
"StaticItemNames.hoeNames[403]","Harmony Harvest","Řádová kosa"
"StaticItemNames.hoeNames[404]","Discord Hoe","Harmonická sklizeň"
"StaticItemNames.hoeNames[405]","Serenity Sow","Nesouladná kosa"
"StaticItemNames.hoeNames[406]","Tranquil Tiller","Sázeč klidu"
"StaticItemNames.hoeNames[407]","Peaceful Plow","Klidný oráč"
"StaticItemNames.hoeNames[408]","Warborn Hoe","Mírumilovný pluh"
"StaticItemNames.hoeNames[409]","Battle Harvest","Válečná kosa"
"StaticItemNames.hoeNames[410]","Conquest Crop","Bitevní sklizeň"
"StaticItemNames.hoeNames[411]","Victory Vine","Úroda dobytí"
"StaticItemNames.hoeNames[412]","Crimson Hoe","Vítězná réva"
"StaticItemNames.hoeNames[413]","Azure Tiller","Karmínová kosa"
"StaticItemNames.hoeNames[414]","Gilded Reap","Azurový oráč"
"StaticItemNames.hoeNames[415]","Obsidian Plow","Pozlacený žnec"
"StaticItemNames.hoeNames[416]","Emerald Sow","Obsidiánový pluh"
"StaticItemNames.hoeNames[417]","Ruby Hoe","Smaragdový sázeč"
"StaticItemNames.hoeNames[418]","Sapphire Tiller","Rubínová kosa"
"StaticItemNames.hoeNames[419]","Diamond Reap","Safírový oráč"
"StaticItemNames.hoeNames[420]","Amethyst Hoe","Diamantový žnec"
"StaticItemNames.hoeNames[421]","Topaz Tiller","Ametystová kosa"
"StaticItemNames.hoeNames[422]","Pearl Hoe","Topazový oráč"
"StaticItemNames.hoeNames[423]","Onyx Sow","Perlová kosa"
"StaticItemNames.hoeNames[424]","Garnet Reap","Onyxový sázeč"
"StaticItemNames.hoeNames[425]","Amber Hoe","Granátový žnec"
"StaticItemNames.hoeNames[426]","Coral Tiller","Jantarová kosa"
"StaticItemNames.hoeNames[427]","Ivory Reap","Korálový oráč"
"StaticItemNames.hoeNames[428]","Ebony Sow","Slonovinový žnec"
"StaticItemNames.hoeNames[429]","Quartz Hoe","Ebónový sázeč"
"StaticItemNames.hoeNames[430]","The Harvester","Křemenná kosa"
"StaticItemNames.hoeNames[431]","The Gleaner","Žnec"
"StaticItemNames.hoeNames[432]","The Winnower","Sběrač"
"StaticItemNames.hoeNames[433]","The Cropmaster","Třídící kosa"
"StaticItemNames.hoeNames[434]","The Sower","Strážce úrody"
"StaticItemNames.hoeNames[435]","The Plowman","Sázeč"
"StaticItemNames.hoeNames[436]","The Fieldhand","Oráč"
"StaticItemNames.hoeNames[437]","The Husbandman","Polní dělník"
"StaticItemNames.hoeNames[438]","The Granger","Rolník"
"StaticItemNames.hoeNames[439]","The Yeoman","Pastýř"
"StaticItemNames.hoeNames[440]","Hoe of the Ancients","Sedlák"
"StaticItemNames.hoeNames[441]","Hoe of the Druid","Kosa dávných"
"StaticItemNames.hoeNames[442]","Hoe of the Sun","Kosa druida"
"StaticItemNames.hoeNames[443]","Hoe of the Void","Kosa slunce"
"StaticItemNames.hoeNames[444]","Scythe of Dusk","Kosa prázdnoty"
"StaticItemNames.hoeNames[445]","Scythe of Destiny","Kosáč soumraku"
"StaticItemNames.hoeNames[446]","Sickle of the Moon","Kosáč osudu"
"StaticItemNames.hoeNames[447]","Blade of the Field","Srp měsíce"
"StaticItemNames.hoeNames[448]","Blade of the Harvest","Čepel pole"
"StaticItemNames.hoeNames[449]","Blade of Seasons","Čepel sklizně"
"StaticItemNames.hoeNames[450]","Edge of Autumn","Čepel ročních období"
"StaticItemNames.hoeNames[451]","Edge of the Meadow","Ostří podzimu"
"StaticItemNames.hoeNames[452]","Tiller of the Storm","Ostří louky"
"StaticItemNames.hoeNames[453]","Till of the Titans","Oráč bouře"
"StaticItemNames.hoeNames[454]","Till of the Deep","Orba titánů"
"StaticItemNames.hoeNames[455]","Hoe of the Forgotten","Orba hlubin"
"StaticItemNames.hoeNames[456]","Hoe of the Damned","Kosa zapomenutých"
"StaticItemNames.hoeNames[457]","Hoe of the Cursed","Kosa zatracených"
"StaticItemNames.hoeNames[458]","Hoe of the Grove","Kosa prokletých"
"StaticItemNames.hoeNames[459]","Hoe of the Warden","Kosa háje"
"StaticItemNames.hoeNames[460]","Cropfang Hoe","Kosa strážce"
"StaticItemNames.hoeNames[461]","Cropbound Hoe","Úrodný tesák"
"StaticItemNames.hoeNames[462]","Cropsong Hoe","Úroda vázaná"
"StaticItemNames.hoeNames[463]","Cropherald Hoe","Píseň úrody"
"StaticItemNames.hoeNames[464]","Cropreaper Hoe","Smaragdová kosa"
"StaticItemNames.hoeNames[465]","Fieldcleave Hoe","Žnec úrody"
"StaticItemNames.hoeNames[466]","Fieldbound Hoe","Polecizel"
"StaticItemNames.hoeNames[467]","Fieldfang Hoe","Pevnost pole"
"StaticItemNames.hoeNames[468]","Fieldmaw Hoe","Pole tesák"
"StaticItemNames.hoeNames[469]","Fieldsong Hoe","Pole hltan"
"StaticItemNames.hoeNames[470]","Soilrender Hoe","Pole písně"
"StaticItemNames.hoeNames[471]","Soilstrike Hoe","Půdní rozrážeč"
"StaticItemNames.hoeNames[472]","Soilmaw Hoe","Půdní úder"
"StaticItemNames.hoeNames[473]","Soilbound Hoe","Půdní hltan"
"StaticItemNames.hoeNames[474]","Soilforge Hoe","Půdní pouto"
"StaticItemNames.hoeNames[475]","Grainfury Hoe","Půdní kovář"
"StaticItemNames.hoeNames[476]","Grainblade Hoe","Zrnivý hněv"
"StaticItemNames.hoeNames[477]","Grainkeeper Hoe","Zrnistá čepel"
"StaticItemNames.hoeNames[478]","Grainsong Hoe","Strážce zrna"
"StaticItemNames.hoeNames[479]","Grainforge Hoe","Píseň zrna"
"StaticItemNames.hoeNames[480]","Seedstrike Hoe","Kovář zrna"
"StaticItemNames.hoeNames[481]","Seedrender Hoe","Úder semene"
"StaticItemNames.hoeNames[482]","Seedcleave Hoe","Rozrážeč semen"
"StaticItemNames.hoeNames[483]","Seedfang Hoe","Sekání semen"
"StaticItemNames.hoeNames[484]","Seedmaw Hoe","Tesák semen"
"StaticItemNames.hoeNames[485]","Rootfury Hoe","Semenný hltan"
"StaticItemNames.hoeNames[486]","Rootrender Hoe","Kořenový hněv"
"StaticItemNames.hoeNames[487]","Rootcleave Hoe","Kořenový rozrážeč"
"StaticItemNames.hoeNames[488]","Rootmaw Hoe","Kořenový sekáč"
"StaticItemNames.hoeNames[489]","Rootstrike Hoe","Kořenový hltan"
"StaticItemNames.hoeNames[490]","Furrowfury Hoe","Kořenový úder"
"StaticItemNames.hoeNames[491]","Furrowrender Hoe","Brázdový hněv"
"StaticItemNames.hoeNames[492]","Furrowcleave Hoe","Brázdový rozrážeč"
"StaticItemNames.hoeNames[493]","Furrowmaw Hoe","Brázdový sekáč"
"StaticItemNames.hoeNames[494]","Furrowstrike Hoe","Brázdový hltan"
"StaticItemNames.hoeNames[495]","Tillfang Hoe","Brázdový úder"
"StaticItemNames.hoeNames[496]","Tillcleave Hoe","Orný tesák"
"StaticItemNames.hoeNames[497]","Tillstrike Hoe","Orný sekáč"
"StaticItemNames.hoeNames[498]","Tillmaw Hoe","Orný úder"
"StaticItemNames.hoeNames[499]","Tillrender Hoe","Orný hltan"
"StaticItemNames.leggingsNames[0]","Greaves of the Titan","Orný rozrážeč"
"StaticItemNames.leggingsNames[1]","Ironstriders","Nohavice titána"
"StaticItemNames.leggingsNames[2]","Pathwalkers","Železní kročeje"
"StaticItemNames.leggingsNames[3]","The Pillars","Cestní kročeje"
"StaticItemNames.leggingsNames[4]","Warlegs","Sloupy"
"StaticItemNames.leggingsNames[5]","Voidgreaves","Válečné nohavice"
"StaticItemNames.leggingsNames[6]","Duskstriders","Nohavice prázdnoty"
"StaticItemNames.leggingsNames[7]","The Foundation","Soumrakové kročeje"
"StaticItemNames.leggingsNames[8]","Greaves of Fury","Základ"
"StaticItemNames.leggingsNames[9]","Starfall Greaves","Nohavice zuřivosti"
"StaticItemNames.leggingsNames[10]","Thornlegs","Nohavice padlých hvězd"
"StaticItemNames.leggingsNames[11]","Whisperstriders","Trnové nohy"
"StaticItemNames.leggingsNames[12]","The Stance","Šeptající kročeje"
"StaticItemNames.leggingsNames[13]","Greaves of Ruin","Postoj"
"StaticItemNames.leggingsNames[14]","Nightstriders","Nohavice zkázy"
"StaticItemNames.leggingsNames[15]","Skullgreaves","Noční kročeje"
"StaticItemNames.leggingsNames[16]","The Columns","Sloupy"
"StaticItemNames.leggingsNames[17]","Greaves of Embers","Náholenice žhavých uhlíků"
"StaticItemNames.leggingsNames[18]","Ironlegs","Železné nohavice"
"StaticItemNames.leggingsNames[19]","Dreadstriders","Děsivé nohavice"
"StaticItemNames.leggingsNames[20]","The Roots","Kořeny"
"StaticItemNames.leggingsNames[21]","Greaves of the Fallen","Náholenice padlého"
"StaticItemNames.leggingsNames[22]","Shadowstriders","Stínokráčeči"
"StaticItemNames.leggingsNames[23]","Flameward Greaves","Ohnivé holenice"
"StaticItemNames.leggingsNames[24]","The Ironpillars","Železné pilíře"
"StaticItemNames.leggingsNames[25]","Stormstriders","Bouřní kráčeči"
"StaticItemNames.leggingsNames[26]","Wargreaves","Válečné náholenice"
"StaticItemNames.leggingsNames[27]","Greaves of Twilight","Náholenice soumraku"
"StaticItemNames.leggingsNames[28]","The Harbinger Greaves","Náholenice předzvěsti"
"StaticItemNames.leggingsNames[29]","Froststriders","Mrazochodci"
"StaticItemNames.leggingsNames[30]","Greaves of Eternity","Náholenice věčnosti"
"StaticItemNames.leggingsNames[31]","Crimson Greaves","Šarlatové holenice"
"StaticItemNames.leggingsNames[32]","The Marchers","Pochodující"
"StaticItemNames.leggingsNames[33]","Moonstriders","Měsíční kráčeči"
"StaticItemNames.leggingsNames[34]","Dawnguard Greaves","Úsvitové strážní holenice"
"StaticItemNames.leggingsNames[35]","Legguards of Ruin","Chrániče nohou zkázy"
"StaticItemNames.leggingsNames[36]","The Tyrant Greaves","Náholenice tyrana"
"StaticItemNames.leggingsNames[37]","Ashstriders","Popelové nohavice"
"StaticItemNames.leggingsNames[38]","Greaves of the Hollow","Náholenice Prázdného"
"StaticItemNames.leggingsNames[39]","Sightstriders","Zrakokráčeči"
"StaticItemNames.leggingsNames[40]","The Warden Greaves","Náholenice strážce"
"StaticItemNames.leggingsNames[41]","Voidstriders","Prázdnotní kráčeči"
"StaticItemNames.leggingsNames[42]","Greaves of Thorns","Náholenice trnů"
"StaticItemNames.leggingsNames[43]","Irongreaves","Železné náholenice"
"StaticItemNames.leggingsNames[44]","The Leviathan Greaves","Náholenice leviatana"
"StaticItemNames.leggingsNames[45]","Greaves of Wrath","Náholenice hněvu"
"StaticItemNames.leggingsNames[46]","Dusklegs","Soumračné nohy"
"StaticItemNames.leggingsNames[47]","Flamelegs","Plamenné nohy"
"StaticItemNames.leggingsNames[48]","The Revenant Greaves","Náholenice revenanta"
"StaticItemNames.leggingsNames[49]","Stormlegs","Bouřní nohavice"
"StaticItemNames.leggingsNames[50]","Greaves of the Abyss","Náholenice propasti"
"StaticItemNames.leggingsNames[51]","Nightlegs","Noční nohavice"
"StaticItemNames.leggingsNames[52]","The Sentinel Greaves","Náholenice sentinela"
"StaticItemNames.leggingsNames[53]","Greaves of Dawn","Náholenice úsvitu"
"StaticItemNames.leggingsNames[54]","Warstriders","Váleční kráčeči"
"StaticItemNames.leggingsNames[55]","Shadowlegs","Stínové nohavice"
"StaticItemNames.leggingsNames[56]","The Monolith Greaves","Náholenice monolitu"
"StaticItemNames.leggingsNames[57]","Greaves of Iron","Náholenice železa"
"StaticItemNames.leggingsNames[58]","Frostguard Greaves","Mrazivé strážní holenice"
"StaticItemNames.leggingsNames[59]","The Phantom Greaves","Náholenice přízraku"
"StaticItemNames.leggingsNames[60]","Bloodstriders","Krvavé chodci"
"StaticItemNames.leggingsNames[61]","Greaves of the Warden","Náholenice strážce"
"StaticItemNames.leggingsNames[62]","Thunderstriders","Hromokráčeči"
"StaticItemNames.leggingsNames[63]","The Titan Greaves","Náholenice titána"
"StaticItemNames.leggingsNames[64]","Ashlegs","Popelové nohy"
"StaticItemNames.leggingsNames[65]","Greaves of Valor","Náholenice udatnosti"
"StaticItemNames.leggingsNames[66]","Dreadlegs","Děsivé nohy"
"StaticItemNames.leggingsNames[67]","The Colossus Greaves","Náholenice kolosa"
"StaticItemNames.leggingsNames[68]","Greaves of Silence","Náholenice ticha"
"StaticItemNames.leggingsNames[69]","Moonlegs","Měsíční nohavice"
"StaticItemNames.leggingsNames[70]","Starstriders","Hvězdní kráčeči"
"StaticItemNames.leggingsNames[71]","The Crusader Greaves","Náholenice křižáka"
"StaticItemNames.leggingsNames[72]","Ironstrider Greaves","Náholenice železokráčeče"
"StaticItemNames.leggingsNames[73]","Greaves of the Storm","Náholenice bouře"
"StaticItemNames.leggingsNames[74]","Voidlegs","Nohavice prázdnoty"
"StaticItemNames.leggingsNames[75]","The Fortress Greaves","Náholenice pevnosti"
"StaticItemNames.leggingsNames[76]","Greaves of Defiance","Náholenice vzdoru"
"StaticItemNames.leggingsNames[77]","Nightguard Greaves","Náholenice noční stráže"
"StaticItemNames.leggingsNames[78]","Flameguard Greaves","Plamenné strážní holenice"
"StaticItemNames.leggingsNames[79]","The Bulwark Greaves","Náholenice bašty"
"StaticItemNames.leggingsNames[80]","Duskguard Greaves","Soumračné strážní holenice"
"StaticItemNames.leggingsNames[81]","Greaves of the Void","Náholenice prázdnoty"
"StaticItemNames.leggingsNames[82]","Thunderlegs","Hromové nohavice"
"StaticItemNames.leggingsNames[83]","The Dominator Greaves","Náholenice dominátora"
"StaticItemNames.leggingsNames[84]","Greaves of Ashes","Náholenice popela"
"StaticItemNames.leggingsNames[85]","Frostlegs","Mrazové nohavice"
"StaticItemNames.leggingsNames[86]","Warleggings","Válečné kamaše"
"StaticItemNames.leggingsNames[87]","The Paladin Greaves","Náholenice paladina"
"StaticItemNames.leggingsNames[88]","Shadowguard Greaves","Náholenice stínové stráže"
"StaticItemNames.leggingsNames[89]","Greaves of the Phoenix","Náholenice fénixe"
"StaticItemNames.leggingsNames[90]","Crimson Striders","Šarlatové chodci"
"StaticItemNames.leggingsNames[91]","The Champion Greaves","Náholenice šampiona"
"StaticItemNames.leggingsNames[92]","Ashguard Greaves","Popelové strážní holenice"
"StaticItemNames.leggingsNames[93]","Greaves of Night","Náholenice noci"
"StaticItemNames.leggingsNames[94]","Doomstriders","Záhubní chodci"
"StaticItemNames.leggingsNames[95]","The Warbringer Greaves","Náholenice válečného zvěstovatele"
"StaticItemNames.leggingsNames[96]","Greaves of the Sentinel","Náholenice sentinela"
"StaticItemNames.leggingsNames[97]","Stormguard Greaves","Náholenice bouřní stráže"
"StaticItemNames.leggingsNames[98]","Ironleggings","Železné kamaše"
"StaticItemNames.leggingsNames[99]","The Overlord Greaves","Náholenice vládce"
"StaticItemNames.leggingsNames[100]","Bloodlegs","Krvavé nohy"
"StaticItemNames.leggingsNames[101]","Greaves of Ruin Lost","Náholenice ztracené zkázy"
"StaticItemNames.leggingsNames[102]","Moonguard Greaves","Náholenice měsíční stráže"
"StaticItemNames.leggingsNames[103]","The Paragon Greaves","Náholenice paragona"
"StaticItemNames.leggingsNames[104]","Greaves of Dominion","Náholenice nadvlády"
"StaticItemNames.leggingsNames[105]","Dawnstriders","Úsvitové chodci"
"StaticItemNames.leggingsNames[106]","Voidstrider Greaves","Náholenice prázdnotného kráčeče"
"StaticItemNames.leggingsNames[107]","The Sovereign Greaves","Náholenice vladaře"
"StaticItemNames.leggingsNames[108]","Froststrider Greaves","Náholenice mrazochodce"
"StaticItemNames.leggingsNames[109]","Greaves of the Lost","Náholenice ztraceného"
"StaticItemNames.leggingsNames[110]","Thunderguard Greaves","Náholenice hromové stráže"
"StaticItemNames.leggingsNames[111]","The Conqueror Greaves","Náholenice dobyvatele"
"StaticItemNames.leggingsNames[112]","Greaves of Fire","Náholenice ohně"
"StaticItemNames.leggingsNames[113]","Nightstrider Greaves","Náholenice nočního kráčeče"
"StaticItemNames.leggingsNames[114]","Ashstrider Greaves","Popelové chodcovské holenice"
"StaticItemNames.leggingsNames[115]","The Avenger Greaves","Náholenice mstitele"
"StaticItemNames.leggingsNames[116]","Greaves of Frost","Náholenice mrazu"
"StaticItemNames.leggingsNames[117]","Warstrider Greaves","Náholenice válečného kráčeče"
"StaticItemNames.leggingsNames[118]","Flameleggings","Plamenné nohavice"
"StaticItemNames.leggingsNames[119]","The Archon Greaves","Náholenice archonta"
"StaticItemNames.leggingsNames[120]","Greaves of the Archon","Náholenice archonta"
"StaticItemNames.leggingsNames[121]","Duskstrider Greaves","Soumračné chodcovské holenice"
"StaticItemNames.leggingsNames[122]","Shadowstrider Greaves","Náholenice stínokráčeče"
"StaticItemNames.leggingsNames[123]","The Praetorian Greaves","Náholenice pretoriána"
"StaticItemNames.leggingsNames[124]","Greaves of the Damned","Náholenice zatraceného"
"StaticItemNames.leggingsNames[125]","Ironstriders of Valor","Železokráčeči udatnosti"
"StaticItemNames.leggingsNames[126]","Stormstrider Greaves","Náholenice bouřního kráčeče"
"StaticItemNames.leggingsNames[127]","The Zealot Greaves","Náholenice fanatika"
"StaticItemNames.leggingsNames[128]","Greaves of the Zealot","Náholenice fanatika"
"StaticItemNames.leggingsNames[129]","Moonstrider Greaves","Náholenice měsíčního kráčeče"
"StaticItemNames.leggingsNames[130]","Voidguard Greaves","Náholenice stráže prázdnoty"
"StaticItemNames.leggingsNames[131]","The Centurion Greaves","Náholenice setníka"
"StaticItemNames.leggingsNames[132]","Greaves of Midnight","Náholenice půlnoci"
"StaticItemNames.leggingsNames[133]","Dreadstrider Greaves","Děsivé chodcovské holenice"
"StaticItemNames.leggingsNames[134]","Frostguard Legs","Mrazivé strážní nohy"
"StaticItemNames.leggingsNames[135]","The Berserker Greaves","Náholenice berserkera"
"StaticItemNames.leggingsNames[136]","Greaves of Thunder","Náholenice hromu"
"StaticItemNames.leggingsNames[137]","Warguard Greaves","Náholenice válečné stráže"
"StaticItemNames.leggingsNames[138]","Moonleggings","Měsíční kamaše"
"StaticItemNames.leggingsNames[139]","The Inquisitor Greaves","Náholenice inkvizitora"
"StaticItemNames.leggingsNames[140]","Greaves of the Crusade","Náholenice křížové výpravy"
"StaticItemNames.leggingsNames[141]","Bloodstrider Greaves","Krvavé chodcovské holenice"
"StaticItemNames.leggingsNames[142]","Voidleggings","Kamaše prázdnoty"
"StaticItemNames.leggingsNames[143]","The Gladiator Greaves","Náholenice gladiátora"
"StaticItemNames.leggingsNames[144]","Greaves of the Overlord","Náholenice vládce"
"StaticItemNames.leggingsNames[145]","Duskleggings","Soumračné nohavice"
"StaticItemNames.leggingsNames[146]","Flameguard Legs","Plamenné strážní nohy"
"StaticItemNames.leggingsNames[147]","The Exarch Greaves","Náholenice exarchy"
"StaticItemNames.leggingsNames[148]","Greaves of the Exarch","Náholenice exarchy"
"StaticItemNames.leggingsNames[149]","Stormleggings","Bouřní kamaše"
"StaticItemNames.leggingsNames[150]","Doomguard Greaves","Záhubné strážní holenice"
"StaticItemNames.leggingsNames[151]","The Vindicator Greaves","Náholenice mstitele"
"StaticItemNames.leggingsNames[152]","Greaves of the Dreadlord","Náholenice pána hrůzy"
"StaticItemNames.leggingsNames[153]","Frostleggings","Mrazové kamaše"
"StaticItemNames.leggingsNames[154]","Bloodleggings","Krvavé nohavice"
"StaticItemNames.leggingsNames[155]","The Scion Greaves","Náholenice dědice"
"StaticItemNames.leggingsNames[156]","Greaves of Stars","Náholenice hvězd"
"StaticItemNames.leggingsNames[157]","Warlegs of Dawn","Válečné nohavice úsvitu"
"StaticItemNames.leggingsNames[158]","Thunderleggings","Hromové kamaše"
"StaticItemNames.leggingsNames[159]","The Eidolon Greaves","Náholenice eidolona"
"StaticItemNames.leggingsNames[160]","Greaves of the Wyrm","Náholenice draka"
"StaticItemNames.leggingsNames[161]","Ironlegs of Ruin","Železné nohavice zkázy"
"StaticItemNames.leggingsNames[162]","Flameguard Striders","Plamenní strážní chodci"
"StaticItemNames.leggingsNames[163]","The Hellknight Greaves","Náholenice pekelného rytíře"
"StaticItemNames.leggingsNames[164]","Greaves of the Hellion","Náholenice pekelníka"
"StaticItemNames.leggingsNames[165]","Frostguard Striders","Mrazivé strážní chodci"
"StaticItemNames.leggingsNames[166]","Shadowstriders of Night","Stínokráčeči noci"
"StaticItemNames.leggingsNames[167]","The Oathkeeper Greaves","Náholenice strážce přísahy"
"StaticItemNames.leggingsNames[168]","Greaves of the Oath","Náholenice přísahy"
"StaticItemNames.leggingsNames[169]","Bloodguard Greaves","Krvavé strážní holenice"
"StaticItemNames.leggingsNames[170]","Thunderstriders of Ash","Hromokráčeči popela"
"StaticItemNames.leggingsNames[171]","The Taskmaster Greaves","Náholenice dozorce"
"StaticItemNames.leggingsNames[172]","Greaves of the Runekeeper","Náholenice strážce run"
"StaticItemNames.leggingsNames[173]","Warstriders of Dawn","Váleční kráčeči úsvitu"
"StaticItemNames.leggingsNames[174]","Doomstrider Greaves","Záhubné chodcovské holenice"
"StaticItemNames.leggingsNames[175]","The Stormcaller Greaves","Náholenice vyvolávače bouří"
"StaticItemNames.leggingsNames[176]","Greaves of Storms","Náholenice bouří"
"StaticItemNames.leggingsNames[177]","Duskstriders of Ruin","Soumračné chodci zkázy"
"StaticItemNames.leggingsNames[178]","Nightguard Legs","Nohavice noční stráže"
"StaticItemNames.leggingsNames[179]","The Firelord Greaves","Náholenice pána ohně"
"StaticItemNames.leggingsNames[180]","Greaves of Flame","Náholenice plamene"
"StaticItemNames.leggingsNames[181]","Crimson Strider Greaves","Šarlatové chodcovské holenice"
"StaticItemNames.leggingsNames[182]","Voidstriders of Night","Prázdnotní kráčeči noci"
"StaticItemNames.leggingsNames[183]","The Frostlord Greaves","Náholenice pána mrazu"
"StaticItemNames.leggingsNames[184]","Greaves of the Frostlord","Náholenice pána mrazu"
"StaticItemNames.leggingsNames[185]","Ironlegs of Night","Železné nohavice noci"
"StaticItemNames.leggingsNames[186]","Flamestriders of Ash","Plamenní chodci popele"
"StaticItemNames.leggingsNames[187]","The Stormlord Greaves","Náholenice pána bouří"
"StaticItemNames.leggingsNames[188]","Greaves of the Stormlord","Náholenice pána bouří"
"StaticItemNames.leggingsNames[189]","Starstrider Greaves","Náholenice hvězdného kráčeče"
"StaticItemNames.leggingsNames[190]","Dawnguard Legs","Úsvitové strážní nohy"
"StaticItemNames.leggingsNames[191]","The Doomsayer Greaves","Náholenice zvěstovatele zkázy"
"StaticItemNames.leggingsNames[192]","Greaves of the Doomsayer","Náholenice zvěstovatele zkázy"
"StaticItemNames.leggingsNames[193]","Bloodstriders of Night","Krvavé chodci noci"
"StaticItemNames.leggingsNames[194]","Shadowguard Legs","Nohavice stínové stráže"
"StaticItemNames.leggingsNames[195]","The Stalker Greaves","Náholenice stopaře"
"StaticItemNames.leggingsNames[196]","Greaves of the Stalker","Náholenice stopaře"
"StaticItemNames.leggingsNames[197]","Thunderstriders of Ruin","Hromokráčeči zkázy"
"StaticItemNames.leggingsNames[198]","Warstriders of Night","Váleční kráčeči noci"
"StaticItemNames.leggingsNames[199]","The Demongreaves","Démonické náholenice"
"StaticItemNames.leggingsNames[200]","Greaves of Demons","Náholenice démonů"
"StaticItemNames.leggingsNames[201]","Froststriders of Ruin","Mrazivé chodci zkázy"
"StaticItemNames.leggingsNames[202]","Ashstriders of Dusk","Popelové chodci soumraku"
"StaticItemNames.leggingsNames[203]","The Spiritguard Greaves","Holenice strážců duchů"
"StaticItemNames.leggingsNames[204]","Greaves of Spirits","Holenice duchů"
"StaticItemNames.leggingsNames[205]","Moonstriders of Valor","Měsíční chodci statečnosti"
"StaticItemNames.leggingsNames[206]","Voidstriders of Ash","Prázdnotní chodci popele"
"StaticItemNames.leggingsNames[207]","The Ironclad Greaves","Ocelové holenice"
"StaticItemNames.leggingsNames[208]","Greaves of the Ironclad","Holenice ocelového"
"StaticItemNames.leggingsNames[209]","Stormstriders of Night","Bouřní chodci noci"
"StaticItemNames.leggingsNames[210]","Doomleggings","Záhubné nohavice"
"StaticItemNames.leggingsNames[211]","The Nightlord Greaves","Holenice nočního pána"
"StaticItemNames.leggingsNames[212]","Greaves of the Nightlord","Holenice pána noci"
"StaticItemNames.leggingsNames[213]","Crimson Leggings","Šarlatové nohavice"
"StaticItemNames.leggingsNames[214]","Dreadstriders of Ruin","Děsivé chodci zkázy"
"StaticItemNames.leggingsNames[215]","The Fatebringer Greaves","Holenice nositele osudu"
"StaticItemNames.leggingsNames[216]","Greaves of Fate","Holenice osudu"
"StaticItemNames.leggingsNames[217]","Nightstriders of Ash","Noční chodci popele"
"StaticItemNames.leggingsNames[218]","Flamestriders of Dawn","Plamenní chodci úsvitu"
"StaticItemNames.leggingsNames[219]","The Gravekeeper Greaves","Holenice hrobníka"
"StaticItemNames.leggingsNames[220]","Greaves of the Grave","Holenice hrobu"
"StaticItemNames.leggingsNames[221]","Ironstriders of Ruin","Železní chodci zkázy"
"StaticItemNames.leggingsNames[222]","Bloodstriders of Fury","Krvavé chodci zuřivosti"
"StaticItemNames.leggingsNames[223]","The Siegebreaker Greaves","Holenice přerušovatele obležení"
"StaticItemNames.leggingsNames[224]","Greaves of the Siege","Holenice obležení"
"StaticItemNames.leggingsNames[225]","Duskstriders of Night","Soumračné chodci noci"
"StaticItemNames.leggingsNames[226]","Thunderguard Legs","Hromové strážní nohy"
"StaticItemNames.leggingsNames[227]","The Runelord Greaves","Holenice pána run"
"StaticItemNames.leggingsNames[228]","Greaves of Runes","Holenice run"
"StaticItemNames.leggingsNames[229]","Ashstriders of Night","Popelové chodci noci"
"StaticItemNames.leggingsNames[230]","Starstriders of Night","Hvězdní chodci noci"
"StaticItemNames.leggingsNames[231]","The Dreadseer Greaves","Holenice děsivého věštce"
"StaticItemNames.leggingsNames[232]","Greaves of the Dreadseer","Holenice věštce hrůzy"
"StaticItemNames.leggingsNames[233]","Moonlegs of Valor","Měsíční nohy statečnosti"
"StaticItemNames.leggingsNames[234]","Warguard Legs","Válečné strážní nohy"
"StaticItemNames.leggingsNames[235]","The Steelwarden Greaves","Holenice ocelového strážce"
"StaticItemNames.leggingsNames[236]","Greaves of Steel","Ocelové holenice"
"StaticItemNames.leggingsNames[237]","Froststriders of Night","Mrazivé chodci noci"
"StaticItemNames.leggingsNames[238]","Shadowstriders of Ruin","Stínové chodci zkázy"
"StaticItemNames.leggingsNames[239]","The Bonekeeper Greaves","Holenice strážce kostí"
"StaticItemNames.leggingsNames[240]","Greaves of the Bonekeeper","Holenice kostního strážce"
"StaticItemNames.leggingsNames[241]","Stormguard Legs","Bouřné strážní nohy"
"StaticItemNames.leggingsNames[242]","Voidstriders of Fury","Prázdnotné chodci zuřivosti"
"StaticItemNames.leggingsNames[243]","The Duskwarden Greaves","Holenice soumračného strážce"
"StaticItemNames.leggingsNames[244]","Greaves of Dusk","Holenice soumraku"
"StaticItemNames.leggingsNames[245]","Dawnstriders of Valor","Úsvitové chodci statečnosti"
"StaticItemNames.leggingsNames[246]","Flameguard Leggings","Plamenné strážní nohavice"
"StaticItemNames.leggingsNames[247]","The Lichguard Greaves","Holenice strážce licha"
"StaticItemNames.leggingsNames[248]","Greaves of the Lich","Holenice licha"
"StaticItemNames.leggingsNames[249]","Ironguard Legs","Železné strážní nohy"
"StaticItemNames.leggingsNames[250]","Bloodguard Legs","Krvavé strážní nohy"
"StaticItemNames.leggingsNames[251]","The Soulkeeper Greaves","Holenice strážce duší"
"StaticItemNames.leggingsNames[252]","Greaves of Souls","Holenice duší"
"StaticItemNames.leggingsNames[253]","Thunderstriders of Valor","Hromové chodci statečnosti"
"StaticItemNames.leggingsNames[254]","Nightstriders of Dusk","Noční chodci soumraku"
"StaticItemNames.leggingsNames[255]","The Ebongreaves","Eben holenice"
"StaticItemNames.leggingsNames[256]","Greaves of Ebony","Holenice z ebenu"
"StaticItemNames.leggingsNames[257]","Ashstriders of Valor","Popelové chodci statečnosti"
"StaticItemNames.leggingsNames[258]","Dreadguard Greaves","Děsivé strážní holenice"
"StaticItemNames.leggingsNames[259]","The Tombkeeper Greaves","Holenice hrobního strážce"
"StaticItemNames.leggingsNames[260]","Greaves of the Tomb","Holenice hrobu"
"StaticItemNames.leggingsNames[261]","Doomguard Legs","Záhubné strážní nohy"
"StaticItemNames.leggingsNames[262]","Crimson Legguards","Šarlatové chrániče nohou"
"StaticItemNames.leggingsNames[263]","The Dawnwarden Greaves","Holenice úsvitového strážce"
"StaticItemNames.leggingsNames[264]","Greaves of the Dawnwarden","Holenice strážce úsvitu"
"StaticItemNames.leggingsNames[265]","Warlegs of Night","Válečné nohy noci"
"StaticItemNames.leggingsNames[266]","Frostguard Leggings","Mrazivé strážní nohavice"
"StaticItemNames.leggingsNames[267]","The Stargazer Greaves","Holenice hvězdáře"
"StaticItemNames.leggingsNames[268]","Greaves of the Stargazer","Holenice pozorovatele hvězd"
"StaticItemNames.leggingsNames[269]","Moonguard Legs","Měsíční strážní nohy"
"StaticItemNames.leggingsNames[270]","Shadowguard Leggings","Stínové strážní nohavice"
"StaticItemNames.leggingsNames[271]","The Abyssal Greaves","Propastné holenice"
"StaticItemNames.leggingsNames[272]","Greaves of the Abyssal","Holenice propasti"
"StaticItemNames.leggingsNames[273]","Ironheart Greaves","Holenice železného srdce"
"StaticItemNames.leggingsNames[274]","Ashguard Legs","Popelové strážní nohy"
"StaticItemNames.leggingsNames[275]","The Dragon Greaves","Dračí holenice"
"StaticItemNames.leggingsNames[276]","Greaves of Dragons","Holenice draků"
"StaticItemNames.leggingsNames[277]","Stormstriders of Valor","Bouřní chodci statečnosti"
"StaticItemNames.leggingsNames[278]","Voidguard Legs","Prázdnotné strážní nohy"
"StaticItemNames.leggingsNames[279]","The Wyvern Greaves","Vyvernové holenice"
"StaticItemNames.leggingsNames[280]","Greaves of the Wyvern","Holenice wyverna"
"StaticItemNames.leggingsNames[281]","Thunderstriders of Dawn","Hromové chodci úsvitu"
"StaticItemNames.leggingsNames[282]","Dawnguard Leggings","Úsvitové strážní nohavice"
"StaticItemNames.leggingsNames[283]","The Golem Greaves","Golemové holenice"
"StaticItemNames.leggingsNames[284]","Greaves of the Golem","Holenice golema"
"StaticItemNames.leggingsNames[285]","Froststriders of Valor","Mrazivé chodci statečnosti"
"StaticItemNames.leggingsNames[286]","Bloodguard Leggings","Krvavé strážní nohavice"
"StaticItemNames.leggingsNames[287]","The Valor Greaves","Holenice statečnosti"
"StaticItemNames.leggingsNames[288]","Greaves of Eternity Lost","Holenice ztracené věčnosti"
"StaticItemNames.leggingsNames[289]","Warstriders of Valor","Váleční chodci statečnosti"
"StaticItemNames.leggingsNames[290]","Doomguard Leggings","Záhubné strážní nohavice"
"StaticItemNames.leggingsNames[291]","The Shadowbane Greaves","Holenice zhoubce stínů"
"StaticItemNames.leggingsNames[292]","Greaves of the Shadowbane","Holenice stínové zhouby"
"StaticItemNames.leggingsNames[293]","Nightguard Leggings","Noční strážní nohavice"
"StaticItemNames.leggingsNames[294]","Flameguard of Valor","Plamenný strážce statečnosti"
"StaticItemNames.leggingsNames[295]","The Dawnbreaker Greaves","Holenice úsvitového lamače"
"StaticItemNames.leggingsNames[296]","Greaves of Dawning","Holenice svítání"
"StaticItemNames.leggingsNames[297]","Crimson Irongreaves","Šarlatové železné holenice"
"StaticItemNames.leggingsNames[298]","Moonguard Leggings","Měsíční strážní nohavice"
"StaticItemNames.leggingsNames[299]","The Stonewall Greaves","Holenice kamenné zdi"
"StaticItemNames.leggingsNames[300]","Greaves of Stone","Kamenné holenice"
"StaticItemNames.leggingsNames[301]","Duskguard Leggings","Soumračné strážní nohavice"
"StaticItemNames.leggingsNames[302]","Ashstriders of Dawn","Popelové chodci úsvitu"
"StaticItemNames.leggingsNames[303]","The Mythril Greaves","Mithrilové holenice"
"StaticItemNames.leggingsNames[304]","Greaves of Mythril","Holenice mithril"
"StaticItemNames.leggingsNames[305]","Stormstriders of Ruin","Bouřní chodci zkázy"
"StaticItemNames.leggingsNames[306]","Ironguard Leggings","Železné strážní nohavice"
"StaticItemNames.leggingsNames[307]","The Adamantine Greaves","Adamantové holenice"
"StaticItemNames.leggingsNames[308]","Greaves of Adamant","Holenice adamantu"
"StaticItemNames.leggingsNames[309]","Voidstriders of Valor","Prázdnotné chodci statečnosti"
"StaticItemNames.leggingsNames[310]","Thunderguard Leggings","Hromové strážní nohavice"
"StaticItemNames.leggingsNames[311]","The Dreadnought Greaves","Holenice dreadnoughtu"
"StaticItemNames.leggingsNames[312]","Greaves of the Dreadnought","Holenice bitevní lodi"
"StaticItemNames.leggingsNames[313]","Frostguard of Dawn","Mrazivý strážce úsvitu"
"StaticItemNames.leggingsNames[314]","Warguard Leggings","Válečné strážní nohavice"
"StaticItemNames.leggingsNames[315]","The Invincible Greaves","Nezničitelné holenice"
"StaticItemNames.leggingsNames[316]","Greaves of the Invincible","Holenice nezničitelného"
"StaticItemNames.leggingsNames[317]","Bloodstriders of Valor","Krvavé chodci statečnosti"
"StaticItemNames.leggingsNames[318]","Shadowstriders of Valor","Stínové chodci statečnosti"
"StaticItemNames.leggingsNames[319]","The Immortal Greaves","Nesmrtelné holenice"
"StaticItemNames.leggingsNames[320]","Greaves of the Immortal","Holenice nesmrtelného"
"StaticItemNames.leggingsNames[321]","Nightstriders of Valor","Noční chodci statečnosti"
"StaticItemNames.leggingsNames[322]","Doomstriders of Night","Záhubní chodci noci"
"StaticItemNames.leggingsNames[323]","The Undying Greaves","Holenice nesmrtelníka"
"StaticItemNames.leggingsNames[324]","Greaves of the Undying","Holenice nesmrtelných"
"StaticItemNames.leggingsNames[325]","Ashguard Leggings","Popelové strážní nohavice"
"StaticItemNames.leggingsNames[326]","Moonstriders of Ruin","Měsíční chodci zkázy"
"StaticItemNames.leggingsNames[327]","The Eternal Greaves","Věčné holenice"
"StaticItemNames.leggingsNames[328]","Greaves of the Eternal","Holenice věčného"
"StaticItemNames.leggingsNames[329]","Stormguard Leggings","Bouřné strážní nohavice"
"StaticItemNames.leggingsNames[330]","Dawnguard of Night","Úsvitový strážce noci"
"StaticItemNames.leggingsNames[331]","The Relentless Greaves","Neúnavné holenice"
"StaticItemNames.leggingsNames[332]","Greaves of the Relentless","Holenice neúnavného"
"StaticItemNames.leggingsNames[333]","Ironstriders of Night","Železní chodci noci"
"StaticItemNames.leggingsNames[334]","Flameguard of Night","Plamenný strážce noci"
"StaticItemNames.leggingsNames[335]","The Unbreakable Greaves","Nezlomitelné holenice"
"StaticItemNames.leggingsNames[336]","Greaves of the Unbreakable","Holenice nezlomitelného"
"StaticItemNames.leggingsNames[337]","Froststriders of Dawn","Mrazivé chodci úsvitu"
"StaticItemNames.leggingsNames[338]","Thunderstriders of Night","Hromové chodci noci"
"StaticItemNames.leggingsNames[339]","The Steadfast Greaves","Pevné holenice"
"StaticItemNames.leggingsNames[340]","Greaves of the Steadfast","Holenice pevného"
"StaticItemNames.leggingsNames[341]","Voidstriders of Ruin","Prázdnotné chodci zkázy"
"StaticItemNames.leggingsNames[342]","Warstriders of Ash","Váleční chodci popele"
"StaticItemNames.leggingsNames[343]","The Resolute Greaves","Odhodlané holenice"
"StaticItemNames.leggingsNames[344]","Greaves of the Resolute","Holenice odhodlaného"
"StaticItemNames.leggingsNames[345]","Bloodguard of Dawn","Krvavý strážce úsvitu"
"StaticItemNames.leggingsNames[346]","Shadowguard of Ruin","Stínový strážce zkázy"
"StaticItemNames.leggingsNames[347]","The Unyielding Greaves","Nepoddajné holenice"
"StaticItemNames.leggingsNames[348]","Greaves of the Unyielding","Holenice nepoddajného"
"StaticItemNames.leggingsNames[349]","Duskstriders of Valor","Soumračné chodci statečnosti"
"StaticItemNames.leggingsNames[350]","Nightguard of Valor","Noční strážce statečnosti"
"StaticItemNames.leggingsNames[351]","The Stalwart Greaves","Statné holenice"
"StaticItemNames.leggingsNames[352]","Greaves of the Stalwart","Holenice statného"
"StaticItemNames.leggingsNames[353]","Crimson Wargreaves","Šarlatové válečné holenice"
"StaticItemNames.leggingsNames[354]","Ashstriders of Ruin","Popelové chodci zkázy"
"StaticItemNames.leggingsNames[355]","The Dauntless Greaves","Neohrozené holenice"
"StaticItemNames.leggingsNames[356]","Greaves of the Dauntless","Holenice neohrozeného"
"StaticItemNames.leggingsNames[357]","Moonguard of Ruin","Měsíční strážce zkázy"
"StaticItemNames.leggingsNames[358]","Doomguard of Night","Záhubný strážce noci"
"StaticItemNames.leggingsNames[359]","The Defiant Greaves","Vzdorné holenice"
"StaticItemNames.leggingsNames[360]","Greaves of the Defiant","Holenice vzdorného"
"StaticItemNames.leggingsNames[361]","Stormstriders of Dawn","Bouřní chodci úsvitu"
"StaticItemNames.leggingsNames[362]","Ironguard of Dawn","Železný strážce úsvitu"
"StaticItemNames.leggingsNames[363]","The Gallant Greaves","Statečné holenice"
"StaticItemNames.leggingsNames[364]","Greaves of the Gallant","Holenice statečného"
"StaticItemNames.leggingsNames[365]","Frostguard of Valor","Mrazivý strážce statečnosti"
"StaticItemNames.leggingsNames[366]","Thunderguard of Ruin","Hromový strážce zkázy"
"StaticItemNames.leggingsNames[367]","The Noble Greaves","Vznešené holenice"
"StaticItemNames.leggingsNames[368]","Greaves of the Noble","Holenice vznešeného"
"StaticItemNames.leggingsNames[369]","Warguard of Valor","Válečný strážce statečnosti"
"StaticItemNames.leggingsNames[370]","Voidguard of Dawn","Prázdnotný strážce úsvitu"
"StaticItemNames.leggingsNames[371]","The Regal Greaves","Královské holenice"
"StaticItemNames.leggingsNames[372]","Greaves of the Regal","Holenice královského"
"StaticItemNames.leggingsNames[373]","Bloodguard of Night","Krvavý strážce noci"
"StaticItemNames.leggingsNames[374]","Flameguard of Ruin","Plamenný strážce zkázy"
"StaticItemNames.leggingsNames[375]","The Kingsgreaves","Holenice krále"
"StaticItemNames.leggingsNames[376]","Greaves of the King","Holenice vladaře"
"StaticItemNames.leggingsNames[377]","Shadowguard of Dawn","Stínový strážce úsvitu"
"StaticItemNames.leggingsNames[378]","Duskguard of Night","Soumračný strážce noci"
"StaticItemNames.leggingsNames[379]","The Queensgreaves","Holenice královny"
"StaticItemNames.leggingsNames[380]","Greaves of the Queen","Holenice vladařky"
"StaticItemNames.leggingsNames[381]","Nightguard of Ruin","Noční strážce zkázy"
"StaticItemNames.leggingsNames[382]","Ashguard of Dawn","Popelový strážce úsvitu"
"StaticItemNames.leggingsNames[383]","The Emperors Greaves","Holenice císaře"
"StaticItemNames.leggingsNames[384]","Greaves of the Emperor","Holenice vladaře říše"
"StaticItemNames.leggingsNames[385]","Moonguard of Dawn","Měsíční strážce úsvitu"
"StaticItemNames.leggingsNames[386]","Stormguard of Night","Bouřný strážce noci"
"StaticItemNames.leggingsNames[387]","The Lordgreaves","Holenice lorda"
"StaticItemNames.leggingsNames[388]","Greaves of the Lord","Holenice pána"
"StaticItemNames.leggingsNames[389]","Ironguard of Night","Železný strážce noci"
"StaticItemNames.leggingsNames[390]","Frostguard of Night","Mrazivý strážce noci"
"StaticItemNames.leggingsNames[391]","The Warchief Greaves","Holenice válečného náčelníka"
"StaticItemNames.leggingsNames[392]","Greaves of the Warchief","Holenice náčelníka"
"StaticItemNames.leggingsNames[393]","Bloodguard of Valor","Krvavý strážce statečnosti"
"StaticItemNames.leggingsNames[394]","Warstriders of Dusk","Váleční chodci soumraku"
"StaticItemNames.leggingsNames[395]","The Imperious Greaves","Holenice mocipána"
"StaticItemNames.leggingsNames[396]","Greaves of the Imperious","Holenice mocného"
"StaticItemNames.leggingsNames[397]","Shadowguard of Valor","Stínový strážce statečnosti"
"StaticItemNames.leggingsNames[398]","Doomguard of Dawn","Záhubný strážce úsvitu"
"StaticItemNames.leggingsNames[399]","The Radiant Greaves","Zářivé holenice"
"StaticItemNames.leggingsNames[400]","Greaves of Radiance","Holenice záře"
"StaticItemNames.leggingsNames[401]","Thunderguard of Valor","Hromový strážce statečnosti"
"StaticItemNames.leggingsNames[402]","Ashguard of Night","Popelový strážce noci"
"StaticItemNames.leggingsNames[403]","The Sentinel Legguards","Strážné chrániče nohou"
"StaticItemNames.leggingsNames[404]","Greaves of the Protector","Holenice ochránce"
"StaticItemNames.leggingsNames[405]","Moonguard of Valor","Měsíční strážce statečnosti"
"StaticItemNames.leggingsNames[406]","Nightguard of Dawn","Noční strážce úsvitu"
"StaticItemNames.leggingsNames[407]","The Warden Legguards","Dozorčí chrániče nohou"
"StaticItemNames.leggingsNames[408]","Greaves of the Aegis","Holenice egidy"
"StaticItemNames.leggingsNames[409]","Duskguard of Valor","Soumračný strážce statečnosti"
"StaticItemNames.leggingsNames[410]","Voidguard of Night","Prázdnotný strážce noci"
"StaticItemNames.leggingsNames[411]","The Protector Greaves","Holenice ochránce"
"StaticItemNames.leggingsNames[412]","Greaves of the Vanguard","Holenice předvoje"
"StaticItemNames.leggingsNames[413]","Flameguard of Dusk","Plamenný strážce soumraku"
"StaticItemNames.leggingsNames[414]","Stormguard of Dawn","Bouřný strážce úsvitu"
"StaticItemNames.leggingsNames[415]","The Aegis Greaves","Holenice aegidy"
"StaticItemNames.leggingsNames[416]","Greaves of the Tempest","Náholenice bouře"
"StaticItemNames.leggingsNames[417]","Ironguard of Valor","Železné náholenice odvahy"
"StaticItemNames.leggingsNames[418]","Frostguard of Dusk","Mrazivý strážce soumraku"
"StaticItemNames.leggingsNames[419]","The Tempest Greaves","Holenice bouře"
"StaticItemNames.leggingsNames[420]","Greaves of the Vigilant","Holenice bdělého"
"StaticItemNames.leggingsNames[421]","Bloodguard of Ruin","Krvavý strážce zkázy"
"StaticItemNames.leggingsNames[422]","Warguard of Dawn","Válečný strážce úsvitu"
"StaticItemNames.leggingsNames[423]","The Vigilant Greaves","Bdělé holenice"
"StaticItemNames.leggingsNames[424]","Greaves of the Radiant","Holenice zářivého"
"StaticItemNames.leggingsNames[425]","Dawnguard of Valor","Úsvitový strážce statečnosti"
"StaticItemNames.leggingsNames[426]","Voidguard of Ruin","Prázdnotný strážce zkázy"
"StaticItemNames.leggingsNames[427]","The Peacekeeper Greaves","Holenice strážce míru"
"StaticItemNames.leggingsNames[428]","Greaves of the Peacekeeper","Holenice mírotvůrce"
"StaticItemNames.leggingsNames[429]","Stormguard of Ruin","Bouřný strážce zkázy"
"StaticItemNames.leggingsNames[430]","Moonguard of Night","Měsíční strážce noci"
"StaticItemNames.leggingsNames[431]","The Arbiter Greaves","Holenice arbitra"
"StaticItemNames.leggingsNames[432]","Greaves of the Arbiter","Holenice soudce"
"StaticItemNames.leggingsNames[433]","Shadowguard of Night","Stínový strážce noci"
"StaticItemNames.leggingsNames[434]","Thunderguard of Night","Hromový strážce noci"
"StaticItemNames.leggingsNames[435]","The Purifier Greaves","Holenice očisťovatele"
"StaticItemNames.leggingsNames[436]","Greaves of the Purifier","Holenice čistítele"
"StaticItemNames.leggingsNames[437]","Nightguard of Night","Noční strážce noci"
"StaticItemNames.leggingsNames[438]","Ashguard of Ruin","Popelový strážce zkázy"
"StaticItemNames.leggingsNames[439]","The Harbinger Legguards","Chrániče nohou předzvěsti"
"StaticItemNames.leggingsNames[440]","Greaves of the Harbinger","Holenice předzvěsti"
"StaticItemNames.leggingsNames[441]","Flameguard of Valor Legs","Plamenné strážní nohy statečnosti"
"StaticItemNames.leggingsNames[442]","Ironguard of Ruin","Železný strážce zkázy"
"StaticItemNames.leggingsNames[443]","The Dominator Legguards","Dominátorové chrániče nohou"
"StaticItemNames.leggingsNames[444]","Greaves of the Dominator","Holenice dominátora"
"StaticItemNames.leggingsNames[445]","Frostguard of Valor Legs","Mrazivé strážní nohy statečnosti"
"StaticItemNames.leggingsNames[446]","Duskguard of Dawn","Soumračný strážce úsvitu"
"StaticItemNames.leggingsNames[447]","The Annihilator Greaves","Holenice vyhlazovače"
"StaticItemNames.leggingsNames[448]","Greaves of the Annihilator","Holenice ničitele"
"StaticItemNames.leggingsNames[449]","Bloodguard of Dawn Legs","Krvavé strážní nohy úsvitu"
"StaticItemNames.leggingsNames[450]","Warguard of Ruin","Válečný strážce zkázy"
"StaticItemNames.leggingsNames[451]","The Vanquisher Greaves","Holenice porazovatele"
"StaticItemNames.leggingsNames[452]","Greaves of the Vanquisher","Holenice vítěze"
"StaticItemNames.leggingsNames[453]","Doomguard of Valor","Záhubný strážce statečnosti"
"StaticItemNames.leggingsNames[454]","Stormguard of Dusk","Bouřný strážce soumraku"
"StaticItemNames.leggingsNames[455]","The Conqueror Legguards","Dobyvatelské chrániče nohou"
"StaticItemNames.leggingsNames[456]","Greaves of the Conqueror","Holenice dobyvatele"
"StaticItemNames.leggingsNames[457]","Voidguard of Valor","Prázdnotný strážce statečnosti"
"StaticItemNames.leggingsNames[458]","Moonguard of Dusk","Měsíční strážce soumraku"
"StaticItemNames.leggingsNames[459]","The Overlord Legguards","Chrániče nohou nejvyššího pána"
"StaticItemNames.leggingsNames[460]","Greaves of the Titan Lord","Holenice pána Titánů"
"StaticItemNames.leggingsNames[461]","Thunderguard of Dusk","Hromový strážce soumraku"
"StaticItemNames.leggingsNames[462]","Nightguard of Dusk","Noční strážce soumraku"
"StaticItemNames.leggingsNames[463]","The Titan Legguards","Titánské chrániče nohou"
"StaticItemNames.leggingsNames[464]","Greaves of the Destroyer","Holenice ničitele"
"StaticItemNames.leggingsNames[465]","Ashguard of Valor Legs","Popelové strážní nohy statečnosti"
"StaticItemNames.leggingsNames[466]","Ironguard of Dusk","Železný strážce soumraku"
"StaticItemNames.leggingsNames[467]","The Destroyer Greaves","Holenice destruktora"
"StaticItemNames.leggingsNames[468]","Greaves of the Warlord","Holenice válečného pána"
"StaticItemNames.leggingsNames[469]","Frostguard of Ruin Legs","Mrazivé strážní nohy zkázy"
"StaticItemNames.leggingsNames[470]","Flameguard of Dawn Legs","Plamenné strážní nohy úsvitu"
"StaticItemNames.leggingsNames[471]","The Warlord Greaves","Holenice válečníka"
"StaticItemNames.leggingsNames[472]","Greaves of the Enforcer","Holenice vymahače"
"StaticItemNames.leggingsNames[473]","Shadowguard of Dusk","Stínový strážce soumraku"
"StaticItemNames.leggingsNames[474]","Bloodguard of Dusk","Krvavý strážce soumraku"
"StaticItemNames.leggingsNames[475]","The Enforcer Greaves","Holenice strážce řádu"
"StaticItemNames.leggingsNames[476]","Greaves of the Predator","Holenice predátora"
"StaticItemNames.leggingsNames[477]","Duskguard of Ruin","Soumračný strážce zkázy"
"StaticItemNames.leggingsNames[478]","Warguard of Dusk","Válečný strážce soumraku"
"StaticItemNames.leggingsNames[479]","The Predator Greaves","Predátorské holenice"
"StaticItemNames.leggingsNames[480]","Greaves of the Predator Lord","Holenice pána predátorů"
"StaticItemNames.leggingsNames[481]","Dawnguard of Dawn Greaves","Úsvitové strážní holenice úsvitu"
"StaticItemNames.leggingsNames[482]","Voidguard of Dusk Greaves","Prázdnotné strážní holenice soumraku"
"StaticItemNames.leggingsNames[483]","The Reaver Greaves","Holenice lupičů"
"StaticItemNames.leggingsNames[484]","Greaves of the Reaver","Holenice lupiče"
"StaticItemNames.leggingsNames[485]","Stormguard of Valor Legs","Bouřné strážní nohy statečnosti"
"StaticItemNames.leggingsNames[486]","Moonguard of Ruin Legs","Měsíční strážní nohy zkázy"
"StaticItemNames.leggingsNames[487]","The Berserker Legguards","Berserkerské chrániče nohou"
"StaticItemNames.leggingsNames[488]","Greaves of the Berserker","Holenice berserkera"
"StaticItemNames.leggingsNames[489]","Shadowguard of Fury","Stínový strážce zuřivosti"
"StaticItemNames.leggingsNames[490]","Thunderguard of Fury","Hromový strážce zuřivosti"
"StaticItemNames.leggingsNames[491]","The Ravager Greaves","Holenice ničitele"
"StaticItemNames.leggingsNames[492]","Greaves of the Ravager","Holenice zpustošovatele"
"StaticItemNames.leggingsNames[493]","Nightguard of Fury","Noční strážce zuřivosti"
"StaticItemNames.leggingsNames[494]","Ashguard of Fury","Popelový strážce zuřivosti"
"StaticItemNames.leggingsNames[495]","The Crusader Legguards","Křižáckové chrániče nohou"
"StaticItemNames.leggingsNames[496]","Greaves of the Crusader","Holenice křižáka"
"StaticItemNames.leggingsNames[497]","Flameguard of Fury","Plamenný strážce zuřivosti"
"StaticItemNames.leggingsNames[498]","Ironguard of Fury","Železný strážce zuřivosti"
"StaticItemNames.leggingsNames[499]","The Sovereign Legguards","Svrchované chrániče nohou"
"StaticItemNames.lootPreviewAmountLabel","Amount: ","Množství: "
"StaticItemNames.lootPreviewChanceLabel","Chance: ","Šance: "
"StaticItemNames.lootPreviewCommandDisplayName","Command","Příkaz"
"StaticItemNames.lootPreviewCommandLabel","Command: ","Příkaz: "
"StaticItemNames.lootPreviewCurrencyDisplayName","Currency reward","Měnová odměna"
"StaticItemNames.lootPreviewTimesLabel","Times: ","Počet: "
"StaticItemNames.maceNames[0]","Skull Crusher","Drtič lebek"
"StaticItemNames.maceNames[1]","Boneshaker","Třásač kostí"
"StaticItemNames.maceNames[2]","The Gavel","Palička"
"StaticItemNames.maceNames[3]","Hammerfall","Pád kladiva"
"StaticItemNames.maceNames[4]","Iron Judgment","Železný rozsudek"
"StaticItemNames.maceNames[5]","Doomhammer","Záhubné kladivo"
"StaticItemNames.maceNames[6]","Earthshatter","Zemský drtič"
"StaticItemNames.maceNames[7]","The Pulverizer","Rozmačkávač"
"StaticItemNames.maceNames[8]","Thundermaul","Hromová palice"
"StaticItemNames.maceNames[9]","Bonecruncher","Drtič kostí"
"StaticItemNames.maceNames[10]","The Judge","Soudce"
"StaticItemNames.maceNames[11]","Mace of the Fallen","Palice padlých"
"StaticItemNames.maceNames[12]","Stonebreaker","Lámač kamenů"
"StaticItemNames.maceNames[13]","Crimson Maul","Šarlatová palice"
"StaticItemNames.maceNames[14]","Warbringer's Mace","Palice válečníka"
"StaticItemNames.maceNames[15]","Skullbreaker","Lámač lebek"
"StaticItemNames.maceNames[16]","The Enforcer","Vymahač"
"StaticItemNames.maceNames[17]","Gravecrusher","Hrobní drtič"
"StaticItemNames.maceNames[18]","Molten Hammer","Roztavené kladivo"
"StaticItemNames.maceNames[19]","The Tenderizer","Naklepávač"
"StaticItemNames.maceNames[20]","Mace of Ruin","Palice zkázy"
"StaticItemNames.maceNames[21]","Ironwrath","Železný hněv"
"StaticItemNames.maceNames[22]","Dreadmaul","Děsivá palice"
"StaticItemNames.maceNames[23]","Frostbound Mace","Mrazivá palice"
"StaticItemNames.maceNames[24]","The Verdict","Verdikt"
"StaticItemNames.maceNames[25]","Boneshatter","Rozbíječ kostí"
"StaticItemNames.maceNames[26]","Stormhammer","Bouřné kladivo"
"StaticItemNames.maceNames[27]","The Concussor","Otřásač"
"StaticItemNames.maceNames[28]","Mace of Agony","Palice agónie"
"StaticItemNames.maceNames[29]","Bloodmaul","Krvavá palice"
"StaticItemNames.maceNames[30]","The Flattener","Uhlazovač"
"StaticItemNames.maceNames[31]","Titangrip","Titánský sevřením"
"StaticItemNames.maceNames[32]","Mace of the Colossus","Palice Kolose"
"StaticItemNames.maceNames[33]","Ashpound","Popelový úder"
"StaticItemNames.maceNames[34]","Thunderstrike Mace","Hromový úder"
"StaticItemNames.maceNames[35]","The Basher","Mlátič"
"StaticItemNames.maceNames[36]","Grimhammer","Pochmurné kladivo"
"StaticItemNames.maceNames[37]","Mace of the Pit","Palice jámy"
"StaticItemNames.maceNames[38]","Hellfury","Pekelná zuřivost"
"StaticItemNames.maceNames[39]","Spinebreaker","Lámač páteří"
"StaticItemNames.maceNames[40]","The Wallbreaker","Lámač zdí"
"StaticItemNames.maceNames[41]","Mace of Despair","Palice zoufalství"
"StaticItemNames.maceNames[42]","Doomgrip","Záhubné sevření"
"StaticItemNames.maceNames[43]","Obsidian Maul","Obsidiánová palice"
"StaticItemNames.maceNames[44]","The Demolisher","Demolér"
"StaticItemNames.maceNames[45]","Mace of the Warchief","Palice válečného náčelníka"
"StaticItemNames.maceNames[46]","Blazehammer","Žhavé kladivo"
"StaticItemNames.maceNames[47]","Earthcrusher","Zemský drtič"
"StaticItemNames.maceNames[48]","The Bludgeon of Woe","Kyj bídy"
"StaticItemNames.maceNames[49]","Mace of the Overlord","Palice nejvyššího pána"
"StaticItemNames.maceNames[50]","Rusted Basher","Zrezivělý mlátič"
"StaticItemNames.maceNames[51]","Nightfall Mace","Noční palice"
"StaticItemNames.maceNames[52]","The Piledriver","Beranidlo"
"StaticItemNames.maceNames[53]","Glacial Maul","Ledovcová palice"
"StaticItemNames.maceNames[54]","Warcrusher","Válečný drtič"
"StaticItemNames.maceNames[55]","Mace of the Forge","Palice kovárny"
"StaticItemNames.maceNames[56]","Grimstone","Ponurý kámen"
"StaticItemNames.maceNames[57]","The Headcrusher","Drtič hlav"
"StaticItemNames.maceNames[58]","Mace of the Damned","Palice prokletých"
"StaticItemNames.maceNames[59]","Emberhammer","Žhavé kladivo"
"StaticItemNames.maceNames[60]","Shadowstrike Mace","Stínová úderová palice"
"StaticItemNames.maceNames[61]","The Wrecker","Ničitel"
"StaticItemNames.maceNames[62]","Mace of the Storm","Palice bouře"
"StaticItemNames.maceNames[63]","Bonegrinder","Mlýnek na kosti"
"StaticItemNames.maceNames[64]","Felmaul","Pekelná palice"
"StaticItemNames.maceNames[65]","The Smasher","Rozbíječ"
"StaticItemNames.maceNames[66]","Mace of the Abyss","Palice propasti"
"StaticItemNames.maceNames[67]","Ironhammer","Železné kladivo"
"StaticItemNames.maceNames[68]","Doomstrike","Záhubný úder"
"StaticItemNames.maceNames[69]","Blighthammer","Morové kladivo"
"StaticItemNames.maceNames[70]","The Boneyard","Kostnice"
"StaticItemNames.maceNames[71]","Mace of the Grave","Palice hrobu"
"StaticItemNames.maceNames[72]","Firestrike Mace","Ohnivá úderová palice"
"StaticItemNames.maceNames[73]","Thunderjudge","Hromový soudce"
"StaticItemNames.maceNames[74]","The Annihilator","Vyhlazovač"
"StaticItemNames.maceNames[75]","Mace of the Horde","Palice hordy"
"StaticItemNames.maceNames[76]","Steelcrusher","Ocelový drtič"
"StaticItemNames.maceNames[77]","Nightmaul","Noční palice"
"StaticItemNames.maceNames[78]","The Bruiser","Mlátič"
"StaticItemNames.maceNames[79]","Mace of Retribution","Palice odplaty"
"StaticItemNames.maceNames[80]","Ashmaul","Popelová palice"
"StaticItemNames.maceNames[81]","Warstone Mace","Válečná kamenná palice"
"StaticItemNames.maceNames[82]","The Crusher of Skulls","Drtič lebek"
"StaticItemNames.maceNames[83]","Mace of the Iron Fist","Palice železné pěsti"
"StaticItemNames.maceNames[84]","Dreadstrike","Děsivý úder"
"StaticItemNames.maceNames[85]","Frostmaul","Mrazivá palice"
"StaticItemNames.maceNames[86]","The Obliterator","Vymazávač"
"StaticItemNames.maceNames[87]","Mace of the Titan","Palice Titána"
"StaticItemNames.maceNames[88]","Bloodgrinder","Krvavý mlýnek"
"StaticItemNames.maceNames[89]","Chaoshammer","Chaotické kladivo"
"StaticItemNames.maceNames[90]","The Ramrod","Beranidlo"
"StaticItemNames.maceNames[91]","Mace of the Sentinel","Palice strážce"
"StaticItemNames.maceNames[92]","Grimjudge","Ponurý soudce"
"StaticItemNames.maceNames[93]","Blackhammer","Černé kladivo"
"StaticItemNames.maceNames[94]","The Warmaul","Válečná palice"
"StaticItemNames.maceNames[95]","Mace of the Broken","Palice zlomených"
"StaticItemNames.maceNames[96]","Earthpound","Zemský úder"
"StaticItemNames.maceNames[97]","Venomstrike Mace","Jedovatá úderová palice"
"StaticItemNames.maceNames[98]","The Gavel of Fate","Palička osudu"
"StaticItemNames.maceNames[99]","Mace of the Undying","Palice nesmrtelných"
"StaticItemNames.maceNames[100]","Ironbreaker","Lámač železa"
"StaticItemNames.maceNames[101]","Doompound","Záhubný úder"
"StaticItemNames.maceNames[102]","The Demolition","Demolice"
"StaticItemNames.maceNames[103]","Mace of the Conqueror","Palice dobyvatele"
"StaticItemNames.maceNames[104]","Frostcrusher","Mrazivý drtič"
"StaticItemNames.maceNames[105]","Blazemaul","Žhavá palice"
"StaticItemNames.maceNames[106]","The Iron Verdict","Železný verdikt"
"StaticItemNames.maceNames[107]","Mace of Anguish","Palice úzkosti"
"StaticItemNames.maceNames[108]","Grimcrusher","Ponurý drtič"
"StaticItemNames.maceNames[109]","Thunderbound","Hromově svázaný"
"StaticItemNames.maceNames[110]","The Breaker of Men","Drtič mužů"
"StaticItemNames.maceNames[111]","Mace of the Warden","Palice strážce"
"StaticItemNames.maceNames[112]","Stoneham","Kameník"
"StaticItemNames.maceNames[113]","Dreadpound","Hrůzotluč"
"StaticItemNames.maceNames[114]","Hellmaul","Pekelná palice"
"StaticItemNames.maceNames[115]","The Judicator","Soudce"
"StaticItemNames.maceNames[116]","Mace of the Bloodline","Palice krve"
"StaticItemNames.maceNames[117]","Warbound Hammer","Válečně vázané kladivo"
"StaticItemNames.maceNames[118]","Ashstrike","Popelový úder"
"StaticItemNames.maceNames[119]","The Bone Anvil","Kostní kovadlina"
"StaticItemNames.maceNames[120]","Mace of the Reaver","Palice dravce"
"StaticItemNames.maceNames[121]","Shadowmaul","Stínová palice"
"StaticItemNames.maceNames[122]","Frosthammer","Mrazivé kladivo"
"StaticItemNames.maceNames[123]","The Impactor","Úderník"
"StaticItemNames.maceNames[124]","Mace of Perdition","Palice záhuby"
"StaticItemNames.maceNames[125]","Crimson Crusher","Karmínový drtič"
"StaticItemNames.maceNames[126]","Voidstrike Mace","Palice úderu prázdnoty"
"StaticItemNames.maceNames[127]","The Guillotine Grip","Úchop gilotiny"
"StaticItemNames.maceNames[128]","Mace of the Gladiator","Palice gladiátora"
"StaticItemNames.maceNames[129]","Ironmaul","Železná palice"
"StaticItemNames.maceNames[130]","Doomcrusher","Drtič záhuby"
"StaticItemNames.maceNames[131]","The Batter","Rozbíječ"
"StaticItemNames.maceNames[132]","Mace of the Scarred","Palice jizev"
"StaticItemNames.maceNames[133]","Ember Basher","Popelový mlátič"
"StaticItemNames.maceNames[134]","Stormcrusher","Bouřný drtič"
"StaticItemNames.maceNames[135]","The Knuckle","Pěst"
"StaticItemNames.maceNames[136]","Mace of the Raider","Palice nájezdníka"
"StaticItemNames.maceNames[137]","Grimstrike","Temný úder"
"StaticItemNames.maceNames[138]","Blazebound Mace","Ohněm vázaná palice"
"StaticItemNames.maceNames[139]","The Shatterer","Rozbíječ"
"StaticItemNames.maceNames[140]","Mace of the Black Sun","Palice černého slunce"
"StaticItemNames.maceNames[141]","Warpound","Křivý úder"
"StaticItemNames.maceNames[142]","Nightcrusher","Noční drtič"
"StaticItemNames.maceNames[143]","The Iron Fist","Železná pěst"
"StaticItemNames.maceNames[144]","Mace of the Blighted","Palice zkažených"
"StaticItemNames.maceNames[145]","Bonepound","Kostní úder"
"StaticItemNames.maceNames[146]","Helljudge","Pekelní soudce"
"StaticItemNames.maceNames[147]","The Cranium Cracker","Louskáč lebek"
"StaticItemNames.maceNames[148]","Mace of the Howling Wind","Palice řvoucího větru"
"StaticItemNames.maceNames[149]","Thundercrusher","Bleskový drtič"
"StaticItemNames.maceNames[150]","Froststrike Mace","Mrazivá palice úderu"
"StaticItemNames.maceNames[151]","The Concussion","Otřes"
"StaticItemNames.maceNames[152]","Mace of the Marauder","Palice nájezdníka"
"StaticItemNames.maceNames[153]","Darkmaul","Temná palice"
"StaticItemNames.maceNames[154]","Ashcrusher","Popelový drtič"
"StaticItemNames.maceNames[155]","The Brainbuster","Louskáč mozků"
"StaticItemNames.maceNames[156]","Mace of the Savage","Palice divocha"
"StaticItemNames.maceNames[157]","Runebound Mace","Runami vázaná palice"
"StaticItemNames.maceNames[158]","Steelmaul","Ocelová palice"
"StaticItemNames.maceNames[159]","The Thud","Úder"
"StaticItemNames.maceNames[160]","Mace of the Elder","Palice staršího"
"StaticItemNames.maceNames[161]","Chaoscrusher","Chaosový drtič"
"StaticItemNames.maceNames[162]","Grimbound","Temně vázaný"
"StaticItemNames.maceNames[163]","The Wrecking Ball","Ničící koule"
"StaticItemNames.maceNames[164]","Mace of the Ashen Lord","Palice popelového pána"
"StaticItemNames.maceNames[165]","Flamecrusher","Plamenný drtič"
"StaticItemNames.maceNames[166]","Dreadbound Mace","Hrůzou vázaná palice"
"StaticItemNames.maceNames[167]","The Skullforge","Kovárna lebek"
"StaticItemNames.maceNames[168]","Mace of the Frozen Heart","Palice zmrzlého srdce"
"StaticItemNames.maceNames[169]","Warsmasher","Válečný rozbíječ"
"StaticItemNames.maceNames[170]","Nether Mace","Netherská palice"
"StaticItemNames.maceNames[171]","The Bonegrip","Kostní úchop"
"StaticItemNames.maceNames[172]","Mace of the Runekeeper","Palice strážce run"
"StaticItemNames.maceNames[173]","Earthmaul","Zemní palice"
"StaticItemNames.maceNames[174]","Blazecrusher","Plamenný drtič"
"StaticItemNames.maceNames[175]","The Iron Sentence","Železný rozsudek"
"StaticItemNames.maceNames[176]","Mace of the Shattered","Palice roztříštěných"
"StaticItemNames.maceNames[177]","Stonemaul","Kamenná palice"
"StaticItemNames.maceNames[178]","Crimson Basher","Karmínový mlátič"
"StaticItemNames.maceNames[179]","The Headsman's Mace","Palice kata"
"StaticItemNames.maceNames[180]","Mace of the Unyielding","Palice neústupného"
"StaticItemNames.maceNames[181]","Frostbound Basher","Mrazivě vázaný mlátič"
"StaticItemNames.maceNames[182]","Grimmaul","Temná palice"
"StaticItemNames.maceNames[183]","The Executioner's Grip","Úchop kata"
"StaticItemNames.maceNames[184]","Mace of the Void","Palice prázdnoty"
"StaticItemNames.maceNames[185]","Thundermaul Strike","Bleskový úder"
"StaticItemNames.maceNames[186]","Doombound Mace","Záhubou vázaná palice"
"StaticItemNames.maceNames[187]","The Tremor","Otřes"
"StaticItemNames.maceNames[188]","Mace of the Warpath","Palice válečné stezky"
"StaticItemNames.maceNames[189]","Embercrusher","Popelový drtič"
"StaticItemNames.maceNames[190]","Shadowcrusher","Stínový drtič"
"StaticItemNames.maceNames[191]","The Mallet of Doom","Kladivo záhuby"
"StaticItemNames.maceNames[192]","Mace of the Vengeful","Palice mstitelů"
"StaticItemNames.maceNames[193]","Ironpound","Železný úder"
"StaticItemNames.maceNames[194]","Blazestrike Mace","Plamenný úder palice"
"StaticItemNames.maceNames[195]","The Punisher","Trestající"
"StaticItemNames.maceNames[196]","Mace of the Red Dawn","Palice krvavého úsvitu"
"StaticItemNames.maceNames[197]","Stormmaul","Bouřná palice"
"StaticItemNames.maceNames[198]","Bonestrike","Kostěný úder"
"StaticItemNames.maceNames[199]","The Calamity","Kalámita"
"StaticItemNames.maceNames[200]","Mace of the Thornlands","Palice pichlavé krajiny"
"StaticItemNames.maceNames[201]","Warjudge","Válečný soudce"
"StaticItemNames.maceNames[202]","Frostgrinder","Mrazový drtič"
"StaticItemNames.maceNames[203]","The Hammerfist","Kladivová pěst"
"StaticItemNames.maceNames[204]","Mace of the Last Stand","Palice poslední obrany"
"StaticItemNames.maceNames[205]","Dreadcrusher","Hrůzový drtič"
"StaticItemNames.maceNames[206]","Ashenmaul","Popelavá palice"
"StaticItemNames.maceNames[207]","The Ruiner","Ničitel"
"StaticItemNames.maceNames[208]","Mace of the Endless War","Palice nekonečné války"
"StaticItemNames.maceNames[209]","Flamemaul","Ohnivá palice"
"StaticItemNames.maceNames[210]","Thunderstrike","Bleskový úder"
"StaticItemNames.maceNames[211]","The Boneclasp","Kostní spona"
"StaticItemNames.maceNames[212]","Mace of the Primal Hunt","Palice pradávného lovu"
"StaticItemNames.maceNames[213]","Grimclasp","Temný úchop"
"StaticItemNames.maceNames[214]","Voidmaul","Palice prázdnoty"
"StaticItemNames.maceNames[215]","The Fracture","Prasklina"
"StaticItemNames.maceNames[216]","Mace of the Breaker","Palice drtiče"
"StaticItemNames.maceNames[217]","Wargrinder","Válečný drtič"
"StaticItemNames.maceNames[218]","Hellcrusher","Pekelný drtič"
"StaticItemNames.maceNames[219]","The Crusher of Hope","Drtič naděje"
"StaticItemNames.maceNames[220]","Mace of the Crimson Path","Palice karmínové stezky"
"StaticItemNames.maceNames[221]","Earthclasp","Zemní úchop"
"StaticItemNames.maceNames[222]","Nightbound Mace","Noční vázaná palice"
"StaticItemNames.maceNames[223]","The Denting","Přitlačení"
"StaticItemNames.maceNames[224]","Mace of the Frostbound","Palice mrazem vázaná"
"StaticItemNames.maceNames[225]","Chaosmaul","Chaotická palice"
"StaticItemNames.maceNames[226]","Grimgrinder","Temný drtič"
"StaticItemNames.maceNames[227]","The Skulltaker","Odebírač lebek"
"StaticItemNames.maceNames[228]","Mace of the Searing Sun","Palice žhnoucího slunce"
"StaticItemNames.maceNames[229]","Irongrip Mace","Železný úchop palice"
"StaticItemNames.maceNames[230]","Doomstrike Maul","Úder záhuby"
"StaticItemNames.maceNames[231]","The Shockwave","Rázová vlna"
"StaticItemNames.maceNames[232]","Mace of the Bonefield","Palice kostního pole"
"StaticItemNames.maceNames[233]","Emberpound","Popelový úder"
"StaticItemNames.maceNames[234]","Stormbound Mace","Bouří vázaná palice"
"StaticItemNames.maceNames[235]","The Heavy Verdict","Těžký rozsudek"
"StaticItemNames.maceNames[236]","Mace of the Bloodforge","Palice krvavého kovadlení"
"StaticItemNames.maceNames[237]","Frostpound","Mrazivý úder"
"StaticItemNames.maceNames[238]","Ashbound Mace","Popelavě vázaná palice"
"StaticItemNames.maceNames[239]","The Ironclad Judgment","Rozsudek železného pláště"
"StaticItemNames.maceNames[240]","Mace of the Withered","Palice uvadlého"
"StaticItemNames.maceNames[241]","Blazebound Basher","Ohněm vázaný mlátič"
"StaticItemNames.maceNames[242]","Dreadmaul Strike","Hrůzný úder"
"StaticItemNames.maceNames[243]","The Annihilation","Zničení"
"StaticItemNames.maceNames[244]","Mace of the Broken Realm","Palice zlomené říše"
"StaticItemNames.maceNames[245]","Warbound Basher","Válečně vázaný mlátič"
"StaticItemNames.maceNames[246]","Thundergrip","Bleskový úchop"
"StaticItemNames.maceNames[247]","The Skullcap","Lebková čelenka"
"StaticItemNames.maceNames[248]","Mace of the Stormborn","Palice narozená ve vichru"
"StaticItemNames.maceNames[249]","Nightstrike Mace","Noční úderná palice"
"StaticItemNames.maceNames[250]","Grimpound","Temný úder"
"StaticItemNames.maceNames[251]","The Iron Maelstrom","Železný vír"
"StaticItemNames.maceNames[252]","Mace of the Ashen Path","Palice popelavé stezky"
"StaticItemNames.maceNames[253]","Stoneclasp","Kamenný úchop"
"StaticItemNames.maceNames[254]","Felcrusher","Diabolický drtič"
"StaticItemNames.maceNames[255]","The Bonecrushing Gavel","Kladivo drtící kosti"
"StaticItemNames.maceNames[256]","Mace of the Wraith","Palice přízraku"
"StaticItemNames.maceNames[257]","Flameclasp","Ohnivý úchop"
"StaticItemNames.maceNames[258]","Doomgrinder","Drtič záhuby"
"StaticItemNames.maceNames[259]","The Reaper's Mace","Palice kosce"
"StaticItemNames.maceNames[260]","Mace of the Iron Throne","Palice železného trůnu"
"StaticItemNames.maceNames[261]","Emberstrike Mace","Popelový úder"
"StaticItemNames.maceNames[262]","Frostclasp","Mrazivý úchop"
"StaticItemNames.maceNames[263]","The Wrath of Stone","Hněv kamene"
"StaticItemNames.maceNames[264]","Mace of the Runeforge","Palice runové kovárny"
"StaticItemNames.maceNames[265]","Warclasp","Válečný úchop"
"StaticItemNames.maceNames[266]","Grimstrike Mace","Temný úder palice"
"StaticItemNames.maceNames[267]","The Colossus Grip","Úchop obra"
"StaticItemNames.maceNames[268]","Mace of the Scarred Earth","Palice jizvené země"
"StaticItemNames.maceNames[269]","Thunderclasp","Bleskový úchop"
"StaticItemNames.maceNames[270]","Blazepound","Plamenný úder"
"StaticItemNames.maceNames[271]","The Undying Maul","Nesmrtelná palice"
"StaticItemNames.maceNames[272]","Mace of the Blighted Wood","Palice zkaženého lesa"
"StaticItemNames.maceNames[273]","Shadowbound Mace","Stínem vázaná palice"
"StaticItemNames.maceNames[274]","Doomclasp","Úchop záhuby"
"StaticItemNames.maceNames[275]","The Stone Verdict","Kamenný rozsudek"
"StaticItemNames.maceNames[276]","Mace of the Howling North","Palice řvoucího severu"
"StaticItemNames.maceNames[277]","Ironbound Maul","Železně vázaná palice"
"StaticItemNames.maceNames[278]","Ashstrike Mace","Popelový úder"
"StaticItemNames.maceNames[279]","The Breaker of Walls","Drtič zdí"
"StaticItemNames.maceNames[280]","Mace of the Burning Sky","Palice hořící oblohy"
"StaticItemNames.maceNames[281]","Flamegrinder","Plamenný drtič"
"StaticItemNames.maceNames[282]","Chaosbound Mace","Chaoticky vázaná palice"
"StaticItemNames.maceNames[283]","The Grinding Halt","Zastavení drcení"
"StaticItemNames.maceNames[284]","Mace of Woe","Palice trápení"
"StaticItemNames.maceNames[285]","Frosthammer Mace","Mrazivé kladivo"
"StaticItemNames.maceNames[286]","Emberclasp","Popelový úchop"
"StaticItemNames.maceNames[287]","The Final Blow","Poslední úder"
"StaticItemNames.maceNames[288]","Mace of the Forgotten","Palice zapomenutých"
"StaticItemNames.maceNames[289]","Thunderhammer","Bleskové kladivo"
"StaticItemNames.maceNames[290]","Grimfire Mace","Temný ohnivý úder"
"StaticItemNames.maceNames[291]","The Devastator","Ničitel"
"StaticItemNames.maceNames[292]","Mace of the Dreadlord","Palice hrůzného pána"
"StaticItemNames.maceNames[293]","Warfire Mace","Válečné ohnivé palice"
"StaticItemNames.maceNames[294]","Stonebound Maul","Kamenně vázaná palice"
"StaticItemNames.maceNames[295]","The Juggernaut","Železný drtič"
"StaticItemNames.maceNames[296]","Mace of the Windwalker","Palice chodce větru"
"StaticItemNames.maceNames[297]","Nightgrinder","Noční drtič"
"StaticItemNames.maceNames[298]","Duskstrike Mace","Úder soumraku"
"StaticItemNames.maceNames[299]","The Titan's Grip","Úchop titána"
"StaticItemNames.maceNames[300]","Mace of the Ironclad","Palice železného pláště"
"StaticItemNames.maceNames[301]","Blazeclasp","Plamenný úchop"
"StaticItemNames.maceNames[302]","Frostbound Maul","Mrazem vázaná palice"
"StaticItemNames.maceNames[303]","The Crater Maker","Tvůrce kráteru"
"StaticItemNames.maceNames[304]","Mace of the Warborn","Palice válečníků"
"StaticItemNames.maceNames[305]","Grimhammer Mace","Temné kladivo"
"StaticItemNames.maceNames[306]","Thunderbound Mace","Bleskem vázaná palice"
"StaticItemNames.maceNames[307]","The Shockstrike","Rázový úder"
"StaticItemNames.maceNames[308]","Mace of Sorrow","Palice smutku"
"StaticItemNames.maceNames[309]","Warmaul Strike","Úder válečné palice"
"StaticItemNames.maceNames[310]","Emberhammer Mace","Žhavé kladivo"
"StaticItemNames.maceNames[311]","The Earthshaker","Rozrážeč země"
"StaticItemNames.maceNames[312]","Mace of the Black Forest","Palice černého lesa"
"StaticItemNames.maceNames[313]","Ironstone Mace","Železokamenné kladivo"
"StaticItemNames.maceNames[314]","Shadowpound","Stínotluč"
"StaticItemNames.maceNames[315]","The Skull Verdict","Rozsudek lebky"
"StaticItemNames.maceNames[316]","Mace of the Wildlands","Palice divočiny"
"StaticItemNames.maceNames[317]","Doomhammer Strike","Úder kladiva záhuby"
"StaticItemNames.maceNames[318]","Ashgrinder","Popelový drtič"
"StaticItemNames.maceNames[319]","The Bonebreaker's Mace","Palice lámače kostí"
"StaticItemNames.maceNames[320]","Mace of the Savage Lands","Palice divoké země"
"StaticItemNames.maceNames[321]","Blazegrinder","Plamenný drtič"
"StaticItemNames.maceNames[322]","Thunderpound","Bleskotluč"
"StaticItemNames.maceNames[323]","The Merciless Maul","Nelítostná palice"
"StaticItemNames.maceNames[324]","Mace of the Fallen King","Palice padlého krále"
"StaticItemNames.maceNames[325]","Grimstone Maul","Temnokamenná palice"
"StaticItemNames.maceNames[326]","Frostgrip","Mrazivý úchop"
"StaticItemNames.maceNames[327]","The Mountain's Fist","Pěst hory"
"StaticItemNames.maceNames[328]","Mace of the Ancient","Palice dávného"
"StaticItemNames.maceNames[329]","Wargrip Mace","Válečný úchop"
"StaticItemNames.maceNames[330]","Emberpound Mace","Žhavý tluč"
"StaticItemNames.maceNames[331]","The Shattering Blow","Drtivý úder"
"StaticItemNames.maceNames[332]","Mace of the Eternal","Palice věčnosti"
"StaticItemNames.maceNames[333]","Dreadgrip","Hrůzostrašný úchop"
"StaticItemNames.maceNames[334]","Nightmaul Strike","Noční úder palice"
"StaticItemNames.maceNames[335]","The Quake","Zemětřesení"
"StaticItemNames.maceNames[336]","Mace of the Dark Throne","Palice temného trůnu"
"StaticItemNames.maceNames[337]","Chaosgrip","Chaotický úchop"
"StaticItemNames.maceNames[338]","Stonegrinder","Kamenný drtič"
"StaticItemNames.maceNames[339]","The Skullbane","Ničitel lebek"
"StaticItemNames.maceNames[340]","Mace of the Tempest","Palice vichru"
"StaticItemNames.maceNames[341]","Felgrinder","Ďábelský drtič"
"StaticItemNames.maceNames[342]","Ashpound Mace","Popelový úder kladiva"
"StaticItemNames.maceNames[343]","The Blacksmith's Fury","Zuřivost kováře"
"StaticItemNames.maceNames[344]","Mace of the Grim Lord","Palice temného pána"
"StaticItemNames.maceNames[345]","Irongrinder","Železný drtič"
"StaticItemNames.maceNames[346]","Blazebound Hammer","Plamenem vázané kladivo"
"StaticItemNames.maceNames[347]","The Last Judgment","Poslední soud"
"StaticItemNames.maceNames[348]","Mace of the Hollow","Palice dutiny"
"StaticItemNames.maceNames[349]","Stormgrinder","Bouřný drtič"
"StaticItemNames.maceNames[350]","Doomfire Mace","Kladivo záhuby"
"StaticItemNames.maceNames[351]","The Guillotine Maul","Úder gilotiny"
"StaticItemNames.maceNames[352]","Mace of the Sundered","Palice roztříštěných"
"StaticItemNames.maceNames[353]","Frostfire Mace","Mrazivý oheň kladivo"
"StaticItemNames.maceNames[354]","Warstone","Válečný kámen"
"StaticItemNames.maceNames[355]","The Verdict of Iron","Rozsudek železa"
"StaticItemNames.maceNames[356]","Mace of the Thunderborn","Palice bleskozrozených"
"StaticItemNames.maceNames[357]","Nightstrike Maul","Noční úder palice"
"StaticItemNames.maceNames[358]","Grimbound Mace","Temně vázaná palice"
"StaticItemNames.maceNames[359]","The Cataclysm","Kataklyzma"
"StaticItemNames.maceNames[360]","Mace of the Desolate","Palice pustiny"
"StaticItemNames.maceNames[361]","Emberstrike Maul","Žhavý úder palice"
"StaticItemNames.maceNames[362]","Thunderstrike Maul","Bleskový úder palice"
"StaticItemNames.maceNames[363]","The Render of Bone","Zničitel kostí"
"StaticItemNames.maceNames[364]","Mace of the Warlord","Palice válečníka"
"StaticItemNames.maceNames[365]","Shadowstrike Maul","Stínový úder palice"
"StaticItemNames.maceNames[366]","Frosthowl Mace","Mrazivý řev kladivo"
"StaticItemNames.maceNames[367]","The Earthen Gavel","Zemní kladivo"
"StaticItemNames.maceNames[368]","Mace of the Bloodhunt","Palice krvavého lovu"
"StaticItemNames.maceNames[369]","Duskmaul","Soumraková palice"
"StaticItemNames.maceNames[370]","Chaosbound Maul","Chaosem vázaná palice"
"StaticItemNames.maceNames[371]","The Bludgeon of Fate","Palice osudu"
"StaticItemNames.maceNames[372]","Mace of the Primal","Palice pradávna"
"StaticItemNames.maceNames[373]","Ironhowl Mace","Železný řev kladivo"
"StaticItemNames.maceNames[374]","Blazefire Mace","Plamenný oheň kladivo"
"StaticItemNames.maceNames[375]","The Titan's Judgment","Soud titána"
"StaticItemNames.maceNames[376]","Mace of the Hallowed","Palice svatých"
"StaticItemNames.maceNames[377]","Grimfire Maul","Temný oheň kladivo"
"StaticItemNames.maceNames[378]","Stormfire Mace","Bouřný oheň kladivo"
"StaticItemNames.maceNames[379]","The Pulverizing Grip","Drtící úchop"
"StaticItemNames.maceNames[380]","Mace of the Shattered Throne","Palice zlomeného trůnu"
"StaticItemNames.maceNames[381]","Warfire Maul","Válečný oheň kladivo"
"StaticItemNames.maceNames[382]","Ashborne Mace","Popelová palice"
"StaticItemNames.maceNames[383]","The Bonfire Maul","Palice ohnivého kotle"
"StaticItemNames.maceNames[384]","Mace of the Fallen Star","Palice padlé hvězdy"
"StaticItemNames.maceNames[385]","Voidcrusher","Drtič prázdnoty"
"StaticItemNames.maceNames[386]","Nightfire Mace","Noční oheň kladivo"
"StaticItemNames.maceNames[387]","The Heavy Hand","Těžká ruka"
"StaticItemNames.maceNames[388]","Mace of the Last Dawn","Palice posledního úsvitu"
"StaticItemNames.maceNames[389]","Frostfire Maul","Mrazivě ohnivá palice"
"StaticItemNames.maceNames[390]","Doomfire Maul","Kladivo záhublého ohně"
"StaticItemNames.maceNames[391]","The Iron Tempest","Železná bouře"
"StaticItemNames.maceNames[392]","Mace of the Broken Crown","Palice zlomené koruny"
"StaticItemNames.maceNames[393]","Emberfire Mace","Žhavý oheň kladivo"
"StaticItemNames.maceNames[394]","Stormstrike Mace","Bouřný úder kladiva"
"StaticItemNames.maceNames[395]","The Final Verdict","Poslední rozsudek"
"StaticItemNames.maceNames[396]","Mace of the Shadow Throne","Palice stínového trůnu"
"StaticItemNames.maceNames[397]","Thunderfire Mace","Bleskový oheň kladivo"
"StaticItemNames.maceNames[398]","Chaosfire Mace","Chaotický oheň kladivo"
"StaticItemNames.maceNames[399]","The Quaking Maul","Kmitající palice"
"StaticItemNames.maceNames[400]","Mace of the Endless Night","Palice nekonečné noci"
"StaticItemNames.maceNames[401]","Ashfire Mace","Popelový oheň kladivo"
"StaticItemNames.maceNames[402]","Voidbound Mace","Vázaná prázdnotou palice"
"StaticItemNames.maceNames[403]","The Mountain Breaker","Drtič hor"
"StaticItemNames.maceNames[404]","Mace of the Forsaken","Palice opuštěných"
"StaticItemNames.maceNames[405]","Grimfire Basher","Temný oheň mlátič"
"StaticItemNames.maceNames[406]","Warfire Basher","Válečný oheň mlátič"
"StaticItemNames.maceNames[407]","The Crushing Dawn","Drtivý úsvit"
"StaticItemNames.maceNames[408]","Mace of the Dire Wolf","Palice zlověstného vlka"
"StaticItemNames.maceNames[409]","Nightfire Maul","Noční oheň palice"
"StaticItemNames.maceNames[410]","Frostfire Basher","Mrazivý oheň mlátič"
"StaticItemNames.maceNames[411]","The Unforgiving","Nesmiřitelný"
"StaticItemNames.maceNames[412]","Mace of the Scarred Throne","Palice zrohovatého trůnu"
"StaticItemNames.maceNames[413]","Steelpound","Ocelový tluč"
"StaticItemNames.maceNames[414]","Volcanhammer","Vulkanické kladivo"
"StaticItemNames.maceNames[415]","The Granite Fist","Žulová pěst"
"StaticItemNames.maceNames[416]","Mace of the Barren Throne","Palice vyprahlého trůnu"
"StaticItemNames.maceNames[417]","Grimstone Basher","Temnokamenný mlátič"
"StaticItemNames.maceNames[418]","Duskpound","Soumrakový tluč"
"StaticItemNames.maceNames[419]","The Anvil's Wrath","Hněv kovadly"
"StaticItemNames.maceNames[420]","Mace of the Dire Keep","Palice strašného hradu"
"StaticItemNames.maceNames[421]","Ironfire Mace","Železný oheň kladivo"
"StaticItemNames.maceNames[422]","Blazefire Maul","Plamenný oheň palice"
"StaticItemNames.maceNames[423]","The Crumbler","Drcač"
"StaticItemNames.maceNames[424]","Mace of the Wailing Dark","Palice nářčí tmy"
"StaticItemNames.maceNames[425]","Stormfire Maul","Bouřný oheň palice"
"StaticItemNames.maceNames[426]","Ashfire Maul","Popelový oheň palice"
"StaticItemNames.maceNames[427]","The Relentless Maul","Neúprosná palice"
"StaticItemNames.maceNames[428]","Mace of the Scarlet Gate","Palice krvavé brány"
"StaticItemNames.maceNames[429]","Emberhowl Mace","Žhavý řev kladivo"
"StaticItemNames.maceNames[430]","Thunderfire Maul","Bleskový oheň palice"
"StaticItemNames.maceNames[431]","The Judge's Verdict","Rozsudek soudce"
"StaticItemNames.maceNames[432]","Mace of the Grey Tower","Palice šedé věže"
"StaticItemNames.maceNames[433]","Nightfire Basher","Noční oheň mlátič"
"StaticItemNames.maceNames[434]","Voidfire Mace","Kladivo prázdného ohně"
"StaticItemNames.maceNames[435]","The Granite Maul","Žulová palice"
"StaticItemNames.maceNames[436]","Mace of the Cinderlands","Palice popelavých pustin"
"StaticItemNames.maceNames[437]","Chaosfire Maul","Chaotický oheň kladivo"
"StaticItemNames.maceNames[438]","Doomfire Basher","Záhublý oheň mlátič"
"StaticItemNames.maceNames[439]","The Iron Avalanche","Železná lavina"
"StaticItemNames.maceNames[440]","Mace of the Sundered Peak","Palice roztříštěného vrcholu"
"StaticItemNames.maceNames[441]","Frostfire Hammer","Mrazivý oheň kladivo"
"StaticItemNames.maceNames[442]","Grimfire Hammer","Temný oheň kladivo"
"StaticItemNames.maceNames[443]","The Boulder Fist","Pěst balvanu"
"StaticItemNames.maceNames[444]","Mace of the Hollow Gate","Palice duté brány"
"StaticItemNames.maceNames[445]","Warfire Hammer","Válečný oheň kladivo"
"StaticItemNames.maceNames[446]","Stonehowl Mace","Kamenný řev kladivo"
"StaticItemNames.maceNames[447]","The Unbreakable","Neporazitelný"
"StaticItemNames.maceNames[448]","Mace of the Ashen Crown","Palice popelové koruny"
"StaticItemNames.maceNames[449]","Blazefire Basher","Plamenný oheň mlátič"
"StaticItemNames.maceNames[450]","Shadowfire Mace","Stínový oheň kladivo"
"StaticItemNames.maceNames[451]","The Trembling Maul","Chvějící palice"
"StaticItemNames.maceNames[452]","Mace of the Savage Throne","Palice divokého trůnu"
"StaticItemNames.maceNames[453]","Emberfire Maul","Žhavý oheň kladivo"
"StaticItemNames.maceNames[454]","Thunderhowl Mace","Bleskový řev kladivo"
"StaticItemNames.maceNames[455]","The Verdict of Stone","Verdikt kamene"
"StaticItemNames.maceNames[456]","Mace of the Blood Moon","Palice krvavého měsíce"
"StaticItemNames.maceNames[457]","Ironfire Maul","Železný oheň palice"
"StaticItemNames.maceNames[458]","Stormhowl Mace","Bouřný řev kladivo"
"StaticItemNames.maceNames[459]","The Mammoth's Tread","Krok mamuta"
"StaticItemNames.maceNames[460]","Mace of the Lost King","Palice ztraceného krále"
"StaticItemNames.maceNames[461]","Nighthowl Mace","Noční řev kladivo"
"StaticItemNames.maceNames[462]","Grimhowl Mace","Temný řev kladivo"
"StaticItemNames.maceNames[463]","The Colossus Maul","Palice obra"
"StaticItemNames.maceNames[464]","Mace of the Silent Peak","Palice tichého vrcholu"
"StaticItemNames.maceNames[465]","Frosthowl Maul","Mrazivý řev palice"
"StaticItemNames.maceNames[466]","Ashfire Basher","Popelový oheň mlátič"
"StaticItemNames.maceNames[467]","The Dreadnaught","Nedotknutelný obr"
"StaticItemNames.maceNames[468]","Volcancrusher","Vulkanický drtič"
"StaticItemNames.maceNames[469]","The Seismic Fist","Seismická pěst"
"StaticItemNames.maceNames[470]","Mace of the Burning Gate","Palice hořící brány"
"StaticItemNames.maceNames[471]","Obsidian Basher","Obsidiánový mlátič"
"StaticItemNames.maceNames[472]","The Petrifier","Kamenění"
"StaticItemNames.maceNames[473]","Mace of the Ashen Wastes","Palice popelových pustin"
"StaticItemNames.maceNames[474]","Ruinbound Mace","Vázaná zkáze palice"
"StaticItemNames.maceNames[475]","The Slab","Deska"
"StaticItemNames.maceNames[476]","Mace of the Shattered Crown","Palice roztříštěné koruny"
"StaticItemNames.maceNames[477]","Gravelpound","Štěrkový tluč"
"StaticItemNames.maceNames[478]","The Bone Mallet","Kostní palice"
"StaticItemNames.maceNames[479]","Mace of the Wailing North","Palice nářčího severu"
"StaticItemNames.maceNames[480]","Brimstone Maul","Sírová palice"
"StaticItemNames.maceNames[481]","The Crag Fist","Skalistá pěst"
"StaticItemNames.maceNames[482]","Mace of the Dire Gate","Palice příkopy brány"
"StaticItemNames.maceNames[483]","Dustcrusher","Prachový drtič"
"StaticItemNames.maceNames[484]","The Avalanche","Lavina"
"StaticItemNames.maceNames[485]","Mace of the Hollow Crown","Palice duté koruny"
"StaticItemNames.maceNames[486]","Galehammer","Búšivé kladivo"
"StaticItemNames.maceNames[487]","The Rusted Gavel","Rezavé kladivo"
"StaticItemNames.maceNames[488]","Mace of the Frozen Gate","Palice zamrzlé brány"
"StaticItemNames.maceNames[489]","Dawnstrike Mace","Úder úsvitu"
"StaticItemNames.maceNames[490]","The Granite Hammer","Žulové kladivo"
"StaticItemNames.maceNames[491]","Mace of the Ember Gate","Palice žhavé brány"
"StaticItemNames.maceNames[492]","Moonstrike Mace","Měsíční úder"
"StaticItemNames.maceNames[493]","The Basalt Fist","Bazaltová pěst"
"StaticItemNames.maceNames[494]","Mace of the Grey Wolf","Palice šedého vlka"
"StaticItemNames.maceNames[495]","Runebound Basher","Runami vázaný mlátič"
"StaticItemNames.maceNames[496]","The Monolith","Monolit"
"StaticItemNames.maceNames[497]","Mace of the Sundered Crown","Palice roztříštěné koruny"
"StaticItemNames.maceNames[498]","Dustbound Mace","Prachově vázaná palice"
"StaticItemNames.maceNames[499]","The Limestone Gavel","Vápencové kladivo"
"StaticItemNames.pickaxeNames[0]","Earthshatter","Zlomovač země"
"StaticItemNames.pickaxeNames[1]","Veinseeker","Hledač žil"
"StaticItemNames.pickaxeNames[2]","Stonecrusher","Drtič kamene"
"StaticItemNames.pickaxeNames[3]","The Excavator","Exkavátor"
"StaticItemNames.pickaxeNames[4]","Deepdelver","Hloubkový těžař"
"StaticItemNames.pickaxeNames[5]","Rockbreaker","Lámač skály"
"StaticItemNames.pickaxeNames[6]","Mithril Pick","Mithrilový krumpáč"
"StaticItemNames.pickaxeNames[7]","Ore Finder","Hledač rudy"
"StaticItemNames.pickaxeNames[8]","The Underminer","Podzemní lomitel"
"StaticItemNames.pickaxeNames[9]","Dwarven Might","Trpasličí síla"
"StaticItemNames.pickaxeNames[10]","Faultline","Zlomová linie"
"StaticItemNames.pickaxeNames[11]","Gem Splitter","Štípač drahokamů"
"StaticItemNames.pickaxeNames[12]","Mountain's Bane","Zhoubce hory"
"StaticItemNames.pickaxeNames[13]","Bedrock Breaker","Lamač podloží"
"StaticItemNames.pickaxeNames[14]","Crust Shatter","Drtič kůry"
"StaticItemNames.pickaxeNames[15]","Tunneler","Tunelář"
"StaticItemNames.pickaxeNames[16]","Goldstrike","Zlatý úder"
"StaticItemNames.pickaxeNames[17]","Iron Will","Železná vůle"
"StaticItemNames.pickaxeNames[18]","Cavern Claw","Jeskynní dráp"
"StaticItemNames.pickaxeNames[19]","The Prospector","Prospektor"
"StaticItemNames.pickaxeNames[20]","Boulder Bane","Zhoubce balvanů"
"StaticItemNames.pickaxeNames[21]","Depth Charge","Hlubinná nálož"
"StaticItemNames.pickaxeNames[22]","Earthmaw","Zemní chřtán"
"StaticItemNames.pickaxeNames[23]","Forge Pick","Kovářský krumpáč"
"StaticItemNames.pickaxeNames[24]","Granite Fang","Žulový tesák"
"StaticItemNames.pickaxeNames[25]","Hollow Point Pick","Krumpáč dutého hrotu"
"StaticItemNames.pickaxeNames[26]","Iron Tooth","Železný zub"
"StaticItemNames.pickaxeNames[27]","Jade Pick","Nefritový krumpáč"
"StaticItemNames.pickaxeNames[28]","Kobold's Pick","Koboldův krumpáč"
"StaticItemNames.pickaxeNames[29]","Lodestone","Magnetovec"
"StaticItemNames.pickaxeNames[30]","Mine Master","Mistr dolu"
"StaticItemNames.pickaxeNames[31]","Nugget Hunter","Lovec nugetů"
"StaticItemNames.pickaxeNames[32]","Obsidian Edge","Obsidiánové ostří"
"StaticItemNames.pickaxeNames[33]","Pebble Crusher","Drtič oblázků"
"StaticItemNames.pickaxeNames[34]","Quarry King","Král lomu"
"StaticItemNames.pickaxeNames[35]","Rubble Maker","Tvůrce suti"
"StaticItemNames.pickaxeNames[36]","Seismic Strike","Seismický úder"
"StaticItemNames.pickaxeNames[37]","Tectonic Pick","Tektonický krumpáč"
"StaticItemNames.pickaxeNames[38]","Underworld Pick","Podsvětní krumpáč"
"StaticItemNames.pickaxeNames[39]","Vein Ripper","Trhač žil"
"StaticItemNames.pickaxeNames[40]","Wormhole Pick","Krumpáč červí díry"
"StaticItemNames.pickaxeNames[41]","Adamantine Pick","Adamantinový krumpáč"
"StaticItemNames.pickaxeNames[42]","Basalt Breaker","Čedičový lamač"
"StaticItemNames.pickaxeNames[43]","Crystal Crack","Krystalová prasklina"
"StaticItemNames.pickaxeNames[44]","Diamond Digger","Diamantový kopáč"
"StaticItemNames.pickaxeNames[45]","Emerald Seeker","Hledač smaragdů"
"StaticItemNames.pickaxeNames[46]","Flint Fury","Pazourková zuřivost"
"StaticItemNames.pickaxeNames[47]","Gravel Grinder","Drtič štěrku"
"StaticItemNames.pickaxeNames[48]","Heart of the Mountain","Srdce hory"
"StaticItemNames.pickaxeNames[49]","Ironclad Pick","Obrněný krumpáč"
"StaticItemNames.pickaxeNames[50]","Jewel Finder","Hledač klenotů"
"StaticItemNames.pickaxeNames[51]","Keystone Pick","Klíčový krumpáč"
"StaticItemNames.pickaxeNames[52]","Lava Forged Pick","Lávou kovaný krumpáč"
"StaticItemNames.pickaxeNames[53]","Molten Pick","Roztavený krumpáč"
"StaticItemNames.pickaxeNames[54]","Netherpick","Netherový krumpáč"
"StaticItemNames.pickaxeNames[55]","Opal Seeker","Hledač opálů"
"StaticItemNames.pickaxeNames[56]","Prism Breaker","Lamač hranolů"
"StaticItemNames.pickaxeNames[57]","Quartz Shatter","Křemenné roztříštění"
"StaticItemNames.pickaxeNames[58]","Ruby Striker","Rubínový úderník"
"StaticItemNames.pickaxeNames[59]","Sapphire Pick","Safírový krumpáč"
"StaticItemNames.pickaxeNames[60]","Topaz Fang","Topazový tesák"
"StaticItemNames.pickaxeNames[61]","Unearthed","Odkryté"
"StaticItemNames.pickaxeNames[62]","Volcanic Pick","Sopečný krumpáč"
"StaticItemNames.pickaxeNames[63]","Warden's Pick","Strážcův krumpáč"
"StaticItemNames.pickaxeNames[64]","Abyssal Pick","Propastný krumpáč"
"StaticItemNames.pickaxeNames[65]","Bonecrusher Pick","Krumpáč drtiče kostí"
"StaticItemNames.pickaxeNames[66]","Cobalt Pick","Kobaltový krumpáč"
"StaticItemNames.pickaxeNames[67]","Darkstone Pick","Krumpáč temného kamene"
"StaticItemNames.pickaxeNames[68]","Echo Pick","Ozvěnový krumpáč"
"StaticItemNames.pickaxeNames[69]","Fossil Finder","Hledač fosilií"
"StaticItemNames.pickaxeNames[70]","Gloom Pick","Ponurý krumpáč"
"StaticItemNames.pickaxeNames[71]","Hearthstone Pick","Krumpáč krbového kamene"
"StaticItemNames.pickaxeNames[72]","Icepick","Ledový krumpáč"
"StaticItemNames.pickaxeNames[73]","Jawbreaker Pick","Krumpáč lamače čelistí"
"StaticItemNames.pickaxeNames[74]","Kinetic Pick","Kinetický krumpáč"
"StaticItemNames.pickaxeNames[75]","Lantern Pick","Lucernový krumpáč"
"StaticItemNames.pickaxeNames[76]","Magma Pick","Magmatický krumpáč"
"StaticItemNames.pickaxeNames[77]","Nightstone Pick","Krumpáč nočního kamene"
"StaticItemNames.pickaxeNames[78]","Onyx Pick","Onyxový krumpáč"
"StaticItemNames.pickaxeNames[79]","Peridot Pick","Peridotový krumpáč"
"StaticItemNames.pickaxeNames[80]","Quake Maker","Tvůrce otřesů"
"StaticItemNames.pickaxeNames[81]","Rift Pick","Trhlinový krumpáč"
"StaticItemNames.pickaxeNames[82]","Slag Breaker","Lamač strusky"
"StaticItemNames.pickaxeNames[83]","Tremor Pick","Otřesový krumpáč"
"StaticItemNames.pickaxeNames[84]","Underground King","Král podzemí"
"StaticItemNames.pickaxeNames[85]","Vortex Pick","Vírný krumpáč"
"StaticItemNames.pickaxeNames[86]","Worldbreaker Pick","Krumpáč ničitele světa"
"StaticItemNames.pickaxeNames[87]","Amber Pick","Jantarový krumpáč"
"StaticItemNames.pickaxeNames[88]","Blastmine","Výbušný důl"
"StaticItemNames.pickaxeNames[89]","Core Driller","Vrtač jádra"
"StaticItemNames.pickaxeNames[90]","Dungeon Pick","Žalářní krumpáč"
"StaticItemNames.pickaxeNames[91]","Earthen Fury","Zemská zuřivost"
"StaticItemNames.pickaxeNames[92]","Fissure","Puklina"
"StaticItemNames.pickaxeNames[93]","Gorge Carver","Rytce rokle"
"StaticItemNames.pickaxeNames[94]","Hammerstone","Kladivokámen"
"StaticItemNames.pickaxeNames[95]","Ingot Seeker","Hledač ingotů"
"StaticItemNames.pickaxeNames[96]","Jagged Edge Pick","Krumpáč zubatého ostří"
"StaticItemNames.pickaxeNames[97]","Kraken's Tooth Pick","Krumpáč Krakenova zubu"
"StaticItemNames.pickaxeNames[98]","Limestone Breaker","Lamač vápence"
"StaticItemNames.pickaxeNames[99]","Marble Crusher","Drtič mramoru"
"StaticItemNames.pickaxeNames[100]","Nether Delver","Netherový hloubař"
"StaticItemNames.pickaxeNames[101]","Ore Reaper","Žnec rudy"
"StaticItemNames.pickaxeNames[102]","Pitfall Pick","Krumpáč nástrahy"
"StaticItemNames.pickaxeNames[103]","Quartzite Breaker","Lamač křemence"
"StaticItemNames.pickaxeNames[104]","Rockslide","Sesuv skal"
"StaticItemNames.pickaxeNames[105]","Shale Splitter","Štípač břidlice"
"StaticItemNames.pickaxeNames[106]","Terra Pick","Zemský krumpáč"
"StaticItemNames.pickaxeNames[107]","Upheaval","Převrat"
"StaticItemNames.pickaxeNames[108]","Veinstrike","Žilný úder"
"StaticItemNames.pickaxeNames[109]","Whetstone Pick","Brouskový krumpáč"
"StaticItemNames.pickaxeNames[110]","Azurite Pick","Azuritový krumpáč"
"StaticItemNames.pickaxeNames[111]","Burrower","Hrabač"
"StaticItemNames.pickaxeNames[112]","Cliffbreaker","Lamač útesů"
"StaticItemNames.pickaxeNames[113]","Deep Strike","Hluboký úder"
"StaticItemNames.pickaxeNames[114]","Excavation","Výkop"
"StaticItemNames.pickaxeNames[115]","Foundation Breaker","Lamač základů"
"StaticItemNames.pickaxeNames[116]","Groundswell","Zemní vzdutí"
"StaticItemNames.pickaxeNames[117]","Hardrock","Tvrdá skála"
"StaticItemNames.pickaxeNames[118]","Impact Pick","Nárazový krumpáč"
"StaticItemNames.pickaxeNames[119]","Jadeite Pick","Jadeitový krumpáč"
"StaticItemNames.pickaxeNames[120]","Kimberlite Crack","Kimberlitová prasklina"
"StaticItemNames.pickaxeNames[121]","Lapis Seeker","Hledač lapisu"
"StaticItemNames.pickaxeNames[122]","Mineshaft King","Král šachty"
"StaticItemNames.pickaxeNames[123]","Nugget Bane","Zhoubce nugetů"
"StaticItemNames.pickaxeNames[124]","Ore Splitter","Štípač rudy"
"StaticItemNames.pickaxeNames[125]","Piston Pick","Pístový krumpáč"
"StaticItemNames.pickaxeNames[126]","Quicksilver Pick","Rtuťový krumpáč"
"StaticItemNames.pickaxeNames[127]","Ravine Carver","Rytce rokle"
"StaticItemNames.pickaxeNames[128]","Sandstone Crush","Drcení pískovce"
"StaticItemNames.pickaxeNames[129]","Talonstone","Drápkámen"
"StaticItemNames.pickaxeNames[130]","Undermine","Podkopání"
"StaticItemNames.pickaxeNames[131]","Vein Crusher","Drtič žil"
"StaticItemNames.pickaxeNames[132]","Wall Breaker","Lamač zdí"
"StaticItemNames.pickaxeNames[133]","Agate Pick","Achátový krumpáč"
"StaticItemNames.pickaxeNames[134]","Bluff Breaker","Lamač srázů"
"StaticItemNames.pickaxeNames[135]","Crag Splitter","Štípač skaliska"
"StaticItemNames.pickaxeNames[136]","Dust Devil Pick","Krumpáč prachového ďábla"
"StaticItemNames.pickaxeNames[137]","Earth Rend","Trhlina země"
"StaticItemNames.pickaxeNames[138]","Feldspar Fang","Živcový tesák"
"StaticItemNames.pickaxeNames[139]","Granite Grip","Žulový stisk"
"StaticItemNames.pickaxeNames[140]","Hollow Earth","Dutá země"
"StaticItemNames.pickaxeNames[141]","Iron Delver","Železný hloubař"
"StaticItemNames.pickaxeNames[142]","Jasper Pick","Jaspisový krumpáč"
"StaticItemNames.pickaxeNames[143]","Knapper","Štípač"
"StaticItemNames.pickaxeNames[144]","Ledge Breaker","Lamač říms"
"StaticItemNames.pickaxeNames[145]","Mesa Pick","Stolový krumpáč"
"StaticItemNames.pickaxeNames[146]","Nodule Cracker","Louskáč uzlíků"
"StaticItemNames.pickaxeNames[147]","Outcrop Breaker","Lamač výchozů"
"StaticItemNames.pickaxeNames[148]","Plateau Pick","Plošinový krumpáč"
"StaticItemNames.pickaxeNames[149]","Quake Pick","Otřesový krumpáč"
"StaticItemNames.pickaxeNames[150]","Ridge Breaker","Lamač hřebenů"
"StaticItemNames.pickaxeNames[151]","Summit Pick","Vrcholový krumpáč"
"StaticItemNames.pickaxeNames[152]","Titan's Pick","Titánův krumpáč"
"StaticItemNames.pickaxeNames[153]","Undercroft","Podkrypta"
"StaticItemNames.pickaxeNames[154]","Valley Carver","Rytce údolí"
"StaticItemNames.pickaxeNames[155]","Winding Pick","Klikatý krumpáč"
"StaticItemNames.pickaxeNames[156]","Alluvial Pick","Naplaveninový krumpáč"
"StaticItemNames.pickaxeNames[157]","Bedrock Fang","Tesák podloží"
"StaticItemNames.pickaxeNames[158]","Chalcedony Pick","Chalcedonový krumpáč"
"StaticItemNames.pickaxeNames[159]","Drift Pick","Nánosový krumpáč"
"StaticItemNames.pickaxeNames[160]","Epoch Pick","Epochální krumpáč"
"StaticItemNames.pickaxeNames[161]","Fulcrum Pick","Oporový krumpáč"
"StaticItemNames.pickaxeNames[162]","Geode Cracker","Louskáč geod"
"StaticItemNames.pickaxeNames[163]","Hematite Pick","Hematitový krumpáč"
"StaticItemNames.pickaxeNames[164]","Iridium Pick","Iridiový krumpáč"
"StaticItemNames.pickaxeNames[165]","Jet Pick","Gagátový krumpáč"
"StaticItemNames.pickaxeNames[166]","Karst Pick","Krasový krumpáč"
"StaticItemNames.pickaxeNames[167]","Lithic Strike","Kamenný úder"
"StaticItemNames.pickaxeNames[168]","Magnetite Pick","Magnetitový krumpáč"
"StaticItemNames.pickaxeNames[169]","Nickel Pick","Niklový krumpáč"
"StaticItemNames.pickaxeNames[170]","Olivine Pick","Olivínový krumpáč"
"StaticItemNames.pickaxeNames[171]","Pyrite Pick","Pyritový krumpáč"
"StaticItemNames.pickaxeNames[172]","Quarrier's Pride","Pýcha kameníka"
"StaticItemNames.pickaxeNames[173]","Rhodonite Pick","Rodonitový krumpáč"
"StaticItemNames.pickaxeNames[174]","Siltstone Pick","Prachovcový krumpáč"
"StaticItemNames.pickaxeNames[175]","Tourmaline Pick","Turmalínový krumpáč"
"StaticItemNames.pickaxeNames[176]","Umber Pick","Umbrový krumpáč"
"StaticItemNames.pickaxeNames[177]","Variscite Pick","Variscitový krumpáč"
"StaticItemNames.pickaxeNames[178]","Wulfenite Pick","Wulfenitový krumpáč"
"StaticItemNames.pickaxeNames[179]","Andalusite Pick","Andaluzitový krumpáč"
"StaticItemNames.pickaxeNames[180]","Beryl Pick","Berylový krumpáč"
"StaticItemNames.pickaxeNames[181]","Citrine Pick","Citrínový krumpáč"
"StaticItemNames.pickaxeNames[182]","Dolomite Pick","Dolomitový krumpáč"
"StaticItemNames.pickaxeNames[183]","Enstatite Pick","Enstatitový krumpáč"
"StaticItemNames.pickaxeNames[184]","Fluorite Pick","Fluoritový krumpáč"
"StaticItemNames.pickaxeNames[185]","Garnet Pick","Granátový krumpáč"
"StaticItemNames.pickaxeNames[186]","Howlite Pick","Howlitový krumpáč"
"StaticItemNames.pickaxeNames[187]","Iolite Pick","Iolitový krumpáč"
"StaticItemNames.pickaxeNames[188]","Jaspilite Pick","Jaspilitový krumpáč"
"StaticItemNames.pickaxeNames[189]","Kunzite Pick","Kunzitový krumpáč"
"StaticItemNames.pickaxeNames[190]","Lazurite Pick","Lazuritový krumpáč"
"StaticItemNames.pickaxeNames[191]","Malachite Pick","Malachitový krumpáč"
"StaticItemNames.pickaxeNames[192]","Nephrite Pick","Nefritový krumpáč"
"StaticItemNames.pickaxeNames[193]","Orthoclase Pick","Ortoklasový krumpáč"
"StaticItemNames.pickaxeNames[194]","Prehnite Pick","Prehnitový krumpáč"
"StaticItemNames.pickaxeNames[195]","Quartz Pick","Křemenný krumpáč"
"StaticItemNames.pickaxeNames[196]","Rutile Pick","Rutilový krumpáč"
"StaticItemNames.pickaxeNames[197]","Spinel Pick","Spinelový krumpáč"
"StaticItemNames.pickaxeNames[198]","Tanzanite Pick","Tanzanitový krumpáč"
"StaticItemNames.pickaxeNames[199]","Unakite Pick","Unakitový krumpáč"
"StaticItemNames.pickaxeNames[200]","Vivianite Pick","Vivianitový krumpáč"
"StaticItemNames.pickaxeNames[201]","Zircon Pick","Zirkonový krumpáč"
"StaticItemNames.pickaxeNames[202]","Stone Sovereign","Kamenný suverén"
"StaticItemNames.pickaxeNames[203]","Bore King","Král vrtu"
"StaticItemNames.pickaxeNames[204]","Crater Maker","Tvůrce kráterů"
"StaticItemNames.pickaxeNames[205]","Depth Finder","Hledač hlubin"
"StaticItemNames.pickaxeNames[206]","Earth Warden","Strážce země"
"StaticItemNames.pickaxeNames[207]","Fragment Pick","Úlomkový krumpáč"
"StaticItemNames.pickaxeNames[208]","Grotto Pick","Jeskynní krumpáč"
"StaticItemNames.pickaxeNames[209]","Hewer","Tesač"
"StaticItemNames.pickaxeNames[210]","Incline Pick","Sklonový krumpáč"
"StaticItemNames.pickaxeNames[211]","Jolt Pick","Rázový krumpáč"
"StaticItemNames.pickaxeNames[212]","Knoll Pick","Kopeckový krumpáč"
"StaticItemNames.pickaxeNames[213]","Lode Pick","Žilný krumpáč"
"StaticItemNames.pickaxeNames[214]","Moraine Pick","Morénový krumpáč"
"StaticItemNames.pickaxeNames[215]","Nadir Pick","Dnaový krumpáč"
"StaticItemNames.pickaxeNames[216]","Outcrop Pick","Výchozový krumpáč"
"StaticItemNames.pickaxeNames[217]","Pinnacle Pick","Vrcholový krumpáč"
"StaticItemNames.pickaxeNames[218]","Rubicon Pick","Rubikonový krumpáč"
"StaticItemNames.pickaxeNames[219]","Stratum Pick","Vrstevní krumpáč"
"StaticItemNames.pickaxeNames[220]","Trench Pick","Příkopový krumpáč"
"StaticItemNames.pickaxeNames[221]","Uplift Pick","Vzestupný krumpáč"
"StaticItemNames.pickaxeNames[222]","Vein Warden","Strážce žíly"
"StaticItemNames.pickaxeNames[223]","Warden of Depths","Strážce hlubin"
"StaticItemNames.pickaxeNames[224]","The Chisel","Dláto"
"StaticItemNames.pickaxeNames[225]","Brimstone Pick","Sírový krumpáč"
"StaticItemNames.pickaxeNames[226]","Cauldron Pick","Kotlový krumpáč"
"StaticItemNames.pickaxeNames[227]","Dredge Pick","Bagrovací krumpáč"
"StaticItemNames.pickaxeNames[228]","Erupt Pick","Erupční krumpáč"
"StaticItemNames.pickaxeNames[229]","Furnace Pick","Pecní krumpáč"
"StaticItemNames.pickaxeNames[230]","Geyser Pick","Gejzírný krumpáč"
"StaticItemNames.pickaxeNames[231]","Hellforge Pick","Pekelný kovářský krumpáč"
"StaticItemNames.pickaxeNames[232]","Igneous Pick","Magmatický krumpáč"
"StaticItemNames.pickaxeNames[233]","Jaw Pick","Čelistní krumpáč"
"StaticItemNames.pickaxeNames[234]","Kiln Pick","Pecní krumpáč"
"StaticItemNames.pickaxeNames[235]","Lahar Pick","Laharový krumpáč"
"StaticItemNames.pickaxeNames[236]","Mantle Pick","Plášťový krumpáč"
"StaticItemNames.pickaxeNames[237]","Nexus Pick","Spojový krumpáč"
"StaticItemNames.pickaxeNames[238]","Ore Warden","Strážce rudy"
"StaticItemNames.pickaxeNames[239]","Pumice Pick","Pemzitový krumpáč"
"StaticItemNames.pickaxeNames[240]","Quickmine","Rychlý důl"
"StaticItemNames.pickaxeNames[241]","Rift Breaker","Lamač trhliny"
"StaticItemNames.pickaxeNames[242]","Smelter's Pick","Tavičův krumpáč"
"StaticItemNames.pickaxeNames[243]","Thermal Pick","Tepelný krumpáč"
"StaticItemNames.pickaxeNames[244]","Underdeep","Podhlubí"
"StaticItemNames.pickaxeNames[245]","Vent Pick","Ventilační krumpáč"
"StaticItemNames.pickaxeNames[246]","Wellspring Pick","Pramenný krumpáč"
"StaticItemNames.pickaxeNames[247]","Aftershock Pick","Odtokový otřesný krumpáč"
"StaticItemNames.pickaxeNames[248]","Barrow Pick","Mohylový krumpáč"
"StaticItemNames.pickaxeNames[249]","Cairn Pick","Kamenný mohylový krumpáč"
"StaticItemNames.pickaxeNames[250]","Delve Pick","Hloubkový krumpáč"
"StaticItemNames.pickaxeNames[251]","Escarpment Pick","Srázový krumpáč"
"StaticItemNames.pickaxeNames[252]","Fjord Pick","Fjordový krumpáč"
"StaticItemNames.pickaxeNames[253]","Gneiss Pick","Gnajsový krumpáč"
"StaticItemNames.pickaxeNames[254]","Heath Pick","Vřesový krumpáč"
"StaticItemNames.pickaxeNames[255]","Isthmus Pick","Úžinový krumpáč"
"StaticItemNames.pickaxeNames[256]","Jetstone","Černý kámen"
"StaticItemNames.pickaxeNames[257]","Knack Pick","Zručný krumpáč"
"StaticItemNames.pickaxeNames[258]","Landslide","Sesuv"
"StaticItemNames.pickaxeNames[259]","Monolith Pick","Monolitový krumpáč"
"StaticItemNames.pickaxeNames[260]","Nunatak Pick","Nunatakový krumpáč"
"StaticItemNames.pickaxeNames[261]","Ore Lord","Pán rudy"
"StaticItemNames.pickaxeNames[262]","Prospect Pick","Prospekční krumpáč"
"StaticItemNames.pickaxeNames[263]","Quagmire Pick","Bažinatý krumpáč"
"StaticItemNames.pickaxeNames[264]","Reef Pick","Útesový krumpáč"
"StaticItemNames.pickaxeNames[265]","Steppe Pick","Stepní krumpáč"
"StaticItemNames.pickaxeNames[266]","Tor Pick","Torový krumpáč"
"StaticItemNames.pickaxeNames[267]","Undercut Pick","Podříznutý krumpáč"
"StaticItemNames.pickaxeNames[268]","Veld Pick","Veldový krumpáč"
"StaticItemNames.pickaxeNames[269]","Wash Pick","Prací krumpáč"
"StaticItemNames.pickaxeNames[270]","Arroyo Pick","Bystrý krumpáč"
"StaticItemNames.pickaxeNames[271]","Butte Pick","Butte krumpáč"
"StaticItemNames.pickaxeNames[272]","Crevasse Pick","Prasklý krumpáč"
"StaticItemNames.pickaxeNames[273]","Dell Pick","Depresní krumpáč"
"StaticItemNames.pickaxeNames[274]","Esker Pick","Eskerový krumpáč"
"StaticItemNames.pickaxeNames[275]","Flume Pick","Žlabový krumpáč"
"StaticItemNames.pickaxeNames[276]","Gulch Pick","Údolní krumpáč"
"StaticItemNames.pickaxeNames[277]","Hillock Pick","Kopečný krumpáč"
"StaticItemNames.pickaxeNames[278]","Inlet Pick","Příchozí krumpáč"
"StaticItemNames.pickaxeNames[279]","Klondike Pick","Klondický krumpáč"
"StaticItemNames.pickaxeNames[280]","Levee Pick","Hrázový krumpáč"
"StaticItemNames.pickaxeNames[281]","Mound Pick","Kopecký krumpáč"
"StaticItemNames.pickaxeNames[282]","Notch Pick","Vybrání krumpáč"
"StaticItemNames.pickaxeNames[283]","Oxbow Pick","Meandrový krumpáč"
"StaticItemNames.pickaxeNames[284]","Pass Pick","Průsmykový krumpáč"
"StaticItemNames.pickaxeNames[285]","Ravine Pick","Rovinný krumpáč"
"StaticItemNames.pickaxeNames[286]","Scarp Pick","Příkrajový krumpáč"
"StaticItemNames.pickaxeNames[287]","Talus Pick","Sutinový krumpáč"
"StaticItemNames.pickaxeNames[288]","Upland Pick","Vyšinný krumpáč"
"StaticItemNames.pickaxeNames[289]","Vale Pick","Údolní krumpáč"
"StaticItemNames.pickaxeNames[290]","Wold Pick","Woldový krumpáč"
"StaticItemNames.pickaxeNames[291]","Earth Fang","Zemní tesák"
"StaticItemNames.pickaxeNames[292]","Stone Fang","Kamenný tesák"
"StaticItemNames.pickaxeNames[293]","Rock Fang","Skalní tesák"
"StaticItemNames.pickaxeNames[294]","Ore Fang","Žilový tesák"
"StaticItemNames.pickaxeNames[295]","Mine Fang","Důlný tesák"
"StaticItemNames.pickaxeNames[296]","Dig Fang","Loupící tesák"
"StaticItemNames.pickaxeNames[297]","Deep Fang","Hluboký tesák"
"StaticItemNames.pickaxeNames[298]","Core Fang","Jádrový tesák"
"StaticItemNames.pickaxeNames[299]","Cave Fang","Jeskynní tesák"
"StaticItemNames.pickaxeNames[300]","Crust Fang","Kůrový tesák"
"StaticItemNames.pickaxeNames[301]","Slab Breaker","Deskový lámavec"
"StaticItemNames.pickaxeNames[302]","Shaft Sinker","Šachtový propadák"
"StaticItemNames.pickaxeNames[303]","Ledger Pick","Účetní krumpáč"
"StaticItemNames.pickaxeNames[304]","Grubstake","Důlní záloha"
"StaticItemNames.pickaxeNames[305]","Claim Jumper","Námitkový přeběhlík"
"StaticItemNames.pickaxeNames[306]","Mother Lode","Mateřská žíla"
"StaticItemNames.pickaxeNames[307]","Pay Dirt","Plodná půda"
"StaticItemNames.pickaxeNames[308]","Bonanza Pick","Bonanzový krumpáč"
"StaticItemNames.pickaxeNames[309]","Eldorado Pick","Eldorské zlato"
"StaticItemNames.pickaxeNames[310]","Treasure Pick","Pokladový krumpáč"
"StaticItemNames.pickaxeNames[311]","Hoard Pick","Kořistný krumpáč"
"StaticItemNames.pickaxeNames[312]","Cache Pick","Skrytý skladiště"
"StaticItemNames.pickaxeNames[313]","Stash Pick","Schovný krumpáč"
"StaticItemNames.pickaxeNames[314]","Trove Pick","Nálezový krumpáč"
"StaticItemNames.pickaxeNames[315]","Bounty Pick","Odměnový krumpáč"
"StaticItemNames.pickaxeNames[316]","Fortune Pick","Štěstí krumpáč"
"StaticItemNames.pickaxeNames[317]","Jackpot Pick","Šťastný tiket"
"StaticItemNames.pickaxeNames[318]","Windfall Pick","Náhodný nález krumpáč"
"StaticItemNames.pickaxeNames[319]","Lucky Strike","Šťastný úder"
"StaticItemNames.pickaxeNames[320]","Rich Vein","Bohatá žíla"
"StaticItemNames.pickaxeNames[321]","Deep Vein","Hluboká žíla"
"StaticItemNames.pickaxeNames[322]","Lost Vein","Ztracená žíla"
"StaticItemNames.pickaxeNames[323]","Hidden Vein","Skrytá žíla"
"StaticItemNames.pickaxeNames[324]","Secret Vein","Tajná žíla"
"StaticItemNames.pickaxeNames[325]","Dark Vein","Temná žíla"
"StaticItemNames.pickaxeNames[326]","Iron Vein Pick","Železná žílová krumpáč"
"StaticItemNames.pickaxeNames[327]","Gold Vein Pick","Zlatá žílová krumpáč"
"StaticItemNames.pickaxeNames[328]","Silver Vein Pick","Stříbrná žílová krumpáč"
"StaticItemNames.pickaxeNames[329]","Copper Vein Pick","Měděná žílová krumpáč"
"StaticItemNames.pickaxeNames[330]","Tin Vein Pick","Cínová žílová krumpáč"
"StaticItemNames.pickaxeNames[331]","Lead Vein Pick","Olovožílový krumpáč"
"StaticItemNames.pickaxeNames[332]","Miner's Oath","Přísaha těžaře"
"StaticItemNames.pickaxeNames[333]","Miner's Pride","Pýcha těžaře"
"StaticItemNames.pickaxeNames[334]","Miner's Dream","Sen těžaře"
"StaticItemNames.pickaxeNames[335]","Miner's Wrath","Hněv těžaře"
"StaticItemNames.pickaxeNames[336]","Miner's Fury","Zuřivost těžaře"
"StaticItemNames.pickaxeNames[337]","Miner's Bane","Zkáza těžaře"
"StaticItemNames.pickaxeNames[338]","Miner's Hope","Naděje těžaře"
"StaticItemNames.pickaxeNames[339]","Miner's Ruin","Pohroma těžaře"
"StaticItemNames.pickaxeNames[340]","Miner's Curse","Prokletí těžaře"
"StaticItemNames.pickaxeNames[341]","Miner's Doom","Zkáza těžaře"
"StaticItemNames.pickaxeNames[342]","Digger's Delight","Potěšení důlníka"
"StaticItemNames.pickaxeNames[343]","Digger's Wrath","Hněv důlníka"
"StaticItemNames.pickaxeNames[344]","Digger's Pride","Pýcha důlníka"
"StaticItemNames.pickaxeNames[345]","Digger's Fury","Zuřivost důlníka"
"StaticItemNames.pickaxeNames[346]","Digger's Bane","Zkáza důlníka"
"StaticItemNames.pickaxeNames[347]","Stone Warden","Strážce kamene"
"StaticItemNames.pickaxeNames[348]","Earth Wrath","Zemská zuřivost"
"StaticItemNames.pickaxeNames[349]","Rock Warden","Strážce skály"
"StaticItemNames.pickaxeNames[350]","Core Warden","Strážce jádra"
"StaticItemNames.pickaxeNames[351]","Deep Warden","Strážce hlubin"
"StaticItemNames.pickaxeNames[352]","Shaft Warden","Strážce šachty"
"StaticItemNames.pickaxeNames[353]","Mine Warden","Strážce dolu"
"StaticItemNames.pickaxeNames[354]","Ore Strike","Žílový úder"
"StaticItemNames.pickaxeNames[355]","Earth Strike","Zemský úder"
"StaticItemNames.pickaxeNames[356]","Stone Strike","Kamenný úder"
"StaticItemNames.pickaxeNames[357]","Rock Strike","Skalní úder"
"StaticItemNames.pickaxeNames[358]","Core Strike","Jádrový úder"
"StaticItemNames.pickaxeNames[359]","Deep Strike Pick","Hluboký úderný krumpáč"
"StaticItemNames.pickaxeNames[360]","Shaft Strike","Šachtový úder"
"StaticItemNames.pickaxeNames[361]","Mine Strike","Důlní úder"
"StaticItemNames.pickaxeNames[362]","Vein Strike","Žílový úder"
"StaticItemNames.pickaxeNames[363]","Gem Strike","Drahokamový úder"
"StaticItemNames.pickaxeNames[364]","Crystal Strike","Krystalový úder"
"StaticItemNames.pickaxeNames[365]","Mineral Strike","Minerální úder"
"StaticItemNames.pickaxeNames[366]","Metal Strike","Kovový úder"
"StaticItemNames.pickaxeNames[367]","Iron Strike","Železný úder"
"StaticItemNames.pickaxeNames[368]","Gold Strike","Zlatý úder"
"StaticItemNames.pickaxeNames[369]","Silver Strike","Stříbrný úder"
"StaticItemNames.pickaxeNames[370]","Copper Strike","Měděný úder"
"StaticItemNames.pickaxeNames[371]","Earth Render","Zemní ničitel"
"StaticItemNames.pickaxeNames[372]","Stone Render","Kamenný ničitel"
"StaticItemNames.pickaxeNames[373]","Rock Render","Skalní ničitel"
"StaticItemNames.pickaxeNames[374]","Core Render","Jádrový ničitel"
"StaticItemNames.pickaxeNames[375]","Deep Render","Hloubkový ničitel"
"StaticItemNames.pickaxeNames[376]","Shaft Render","Šachtový ničitel"
"StaticItemNames.pickaxeNames[377]","Mine Render","Důlní ničitel"
"StaticItemNames.pickaxeNames[378]","Vein Render","Žilový ničitel"
"StaticItemNames.pickaxeNames[379]","Gem Render","Drahokamový ničitel"
"StaticItemNames.pickaxeNames[380]","Crystal Render","Krystalový ničitel"
"StaticItemNames.pickaxeNames[381]","Abyssal Excavator","Abysální vykopávač"
"StaticItemNames.pickaxeNames[382]","Titan Delver","Titánský hloubař"
"StaticItemNames.pickaxeNames[383]","Forge Breaker","Kovárenský lámavec"
"StaticItemNames.pickaxeNames[384]","Cavern King","Král jeskyní"
"StaticItemNames.pickaxeNames[385]","Tunnel Lord","Pán tunelů"
"StaticItemNames.pickaxeNames[386]","Rift Carver","Rytce štěrbiny"
"StaticItemNames.pickaxeNames[387]","Stone Lord","Pán kamene"
"StaticItemNames.pickaxeNames[388]","Earth Lord","Pán země"
"StaticItemNames.pickaxeNames[389]","Rock Lord","Pán skály"
"StaticItemNames.pickaxeNames[390]","Deep Lord","Pán hlubin"
"StaticItemNames.pickaxeNames[391]","Mine Lord","Pán dolu"
"StaticItemNames.pickaxeNames[392]","Ore King","Král rudy"
"StaticItemNames.pickaxeNames[393]","Crystal King","Král krystalů"
"StaticItemNames.pickaxeNames[394]","Gem King","Král drahokamů"
"StaticItemNames.pickaxeNames[395]","Mineral King","Král minerálů"
"StaticItemNames.pickaxeNames[396]","Metal King","Král kovů"
"StaticItemNames.pickaxeNames[397]","Iron King","Král železa"
"StaticItemNames.pickaxeNames[398]","Gold King","Král zlata"
"StaticItemNames.pickaxeNames[399]","Vein King","Král žil"
"StaticItemNames.pickaxeNames[400]","Stone King","Král kamene"
"StaticItemNames.pickaxeNames[401]","Depth King","Král hlubin"
"StaticItemNames.pickaxeNames[402]","Earth King","Král země"
"StaticItemNames.pickaxeNames[403]","Rock King","Král skály"
"StaticItemNames.pickaxeNames[404]","Core King","Král jádra"
"StaticItemNames.pickaxeNames[405]","Shaft King","Král šachty"
"StaticItemNames.pickaxeNames[406]","The Groundbreaker","Zemní lámavec"
"StaticItemNames.pickaxeNames[407]","The Stonebreaker","Kamenný lámavec"
"StaticItemNames.pickaxeNames[408]","The Earthbreaker","Lamač země"
"StaticItemNames.pickaxeNames[409]","The Rockbreaker","Skalní lámavec"
"StaticItemNames.pickaxeNames[410]","The Corebreaker","Rozbíječ jádra"
"StaticItemNames.pickaxeNames[411]","The Depthbreaker","Rozbíječ hloubky"
"StaticItemNames.pickaxeNames[412]","The Shaftbreaker","Rozbíječ šachty"
"StaticItemNames.pickaxeNames[413]","The Minebreaker","Rozbíječ dolu"
"StaticItemNames.pickaxeNames[414]","The Orebreaker","Rozbíječ rudy"
"StaticItemNames.pickaxeNames[415]","The Veinbreaker","Rozbíječ žíly"
"StaticItemNames.pickaxeNames[416]","The Gembreaker","Rozbíječ drahokamů"
"StaticItemNames.pickaxeNames[417]","The Crystalbreaker","Rozbíječ krystalů"
"StaticItemNames.pickaxeNames[418]","Anvil Pick","Kovadlový krumpáč"
"StaticItemNames.pickaxeNames[419]","Sledge Pick","Mlatový krumpáč"
"StaticItemNames.pickaxeNames[420]","Hammer Pick","Kladivový krumpáč"
"StaticItemNames.pickaxeNames[421]","Maul Pick","Bicí krumpáč"
"StaticItemNames.pickaxeNames[422]","Rammer Pick","Rázový krumpáč"
"StaticItemNames.pickaxeNames[423]","Crusher Pick","Drcící krumpáč"
"StaticItemNames.pickaxeNames[424]","Smasher Pick","Mlátící krumpáč"
"StaticItemNames.pickaxeNames[425]","Breaker Pick","Rozbíjecí krumpáč"
"StaticItemNames.pickaxeNames[426]","Splitter Pick","Štěpící krumpáč"
"StaticItemNames.pickaxeNames[427]","Cracker Pick","Praskací krumpáč"
"StaticItemNames.pickaxeNames[428]","Grinder Pick","Broucí krumpáč"
"StaticItemNames.pickaxeNames[429]","Pulverizer","Rozmělňovač"
"StaticItemNames.pickaxeNames[430]","Demolisher Pick","Ničivý krumpáč"
"StaticItemNames.pickaxeNames[431]","Wrecker Pick","Zničený krumpáč"
"StaticItemNames.pickaxeNames[432]","Buster Pick","Trhací krumpáč"
"StaticItemNames.pickaxeNames[433]","Shatterer Pick","Rozbíjející krumpáč"
"StaticItemNames.pickaxeNames[434]","Ripper Pick","Trhací krumpáč"
"StaticItemNames.pickaxeNames[435]","Render Pick","Roztrhávací krumpáč"
"StaticItemNames.pickaxeNames[436]","Cleaver Pick","Sekací krumpáč"
"StaticItemNames.pickaxeNames[437]","Carver Pick","Řezačský krumpáč"
"StaticItemNames.pickaxeNames[438]","Chisel Pick","Dlátařský krumpáč"
"StaticItemNames.pickaxeNames[439]","Gouge Pick","Vydlabávací krumpáč"
"StaticItemNames.pickaxeNames[440]","Scraper Pick","Škrabací krumpáč"
"StaticItemNames.pickaxeNames[441]","Piercer Pick","Průrazný krumpáč"
"StaticItemNames.pickaxeNames[442]","Prong Pick","Hrotový krumpáč"
"StaticItemNames.pickaxeNames[443]","Spike Pick","Hrotový krumpáč"
"StaticItemNames.pickaxeNames[444]","Fang Pick","Tesákový krumpáč"
"StaticItemNames.pickaxeNames[445]","Talon Pick","Drápkový krumpáč"
"StaticItemNames.pickaxeNames[446]","Claw Pick","Drápový krumpáč"
"StaticItemNames.pickaxeNames[447]","Horn Pick","Rohový krumpáč"
"StaticItemNames.pickaxeNames[448]","Tusk Pick","Klový krumpáč"
"StaticItemNames.pickaxeNames[449]","Barb Pick","Ostnitý krumpáč"
"StaticItemNames.pickaxeNames[450]","Thorn Pick","Trnový krumpáč"
"StaticItemNames.pickaxeNames[451]","Spur Pick","Podrážkový krumpáč"
"StaticItemNames.pickaxeNames[452]","Quill Pick","Brkový krumpáč"
"StaticItemNames.pickaxeNames[453]","Needle Pick","Jehlový krumpáč"
"StaticItemNames.pickaxeNames[454]","Awl Pick","Šídlový krumpáč"
"StaticItemNames.pickaxeNames[455]","Dart Pick","Šipkový krumpáč"
"StaticItemNames.pickaxeNames[456]","Point Pick","Špičatý krumpáč"
"StaticItemNames.pickaxeNames[457]","Tip Pick","Hrotový krumpáč"
"StaticItemNames.pickaxeNames[458]","Apex Pick","Vrcholový krumpáč"
"StaticItemNames.pickaxeNames[459]","Peak Pick","Vrcholový krumpáč"
"StaticItemNames.pickaxeNames[460]","Zenith Pick","Vrcholný krumpáč"
"StaticItemNames.pickaxeNames[461]","Crest Pick","Hřebenový krumpáč"
"StaticItemNames.pickaxeNames[462]","Crown Pick","Korunní krumpáč"
"StaticItemNames.pickaxeNames[463]","Ridge Pick","Hřbetový krumpáč"
"StaticItemNames.pickaxeNames[464]","Abyss Pick","Propastný krumpáč"
"StaticItemNames.pickaxeNames[465]","Chasm Pick","Roklinový krumpáč"
"StaticItemNames.pickaxeNames[466]","Gorge Pick","Roklinový krumpáč"
"StaticItemNames.pickaxeNames[467]","Pit Pick","Jámový krumpáč"
"StaticItemNames.pickaxeNames[468]","Hollow Pick","Dutý krumpáč"
"StaticItemNames.pickaxeNames[469]","Crater Pick","Kráterový krumpáč"
"StaticItemNames.pickaxeNames[470]","Basin Pick","Pánvový krumpáč"
"StaticItemNames.pickaxeNames[471]","Trough Pick","Korytový krumpáč"
"StaticItemNames.pickaxeNames[472]","Channel Pick","Kanálový krumpáč"
"StaticItemNames.pickaxeNames[473]","Furrow Pick","Brázdový krumpáč"
"StaticItemNames.pickaxeNames[474]","Groove Pick","Drážkový krumpáč"
"StaticItemNames.pickaxeNames[475]","Trench Digger","Příkopový kopáč"
"StaticItemNames.pickaxeNames[476]","Tunnel Borer","Tunelový vrtač"
"StaticItemNames.pickaxeNames[477]","Shaft Digger","Šachtový kopáč"
"StaticItemNames.pickaxeNames[478]","Gallery Pick","Chodbový krumpáč"
"StaticItemNames.pickaxeNames[479]","Drift Digger","Průkopný kopáč"
"StaticItemNames.pickaxeNames[480]","Crosscut Pick","Příčný krumpáč"
"StaticItemNames.pickaxeNames[481]","Stope Pick","Stopový krumpáč"
"StaticItemNames.pickaxeNames[482]","Winze Pick","Svislý šachtový krumpáč"
"StaticItemNames.pickaxeNames[483]","Raise Pick","Výrazný krumpáč"
"StaticItemNames.pickaxeNames[484]","Adit Pick","Aditový krumpáč"
"StaticItemNames.pickaxeNames[485]","Sump Pick","Sumpový krumpáč"
"StaticItemNames.pickaxeNames[486]","Level Pick","Úrovňový krumpáč"
"StaticItemNames.pickaxeNames[487]","Bench Pick","Lavový krumpáč"
"StaticItemNames.pickaxeNames[488]","Face Pick","Čelní krumpáč"
"StaticItemNames.pickaxeNames[489]","Heading Pick","Čelní krumpáč"
"StaticItemNames.pickaxeNames[490]","Pillar Pick","Sloupový krumpáč"
"StaticItemNames.pickaxeNames[491]","Rib Pick","Žebrový krumpáč"
"StaticItemNames.pickaxeNames[492]","Floor Pick","Podlahový krumpáč"
"StaticItemNames.pickaxeNames[493]","Roof Pick","Stropní krumpáč"
"StaticItemNames.pickaxeNames[494]","Wall Pick","Stěnový krumpáč"
"StaticItemNames.pickaxeNames[495]","Seam Pick","Žilový krumpáč"
"StaticItemNames.pickaxeNames[496]","Lode Finder","Hledač ložiska"
"StaticItemNames.pickaxeNames[497]","Vein Finder","Hledač žil"
"StaticItemNames.pickaxeNames[498]","Strike Pick","Úderný krumpáč"
"StaticItemNames.pickaxeNames[499]","Bonanza Finder","Hledač bohatství"
"StaticItemNames.shearsNames[0]","Snipper","Řezač"
"StaticItemNames.shearsNames[1]","Wool Reaver","Vlnařezec"
"StaticItemNames.shearsNames[2]","The Trimmer","Ořezávač"
"StaticItemNames.shearsNames[3]","Silk Cutter","Hedvábný stříhač"
"StaticItemNames.shearsNames[4]","Threadbare","Ošoupané vlákno"
"StaticItemNames.shearsNames[5]","Fleeceripper","Rounový trhač"
"StaticItemNames.shearsNames[6]","Shearstrike","Úder nůžek"
"StaticItemNames.shearsNames[7]","Clipclaw","Klipový dráp"
"StaticItemNames.shearsNames[8]","Snipfang","Řezný tesák"
"StaticItemNames.shearsNames[9]","Wool Rend","Rozervání vlny"
"StaticItemNames.shearsNames[10]","The Barber","Holič"
"StaticItemNames.shearsNames[11]","Silksplitter","Hedvábný štěpák"
"StaticItemNames.shearsNames[12]","Threadcutter","Vlákový stříhač"
"StaticItemNames.shearsNames[13]","Fleecemaw","Rounová čelist"
"StaticItemNames.shearsNames[14]","Shear Force","Síla nůžek"
"StaticItemNames.shearsNames[15]","Clip Render","Klipový rozpad"
"StaticItemNames.shearsNames[16]","Sniprender","Řezný rozpad"
"StaticItemNames.shearsNames[17]","Wool Fury","Vlnný hněv"
"StaticItemNames.shearsNames[18]","Silk Render","Hedvábný rozpad"
"StaticItemNames.shearsNames[19]","Thread Reaver","Vlákový dravec"
"StaticItemNames.shearsNames[20]","Fleecefury","Rounový hněv"
"StaticItemNames.shearsNames[21]","Shearkeeper","Strážce nůžek"
"StaticItemNames.shearsNames[22]","Clipfury","Klipový hněv"
"StaticItemNames.shearsNames[23]","Snipkeeper","Strážce řezu"
"StaticItemNames.shearsNames[24]","Wool Keeper","Strážce vlny"
"StaticItemNames.shearsNames[25]","The Shearer","Stříhač"
"StaticItemNames.shearsNames[26]","Silkfury","Hedvábný hněv"
"StaticItemNames.shearsNames[27]","Threadfury","Vlákový hněv"
"StaticItemNames.shearsNames[28]","Fleecerender","Rounový roztrháč"
"StaticItemNames.shearsNames[29]","Shear Warden","Strážce nůžek"
"StaticItemNames.shearsNames[30]","Clipstrike","Klipový úder"
"StaticItemNames.shearsNames[31]","Snipstrike","Řezný úder"
"StaticItemNames.shearsNames[32]","Woolcleave","Vlnný zářez"
"StaticItemNames.shearsNames[33]","Silk Fang","Hedvábný tesák"
"StaticItemNames.shearsNames[34]","Thread Maw","Vláková čelist"
"StaticItemNames.shearsNames[35]","Fleecestrike","Rounový úder"
"StaticItemNames.shearsNames[36]","Shearfang","Nůžkový tesák"
"StaticItemNames.shearsNames[37]","Clipkeeper","Klipový strážce"
"StaticItemNames.shearsNames[38]","Snipfury","Řezný hněv"
"StaticItemNames.shearsNames[39]","Wool Marshal","Vlnářský maršál"
"StaticItemNames.shearsNames[40]","Silk Strike","Hedvábný úder"
"StaticItemNames.shearsNames[41]","Thread Strike","Vlákový úder"
"StaticItemNames.shearsNames[42]","Fleecekeeper","Strážce rouna"
"StaticItemNames.shearsNames[43]","Shear Maw","Čelist nůžek"
"StaticItemNames.shearsNames[44]","Cliprender","Klipový roztrhač"
"StaticItemNames.shearsNames[45]","Snip Sovereign","Řezný suverén"
"StaticItemNames.shearsNames[46]","Wool Maw","Vlnová čelist"
"StaticItemNames.shearsNames[47]","Silk Keeper","Strážce hedvábí"
"StaticItemNames.shearsNames[48]","Thread Keeper","Strážce vláken"
"StaticItemNames.shearsNames[49]","Fleececleave","Rounový zářez"
"StaticItemNames.shearsNames[50]","Shear Render","Roztrhávání nůžek"
"StaticItemNames.shearsNames[51]","Clipmaw","Klipová čelist"
"StaticItemNames.shearsNames[52]","Snipmaw","Řezná čelist"
"StaticItemNames.shearsNames[53]","Wool Render","Vlnový roztrhač"
"StaticItemNames.shearsNames[54]","Silk Cleave","Hedvábný zářez"
"StaticItemNames.shearsNames[55]","Thread Render","Vlákový roztrhač"
"StaticItemNames.shearsNames[56]","Fleecemarshal","Rounový maršál"
"StaticItemNames.shearsNames[57]","Shear Sovereign","Suverén nůžek"
"StaticItemNames.shearsNames[58]","Clipsovereign","Klipový suverén"
"StaticItemNames.shearsNames[59]","Snipwarden","Strážce řezu"
"StaticItemNames.shearsNames[60]","Wool Sovereign","Suverén vlny"
"StaticItemNames.shearsNames[61]","Silk Sovereign","Suverén hedvábí"
"StaticItemNames.shearsNames[62]","Thread Sovereign","Suverén vláken"
"StaticItemNames.shearsNames[63]","Fleecesovereign","Suverén rouna"
"StaticItemNames.shearsNames[64]","Shearcleave","Nůžkový zářez"
"StaticItemNames.shearsNames[65]","Clipwarden","Klipový strážce"
"StaticItemNames.shearsNames[66]","Snipcleave","Řezný zářez"
"StaticItemNames.shearsNames[67]","Wool Forge","Vlnárna"
"StaticItemNames.shearsNames[68]","Silk Warden","Strážce hedvábí"
"StaticItemNames.shearsNames[69]","Thread Warden","Strážce vláken"
"StaticItemNames.shearsNames[70]","Fleecewarden","Strážce rouna"
"StaticItemNames.shearsNames[71]","Shear Strike","Úder nůžek"
"StaticItemNames.shearsNames[72]","Clipcleave","Klipový zářez"
"StaticItemNames.shearsNames[73]","Snipforge","Řezná kovárna"
"StaticItemNames.shearsNames[74]","Wool Blade","Vlná čepel"
"StaticItemNames.shearsNames[75]","Silk Marshal","Hedvábný maršál"
"StaticItemNames.shearsNames[76]","Thread Marshal","Vlákový maršál"
"StaticItemNames.shearsNames[77]","Fleecefang","Rounový tesák"
"StaticItemNames.shearsNames[78]","Shear Forge","Kovárna nůžek"
"StaticItemNames.shearsNames[79]","Clipforge","Klipová kovárna"
"StaticItemNames.shearsNames[80]","Snipmarshal","Řezný maršál"
"StaticItemNames.shearsNames[81]","Wool Song","Píseň vlny"
"StaticItemNames.shearsNames[82]","Silk Song","Píseň hedvábí"
"StaticItemNames.shearsNames[83]","Thread Song","Píseň vláken"
"StaticItemNames.shearsNames[84]","Fleecesong","Píseň rouna"
"StaticItemNames.shearsNames[85]","Shearsong","Píseň nůžek"
"StaticItemNames.shearsNames[86]","Clipsong","Píseň klipu"
"StaticItemNames.shearsNames[87]","Snipsong","Řezná píseň"
"StaticItemNames.shearsNames[88]","Crimson Shears","Karmínové nůžky"
"StaticItemNames.shearsNames[89]","Azure Clip","Azurový klip"
"StaticItemNames.shearsNames[90]","Golden Snip","Zlatý řez"
"StaticItemNames.shearsNames[91]","Silver Shear","Stříbrné nůžky"
"StaticItemNames.shearsNames[92]","Obsidian Trim","Obsidiánová úprava"
"StaticItemNames.shearsNames[93]","Emerald Clip","Smaragdový klip"
"StaticItemNames.shearsNames[94]","Ruby Shears","Rubínové nůžky"
"StaticItemNames.shearsNames[95]","Sapphire Snip","Safírový řez"
"StaticItemNames.shearsNames[96]","Diamond Cut","Diamantový řez"
"StaticItemNames.shearsNames[97]","Amethyst Trim","Ametystová úprava"
"StaticItemNames.shearsNames[98]","Topaz Shears","Topazové nůžky"
"StaticItemNames.shearsNames[99]","Jade Clip","Jadeitový klip"
"StaticItemNames.shearsNames[100]","Opal Snip","Opálový řez"
"StaticItemNames.shearsNames[101]","Pearl Trim","Perlová úprava"
"StaticItemNames.shearsNames[102]","Onyx Shears","Onyxové nůžky"
"StaticItemNames.shearsNames[103]","Garnet Clip","Granátový klip"
"StaticItemNames.shearsNames[104]","Quartz Shear","Křemencové nůžky"
"StaticItemNames.shearsNames[105]","Ivory Snip","Slonovinový řez"
"StaticItemNames.shearsNames[106]","Ebony Trim","Ebenová úprava"
"StaticItemNames.shearsNames[107]","Coral Clip","Korálový klip"
"StaticItemNames.shearsNames[108]","Amber Shears","Jantarové nůžky"
"StaticItemNames.shearsNames[109]","Moonstone Trim","Měsíční ozdoba"
"StaticItemNames.shearsNames[110]","Sunstone Clip","Sunstone  Klip"
"StaticItemNames.shearsNames[111]","Starstone Shears","Starstone  Nůžky"
"StaticItemNames.shearsNames[112]","Bloodstone Snip","Bloodstone  Střih"
"StaticItemNames.shearsNames[113]","Shadowstone Trim","Shadowstone  Úprava"
"StaticItemNames.shearsNames[114]","Flamestone Clip","Flamestone  Klip"
"StaticItemNames.shearsNames[115]","Froststone Shears","Froststone  Nůžky"
"StaticItemNames.shearsNames[116]","Stormstone Snip","Stormstone  Střih"
"StaticItemNames.shearsNames[117]","Thornstone Trim","Thornstone  Úprava"
"StaticItemNames.shearsNames[118]","Voidstone Clip","Voidstone  Klip"
"StaticItemNames.shearsNames[119]","Ironclip","Železný Klip"
"StaticItemNames.shearsNames[120]","Steelsnip","Ocelový Střih"
"StaticItemNames.shearsNames[121]","Bronzeshear","Bronzový Nůžky"
"StaticItemNames.shearsNames[122]","Copperclip","Měděný Klip"
"StaticItemNames.shearsNames[123]","Tinsnip","Cínový Střih"
"StaticItemNames.shearsNames[124]","Mythrilshear","Mýtřilový Nůžky"
"StaticItemNames.shearsNames[125]","Adamantclip","Adamantinový Klip"
"StaticItemNames.shearsNames[126]","Titaniumsnip","Titanový Střih"
"StaticItemNames.shearsNames[127]","Cobaltshear","Kobaltový Nůžky"
"StaticItemNames.shearsNames[128]","Chromeclip","Chromový Klip"
"StaticItemNames.shearsNames[129]","Platinumsnip","Platinový Střih"
"StaticItemNames.shearsNames[130]","Electrumshear","Elektrumový Nůžky"
"StaticItemNames.shearsNames[131]","Oricalcumclip","Orikálový Klip"
"StaticItemNames.shearsNames[132]","Darksteelsnip","Temná ocel Střih"
"StaticItemNames.shearsNames[133]","Brightironshear","Zářivý železný Nůžky"
"StaticItemNames.shearsNames[134]","The Tailor","Krejčí"
"StaticItemNames.shearsNames[135]","Seamripper","Ševový trhač"
"StaticItemNames.shearsNames[136]","Fabricrender","Látkový továrník"
"StaticItemNames.shearsNames[137]","Cloth Cutter","Látkový stříhač"
"StaticItemNames.shearsNames[138]","Linen Shears","Linen  Nůžky"
"StaticItemNames.shearsNames[139]","Cotton Clip","Cotton  Klip"
"StaticItemNames.shearsNames[140]","Hemp Snip","Hemp  Střih"
"StaticItemNames.shearsNames[141]","Velvet Trim","Velvet  Úprava"
"StaticItemNames.shearsNames[142]","Satin Shears","Satin  Nůžky"
"StaticItemNames.shearsNames[143]","Damask Cutter","Damask  Stříhač"
"StaticItemNames.shearsNames[144]","Tweed Trimmer","Tweed  Úprava"
"StaticItemNames.shearsNames[145]","Felt Fury","Plstěná zuřivost"
"StaticItemNames.shearsNames[146]","Denim Render","Denim  Továrník"
"StaticItemNames.shearsNames[147]","Muslin Maw","Muslin  Čelisti"
"StaticItemNames.shearsNames[148]","Canvas Cutter","Canvas  Stříhač"
"StaticItemNames.shearsNames[149]","Burlap Shears","Burlap  Nůžky"
"StaticItemNames.shearsNames[150]","Taffeta Trim","Taffeta  Úprava"
"StaticItemNames.shearsNames[151]","Chiffon Clip","Chiffon  Klip"
"StaticItemNames.shearsNames[152]","Brocade Snip","Brocade  Střih"
"StaticItemNames.shearsNames[153]","Organza Shears","Organza  Nůžky"
"StaticItemNames.shearsNames[154]","The Haircutter","Kadeřník"
"StaticItemNames.shearsNames[155]","Razor Clip","Razor  Klip"
"StaticItemNames.shearsNames[156]","Edge Trimmer","Edge  Úprava"
"StaticItemNames.shearsNames[157]","Fine Cut","Jemný Cut"
"StaticItemNames.shearsNames[158]","Precision Snip","Precision  Střih"
"StaticItemNames.shearsNames[159]","Master Clip","Master  Klip"
"StaticItemNames.shearsNames[160]","Expert Trim","Expert  Úprava"
"StaticItemNames.shearsNames[161]","Artisan Shears","Artisan  Nůžky"
"StaticItemNames.shearsNames[162]","Journeyman Snip","Journeyman  Střih"
"StaticItemNames.shearsNames[163]","Apprentice Clip","Apprentice  Klip"
"StaticItemNames.shearsNames[164]","Novice Trim","Novice  Úprava"
"StaticItemNames.shearsNames[165]","Grandmaster Shears","Grandmaster  Nůžky"
"StaticItemNames.shearsNames[166]","Legendary Snip","Legendary  Střih"
"StaticItemNames.shearsNames[167]","Epic Clip","Epic  Klip"
"StaticItemNames.shearsNames[168]","Mythic Trim","Mythic  Úprava"
"StaticItemNames.shearsNames[169]","Heroic Shears","Heroic  Nůžky"
"StaticItemNames.shearsNames[170]","Champion Snip","Champion  Střih"
"StaticItemNames.shearsNames[171]","Veteran Clip","Veteran  Klip"
"StaticItemNames.shearsNames[172]","Elite Trim","Elite  Úprava"
"StaticItemNames.shearsNames[173]","Royal Shears","Royal  Nůžky"
"StaticItemNames.shearsNames[174]","Imperial Clip","Imperial  Klip"
"StaticItemNames.shearsNames[175]","Noble Snip","Noble  Střih"
"StaticItemNames.shearsNames[176]","Sovereign Trim","Sovereign  Úprava"
"StaticItemNames.shearsNames[177]","Regal Shears","Regal  Nůžky"
"StaticItemNames.shearsNames[178]","Majestic Clip","Majestic  Klip"
"StaticItemNames.shearsNames[179]","August Snip","August  Střih"
"StaticItemNames.shearsNames[180]","Grand Trim","Grand  Úprava"
"StaticItemNames.shearsNames[181]","Exalted Shears","Exalted  Nůžky"
"StaticItemNames.shearsNames[182]","Sublime Clip","Sublime  Klip"
"StaticItemNames.shearsNames[183]","Supreme Snip","Supreme  Střih"
"StaticItemNames.shearsNames[184]","Divine Trim","Divine  Úprava"
"StaticItemNames.shearsNames[185]","Sacred Shears","Sacred  Nůžky"
"StaticItemNames.shearsNames[186]","Holy Clip","Holy  Klip"
"StaticItemNames.shearsNames[187]","Blessed Snip","Blessed  Střih"
"StaticItemNames.shearsNames[188]","Celestial Trim","Celestial  Úprava"
"StaticItemNames.shearsNames[189]","Astral Shears","Astral  Nůžky"
"StaticItemNames.shearsNames[190]","Ethereal Clip","Ethereal  Klip"
"StaticItemNames.shearsNames[191]","Spectral Snip","Spectral  Střih"
"StaticItemNames.shearsNames[192]","Phantom Trim","Phantom  Úprava"
"StaticItemNames.shearsNames[193]","Ghost Shears","Ghost  Nůžky"
"StaticItemNames.shearsNames[194]","Wraith Clip","Wraith  Klip"
"StaticItemNames.shearsNames[195]","Spirit Snip","Spirit  Střih"
"StaticItemNames.shearsNames[196]","Soul Trim","Soul  Úprava"
"StaticItemNames.shearsNames[197]","Shadow Shears","Shadow  Nůžky"
"StaticItemNames.shearsNames[198]","Dark Clip","Dark  Klip"
"StaticItemNames.shearsNames[199]","Night Snip","Night  Střih"
"StaticItemNames.shearsNames[200]","Dusk Trim","Dusk  Úprava"
"StaticItemNames.shearsNames[201]","Twilight Shears","Twilight  Nůžky"
"StaticItemNames.shearsNames[202]","Dawn Clip","Dawn  Klip"
"StaticItemNames.shearsNames[203]","Sunrise Snip","Sunrise  Střih"
"StaticItemNames.shearsNames[204]","Morning Trim","Morning  Úprava"
"StaticItemNames.shearsNames[205]","Noon Shears","Noon  Nůžky"
"StaticItemNames.shearsNames[206]","Zenith Clip","Zenith  Klip"
"StaticItemNames.shearsNames[207]","Apex Snip","Apex  Střih"
"StaticItemNames.shearsNames[208]","Peak Trim","Peak  Úprava"
"StaticItemNames.shearsNames[209]","Summit Shears","Summit  Nůžky"
"StaticItemNames.shearsNames[210]","Crest Clip","Crest  Klip"
"StaticItemNames.shearsNames[211]","Crown Snip","Crown  Střih"
"StaticItemNames.shearsNames[212]","Pinnacle Trim","Pinnacle  Úprava"
"StaticItemNames.shearsNames[213]","Acme Shears","Acme  Nůžky"
"StaticItemNames.shearsNames[214]","Vertex Clip","Vertex  Klip"
"StaticItemNames.shearsNames[215]","Meridian Snip","Meridian  Střih"
"StaticItemNames.shearsNames[216]","Horizon Trim","Horizon  Úprava"
"StaticItemNames.shearsNames[217]","Eclipse Shears","Eclipse  Nůžky"
"StaticItemNames.shearsNames[218]","Solstice Clip","Solstice  Klip"
"StaticItemNames.shearsNames[219]","Equinox Snip","Equinox  Střih"
"StaticItemNames.shearsNames[220]","Tempest Trim","Tempest  Úprava"
"StaticItemNames.shearsNames[221]","Storm Shears","Storm  Nůžky"
"StaticItemNames.shearsNames[222]","Thunder Clip","Thunder  Klip"
"StaticItemNames.shearsNames[223]","Lightning Snip","Lightning  Střih"
"StaticItemNames.shearsNames[224]","Gale Trim","Gale  Úprava"
"StaticItemNames.shearsNames[225]","Breeze Shears","Breeze  Nůžky"
"StaticItemNames.shearsNames[226]","Zephyr Clip","Zephyr  Klip"
"StaticItemNames.shearsNames[227]","Cyclone Snip","Cyclone  Střih"
"StaticItemNames.shearsNames[228]","Tornado Trim","Tornado  Úprava"
"StaticItemNames.shearsNames[229]","Hurricane Shears","Hurricane  Nůžky"
"StaticItemNames.shearsNames[230]","Typhoon Clip","Typhoon  Klip"
"StaticItemNames.shearsNames[231]","Monsoon Snip","Monsoon  Střih"
"StaticItemNames.shearsNames[232]","Blizzard Trim","Blizzard  Úprava"
"StaticItemNames.shearsNames[233]","Frost Shears","Frost  Nůžky"
"StaticItemNames.shearsNames[234]","Ice Clip","Ice  Klip"
"StaticItemNames.shearsNames[235]","Snow Snip","Snow  Střih"
"StaticItemNames.shearsNames[236]","Hail Trim","Hail  Úprava"
"StaticItemNames.shearsNames[237]","Sleet Shears","Sleet  Nůžky"
"StaticItemNames.shearsNames[238]","Winter Clip","Winter  Klip"
"StaticItemNames.shearsNames[239]","Autumn Snip","Autumn  Střih"
"StaticItemNames.shearsNames[240]","Spring Trim","Spring  Úprava"
"StaticItemNames.shearsNames[241]","Summer Shears","Summer  Nůžky"
"StaticItemNames.shearsNames[242]","Ember Clip","Ember  Klip"
"StaticItemNames.shearsNames[243]","Flame Snip","Flame  Střih"
"StaticItemNames.shearsNames[244]","Blaze Trim","Blaze  Úprava"
"StaticItemNames.shearsNames[245]","Inferno Shears","Inferno  Nůžky"
"StaticItemNames.shearsNames[246]","Pyre Clip","Pyre  Klip"
"StaticItemNames.shearsNames[247]","Scorch Snip","Scorch  Střih"
"StaticItemNames.shearsNames[248]","Sear Trim","Sear  Úprava"
"StaticItemNames.shearsNames[249]","Kindle Shears","Kindle  Nůžky"
"StaticItemNames.shearsNames[250]","Spark Clip","Spark  Klip"
"StaticItemNames.shearsNames[251]","Flash Snip","Flash  Střih"
"StaticItemNames.shearsNames[252]","Flare Trim","Flare  Úprava"
"StaticItemNames.shearsNames[253]","Radiance Shears","Radiance  Nůžky"
"StaticItemNames.shearsNames[254]","Gleam Clip","Gleam  Klip"
"StaticItemNames.shearsNames[255]","Glint Snip","Glint  Střih"
"StaticItemNames.shearsNames[256]","Shimmer Trim","Shimmer  Úprava"
"StaticItemNames.shearsNames[257]","Shine Shears","Shine  Nůžky"
"StaticItemNames.shearsNames[258]","Luster Clip","Luster  Klip"
"StaticItemNames.shearsNames[259]","Gloss Snip","Gloss  Střih"
"StaticItemNames.shearsNames[260]","Sheen Trim","Sheen  Úprava"
"StaticItemNames.shearsNames[261]","Polish Shears","Polish  Nůžky"
"StaticItemNames.shearsNames[262]","Burnish Clip","Burnish  Klip"
"StaticItemNames.shearsNames[263]","Mirror Snip","Mirror  Střih"
"StaticItemNames.shearsNames[264]","Reflection Trim","Reflection  Úprava"
"StaticItemNames.shearsNames[265]","Refraction Shears","Refraction  Nůžky"
"StaticItemNames.shearsNames[266]","Prism Clip","Prism  Klip"
"StaticItemNames.shearsNames[267]","Spectrum Snip","Spectrum  Střih"
"StaticItemNames.shearsNames[268]","Rainbow Trim","Rainbow  Úprava"
"StaticItemNames.shearsNames[269]","Aurora Shears","Aurora  Nůžky"
"StaticItemNames.shearsNames[270]","Nebula Clip","Nebula  Klip"
"StaticItemNames.shearsNames[271]","Comet Snip","Comet  Střih"
"StaticItemNames.shearsNames[272]","Meteor Trim","Meteor  Úprava"
"StaticItemNames.shearsNames[273]","Nova Shears","Nova  Nůžky"
"StaticItemNames.shearsNames[274]","Pulsar Clip","Pulsar  Klip"
"StaticItemNames.shearsNames[275]","Quasar Snip","Quasar  Střih"
"StaticItemNames.shearsNames[276]","Galaxy Trim","Galaxy  Úprava"
"StaticItemNames.shearsNames[277]","Cosmos Shears","Cosmos  Nůžky"
"StaticItemNames.shearsNames[278]","Void Clip","Void  Klip"
"StaticItemNames.shearsNames[279]","Null Snip","Null  Střih"
"StaticItemNames.shearsNames[280]","Zero Trim","Zero  Úprava"
"StaticItemNames.shearsNames[281]","Omega Shears","Omega  Nůžky"
"StaticItemNames.shearsNames[282]","Alpha Clip","Alpha  Klip"
"StaticItemNames.shearsNames[283]","Beta Snip","Beta  Střih"
"StaticItemNames.shearsNames[284]","Gamma Trim","Gamma  Úprava"
"StaticItemNames.shearsNames[285]","Delta Shears","Delta  Nůžky"
"StaticItemNames.shearsNames[286]","Sigma Clip","Sigma  Klip"
"StaticItemNames.shearsNames[287]","Theta Snip","Theta  Střih"
"StaticItemNames.shearsNames[288]","Lambda Trim","Lambda  Úprava"
"StaticItemNames.shearsNames[289]","Epsilon Shears","Epsilon  Nůžky"
"StaticItemNames.shearsNames[290]","Zeta Clip","Zeta  Klip"
"StaticItemNames.shearsNames[291]","Eta Snip","Eta  Střih"
"StaticItemNames.shearsNames[292]","Iota Trim","Iota  Úprava"
"StaticItemNames.shearsNames[293]","Kappa Shears","Kappa  Nůžky"
"StaticItemNames.shearsNames[294]","Rho Clip","Rho  Klip"
"StaticItemNames.shearsNames[295]","Tau Snip","Tau  Střih"
"StaticItemNames.shearsNames[296]","Phi Trim","Phi  Úprava"
"StaticItemNames.shearsNames[297]","Chi Shears","Chi  Nůžky"
"StaticItemNames.shearsNames[298]","Psi Clip","Psi  Klip"
"StaticItemNames.shearsNames[299]","Dragonclip","Drak Klip"
"StaticItemNames.shearsNames[300]","Wyvernsnip","Wyvern Střih"
"StaticItemNames.shearsNames[301]","Griffinshear","Gryf Nůžky"
"StaticItemNames.shearsNames[302]","Phoenix Clip","Phoenix  Klip"
"StaticItemNames.shearsNames[303]","Hydra Snip","Hydra  Střih"
"StaticItemNames.shearsNames[304]","Basilisk Trim","Basilisk  Úprava"
"StaticItemNames.shearsNames[305]","Manticore Shears","Manticore  Nůžky"
"StaticItemNames.shearsNames[306]","Chimera Clip","Chimera  Klip"
"StaticItemNames.shearsNames[307]","Cerberus Snip","Cerberus  Střih"
"StaticItemNames.shearsNames[308]","Minotaur Trim","Minotaur  Úprava"
"StaticItemNames.shearsNames[309]","Kraken Shears","Kraken  Nůžky"
"StaticItemNames.shearsNames[310]","Leviathan Clip","Střih leviatana"
"StaticItemNames.shearsNames[311]","Behemoth Snip","Řez behemota"
"StaticItemNames.shearsNames[312]","Golem Trim","Úprava golema"
"StaticItemNames.shearsNames[313]","Gargoyle Shears","Nůžky garguly"
"StaticItemNames.shearsNames[314]","Harpy Clip","Střih harpyje"
"StaticItemNames.shearsNames[315]","Siren Snip","Řez sirény"
"StaticItemNames.shearsNames[316]","Banshee Trim","Úprava banshee"
"StaticItemNames.shearsNames[317]","Valkyrie Shears","Nůžky valkýry"
"StaticItemNames.shearsNames[318]","Fate Clip","Střih osudu"
"StaticItemNames.shearsNames[319]","Destiny Snip","Řez osudu"
"StaticItemNames.shearsNames[320]","Fortune Trim","Úprava štěstí"
"StaticItemNames.shearsNames[321]","Chance Shears","Nůžky náhody"
"StaticItemNames.shearsNames[322]","Luck Clip","Střih štěstí"
"StaticItemNames.shearsNames[323]","Providence Snip","Řez prozřetelnosti"
"StaticItemNames.shearsNames[324]","Karma Trim","Úprava karmy"
"StaticItemNames.shearsNames[325]","Kismet Shears","Nůžky kismet"
"StaticItemNames.shearsNames[326]","Doom Clip","Střih záhuby"
"StaticItemNames.shearsNames[327]","Bane Snip","Řez zkázy"
"StaticItemNames.shearsNames[328]","Ruin Trim","Úprava ruin"
"StaticItemNames.shearsNames[329]","Havoc Shears","Nůžky zmatku"
"StaticItemNames.shearsNames[330]","Chaos Clip","Střih chaosu"
"StaticItemNames.shearsNames[331]","Discord Snip","Řez rozbroje"
"StaticItemNames.shearsNames[332]","Strife Trim","Úprava sváru"
"StaticItemNames.shearsNames[333]","Conflict Shears","Nůžky konfliktu"
"StaticItemNames.shearsNames[334]","War Clip","Střih války"
"StaticItemNames.shearsNames[335]","Battle Snip","Řez boje"
"StaticItemNames.shearsNames[336]","Siege Trim","Úprava obležení"
"StaticItemNames.shearsNames[337]","Raid Shears","Nůžky nájezdu"
"StaticItemNames.shearsNames[338]","Assault Clip","Střih útoku"
"StaticItemNames.shearsNames[339]","Onslaught Snip","Řez náporu"
"StaticItemNames.shearsNames[340]","Rampage Trim","Úprava řádění"
"StaticItemNames.shearsNames[341]","Fury Shears","Nůžky zuřivosti"
"StaticItemNames.shearsNames[342]","Rage Clip","Střih hněvu"
"StaticItemNames.shearsNames[343]","Wrath Snip","Řez hněvu"
"StaticItemNames.shearsNames[344]","Vengeance Trim","Úprava pomsty"
"StaticItemNames.shearsNames[345]","Retribution Shears","Nůžky odplaty"
"StaticItemNames.shearsNames[346]","Justice Clip","Střih spravedlnosti"
"StaticItemNames.shearsNames[347]","Mercy Snip","Řez milosti"
"StaticItemNames.shearsNames[348]","Grace Trim","Úprava milosti"
"StaticItemNames.shearsNames[349]","Virtue Shears","Nůžky ctnosti"
"StaticItemNames.shearsNames[350]","Honor Clip","Střih cti"
"StaticItemNames.shearsNames[351]","Valor Snip","Řez statečnosti"
"StaticItemNames.shearsNames[352]","Glory Trim","Úprava slávy"
"StaticItemNames.shearsNames[353]","Triumph Shears","Nůžky triumfu"
"StaticItemNames.shearsNames[354]","Victory Clip","Střih vítězství"
"StaticItemNames.shearsNames[355]","Conquest Snip","Řez dobytí"
"StaticItemNames.shearsNames[356]","Dominion Trim","Úprava panství"
"StaticItemNames.shearsNames[357]","Supremacy Shears","Nůžky nadvlády"
"StaticItemNames.shearsNames[358]","Mastery Clip","Střih mistrovství"
"StaticItemNames.shearsNames[359]","Perfection Snip","Řez dokonalosti"
"StaticItemNames.shearsNames[360]","Flawless Trim","Úprava bezchybnosti"
"StaticItemNames.shearsNames[361]","Pristine Shears","Nůžky čistoty"
"StaticItemNames.shearsNames[362]","Immaculate Clip","Střih bezposkvrnosti"
"StaticItemNames.shearsNames[363]","Spotless Snip","Řez bezposkvrnosti"
"StaticItemNames.shearsNames[364]","Gleaming Trim","Úprava záře"
"StaticItemNames.shearsNames[365]","Polished Shears","Nůžky leštěného kovu"
"StaticItemNames.shearsNames[366]","Refined Clip","Střih vylepšení"
"StaticItemNames.shearsNames[367]","Tempered Snip","Řez kalení"
"StaticItemNames.shearsNames[368]","Honed Trim","Úprava brousitelství"
"StaticItemNames.shearsNames[369]","Keen Shears","Nůžky břitvosti"
"StaticItemNames.shearsNames[370]","Sharp Clip","Střih ostrosti"
"StaticItemNames.shearsNames[371]","Razor Snip","Řez břitvy"
"StaticItemNames.shearsNames[372]","Blade Trim","Úprava čepele"
"StaticItemNames.shearsNames[373]","Edge Shears","Nůžky ostří"
"StaticItemNames.shearsNames[374]","Point Clip","Střih špičky"
"StaticItemNames.shearsNames[375]","Tip Snip","Řez špičky"
"StaticItemNames.shearsNames[376]","Barb Trim","Úprava trny"
"StaticItemNames.shearsNames[377]","Thorn Shears","Nůžky trnů"
"StaticItemNames.shearsNames[378]","Bramble Clip","Střih křoví"
"StaticItemNames.shearsNames[379]","Briar Snip","Řez trnitého křoví"
"StaticItemNames.shearsNames[380]","Nettle Trim","Úprava kopřivy"
"StaticItemNames.shearsNames[381]","Thistle Shears","Nůžky bodláku"
"StaticItemNames.shearsNames[382]","Hedgeclipper","Keřový stříhač"
"StaticItemNames.shearsNames[383]","Garden Shears","Zahradní nůžky"
"StaticItemNames.shearsNames[384]","Vineyard Clip","Střih vinice"
"StaticItemNames.shearsNames[385]","Topiary Trim","Úprava topiáru"
"StaticItemNames.shearsNames[386]","Bonsai Shears","Bonsajové nůžky"
"StaticItemNames.shearsNames[387]","Pruner's Pride","Pýcha ořezače"
"StaticItemNames.shearsNames[388]","Orchard Clip","Střih sadu"
"StaticItemNames.shearsNames[389]","Meadow Snip","Řez louky"
"StaticItemNames.shearsNames[390]","Prairie Trim","Úprava prérii"
"StaticItemNames.shearsNames[391]","Steppe Shears","Nůžky stepi"
"StaticItemNames.shearsNames[392]","Tundra Clip","Střih tundry"
"StaticItemNames.shearsNames[393]","Taiga Snip","Řez tajgy"
"StaticItemNames.shearsNames[394]","Savanna Trim","Úprava savany"
"StaticItemNames.shearsNames[395]","Jungle Shears","Nůžky džungle"
"StaticItemNames.shearsNames[396]","Forest Clip","Střih lesa"
"StaticItemNames.shearsNames[397]","Woodland Snip","Řez bučiny"
"StaticItemNames.shearsNames[398]","Thicket Trim","Úprava houštiny"
"StaticItemNames.shearsNames[399]","Copse Shears","Nůžky háje"
"StaticItemNames.shearsNames[400]","Grove Clip","Střih háje"
"StaticItemNames.shearsNames[401]","Glen Snip","Řez údolí"
"StaticItemNames.shearsNames[402]","Dale Trim","Úprava údolí"
"StaticItemNames.shearsNames[403]","Dell Shears","Nůžky dělty"
"StaticItemNames.shearsNames[404]","Hollow Clip","Střih dutiny"
"StaticItemNames.shearsNames[405]","Glade Snip","Řez mýtiny"
"StaticItemNames.shearsNames[406]","Clearing Trim","Úprava mýtiny"
"StaticItemNames.shearsNames[407]","Shearing Wind","Stříhající vítr"
"StaticItemNames.shearsNames[408]","Whisperclip","Šeptající střih"
"StaticItemNames.shearsNames[409]","Silentsnip","Tichý řez"
"StaticItemNames.shearsNames[410]","Muteshear","Nůžky bez zvuku"
"StaticItemNames.shearsNames[411]","Hushclip","Tichý střih"
"StaticItemNames.shearsNames[412]","The Snipper","Stříhač"
"StaticItemNames.shearsNames[413]","The Clipper","Střihovač"
"StaticItemNames.shearsNames[414]","The Cutter","Řezač"
"StaticItemNames.shearsNames[415]","The Pruner","Ořezač"
"StaticItemNames.shearsNames[416]","The Slicer","Řezář"
"StaticItemNames.shearsNames[417]","The Shredder","Drtič"
"StaticItemNames.shearsNames[418]","The Ripper","Trhač"
"StaticItemNames.shearsNames[419]","The Tearer","Roztrhač"
"StaticItemNames.shearsNames[420]","The Severer","Oddělovač"
"StaticItemNames.shearsNames[421]","The Divider","Dělič"
"StaticItemNames.shearsNames[422]","The Splitter","Rozdělovač"
"StaticItemNames.shearsNames[423]","The Chopper","Sekáč"
"StaticItemNames.shearsNames[424]","The Carver","Řezbář"
"StaticItemNames.shearsNames[425]","The Whittler","Obráběč"
"StaticItemNames.shearsNames[426]","The Parer","Odřezávač"
"StaticItemNames.shearsNames[427]","Woolbound","Vlněné pouto"
"StaticItemNames.shearsNames[428]","Woolstrike","Vlna úder"
"StaticItemNames.shearsNames[429]","Woolkeeper","Správce vlny"
"StaticItemNames.shearsNames[430]","Woolforge","Vlněná kovárna"
"StaticItemNames.shearsNames[431]","Woolmarshal","Vláknový maršál"
"StaticItemNames.shearsNames[432]","Woolsovereign","Vlálcový suverén"
"StaticItemNames.shearsNames[433]","Woolwarden","Vlákný strážce"
"StaticItemNames.shearsNames[434]","Silkbound","Hedvábné pouto"
"StaticItemNames.shearsNames[435]","Silkstrike","Hedvábný úder"
"StaticItemNames.shearsNames[436]","Silkkeeper","Hedvábný správce"
"StaticItemNames.shearsNames[437]","Silkforge","Hedvábná kovárna"
"StaticItemNames.shearsNames[438]","Silkmarshal","Hedvábný maršál"
"StaticItemNames.shearsNames[439]","Silksovereign","Hedvábný suverén"
"StaticItemNames.shearsNames[440]","Threadbound","Vláknové pouto"
"StaticItemNames.shearsNames[441]","Threadstrike","Úder vlákna"
"StaticItemNames.shearsNames[442]","Threadkeeper","Strážce vláken"
"StaticItemNames.shearsNames[443]","Threadforge","Kovárna vláken"
"StaticItemNames.shearsNames[444]","Threadmarshal","Vláknový maršál"
"StaticItemNames.shearsNames[445]","Threadsovereign","Vlákový suverén"
"StaticItemNames.shearsNames[446]","Fleecebound","Rounové pouto"
"StaticItemNames.shearsNames[447]","Fleeceforge","Rounová kovárna"
"StaticItemNames.shearsNames[448]","Shearmarshal","Nůžkový maršál"
"StaticItemNames.shearsNames[449]","Shearsovereign","Nůžkový suverén"
"StaticItemNames.shearsNames[450]","Shearbound","Nůžkový svazek"
"StaticItemNames.shearsNames[451]","Shearmaw","Ústa nůžek"
"StaticItemNames.shearsNames[452]","Clipbound","Svázaný střih"
"StaticItemNames.shearsNames[453]","Snipbound","Svázaný řez"
"StaticItemNames.shearsNames[454]","Woolclaw","Vlankový dráp"
"StaticItemNames.shearsNames[455]","Silkclaw","Hedvábný dráp"
"StaticItemNames.shearsNames[456]","Threadclaw","Vlákový dráp"
"StaticItemNames.shearsNames[457]","Fleececlaw","Rounový dráp"
"StaticItemNames.shearsNames[458]","Shearclaw","Nůžkový dráp"
"StaticItemNames.shearsNames[459]","Woolmaw","Vlněná tlamka"
"StaticItemNames.shearsNames[460]","Silkmaw","Hedvábná tlamka"
"StaticItemNames.shearsNames[461]","Threadmaw Shears","Nůžky vláken tlamy"
"StaticItemNames.shearsNames[462]","Fleecemaw Shears","Nůžky rouna tlamy"
"StaticItemNames.shearsNames[463]","Woolherald","Věstník vlny"
"StaticItemNames.shearsNames[464]","Silkherald","Věstník hedvábí"
"StaticItemNames.shearsNames[465]","Threadherald","Věstník vláken"
"StaticItemNames.shearsNames[466]","Fleeceherald","Věstník rouna"
"StaticItemNames.shearsNames[467]","Shearherald","Věstník nůžek"
"StaticItemNames.shearsNames[468]","Clipherald","Věstník střihu"
"StaticItemNames.shearsNames[469]","Snipherald","Věstník řezu"
"StaticItemNames.shearsNames[470]","Woolreaver","Plenitel vlny"
"StaticItemNames.shearsNames[471]","Silkreaver","Plenitel hedvábí"
"StaticItemNames.shearsNames[472]","Threadreaver","Plenitel vláken"
"StaticItemNames.shearsNames[473]","Fleecereaver","Plenitel rouna"
"StaticItemNames.shearsNames[474]","Shearreaver","Plenitel nůžek"
"StaticItemNames.shearsNames[475]","Woolslayer","Lovec vlny"
"StaticItemNames.shearsNames[476]","Silkslayer","Lovec hedvábí"
"StaticItemNames.shearsNames[477]","Threadslayer","Lovec vláken"
"StaticItemNames.shearsNames[478]","Fleeceslayer","Lovec rouna"
"StaticItemNames.shearsNames[479]","Shearslayer","Lovec nůžek"
"StaticItemNames.shearsNames[480]","Woolmauler","Ničitel vlny"
"StaticItemNames.shearsNames[481]","Silkmauler","Ničitel hedvábí"
"StaticItemNames.shearsNames[482]","Threadmauler","Ničitel vláken"
"StaticItemNames.shearsNames[483]","Fleecemauler","Ničitel rouna"
"StaticItemNames.shearsNames[484]","Shearmauler","Ničitel nůžek"
"StaticItemNames.shearsNames[485]","Ancient Shears","Prastaré nůžky"
"StaticItemNames.shearsNames[486]","Forgotten Clip","Zapomenutý střih"
"StaticItemNames.shearsNames[487]","Cursed Snip","Prokletý řez"
"StaticItemNames.shearsNames[488]","Blessed Trim","Požehnaná úprava"
"StaticItemNames.shearsNames[489]","Rusted Shears","Zrezivělé nůžky"
"StaticItemNames.shearsNames[490]","Gilded Clip","Pozlacený střih"
"StaticItemNames.shearsNames[491]","Frozen Snip","Ledový řez"
"StaticItemNames.shearsNames[492]","Burning Trim","Hořící úprava"
"StaticItemNames.shearsNames[493]","Howling Shears","Vřeštící nůžky"
"StaticItemNames.shearsNames[494]","Silent Clip","Tichý střih"
"StaticItemNames.shearsNames[495]","Sunken Snip","Potopený řez"
"StaticItemNames.shearsNames[496]","Verdant Trim","Zelená úprava"
"StaticItemNames.shearsNames[497]","Withered Shears","Vyschlé nůžky"
"StaticItemNames.shearsNames[498]","Hallowed Clip","Posvěcený střih"
"StaticItemNames.shearsNames[499]","Corrupted Snip","Zkažený řez"
"StaticItemNames.shieldNames[0]","Bulwark","Baluarte"
"StaticItemNames.shieldNames[1]","The Aegis","Aegis"
"StaticItemNames.shieldNames[2]","Ironcrest","Železný hřeben"
"StaticItemNames.shieldNames[3]","Wall of the Fallen","Zeď padlých"
"StaticItemNames.shieldNames[4]","Guardian's Resolve","Odvaha strážce"
"StaticItemNames.shieldNames[5]","Shieldmaiden","Štítonoška"
"StaticItemNames.shieldNames[6]","Rampart","Val"
"StaticItemNames.shieldNames[7]","Bastion","Bašta"
"StaticItemNames.shieldNames[8]","Phalanx","Falanga"
"StaticItemNames.shieldNames[9]","Wardwall","Strážní val"
"StaticItemNames.shieldNames[10]","Ironbark Shield","Železnokorový štít"
"StaticItemNames.shieldNames[11]","The Blockade","Blokáda"
"StaticItemNames.shieldNames[12]","Fortress Guard","Pevnostní stráž"
"StaticItemNames.shieldNames[13]","Sentinel","Strážce"
"StaticItemNames.shieldNames[14]","Deflector","Odkláněč"
"StaticItemNames.shieldNames[15]","Barrier of Dawn","Hradba úsvitu"
"StaticItemNames.shieldNames[16]","Dusk Ward","Ochrana soumraku"
"StaticItemNames.shieldNames[17]","Twilight Guard","Stráž soumraku"
"StaticItemNames.shieldNames[18]","Midnight Shield","Půlnoční štít"
"StaticItemNames.shieldNames[19]","Sunbreaker","Lamač slunce"
"StaticItemNames.shieldNames[20]","Moonguard","Měsíční stráž"
"StaticItemNames.shieldNames[21]","Starshield","Hvězdný štít"
"StaticItemNames.shieldNames[22]","Eclipse Barrier","Hradba zatmění"
"StaticItemNames.shieldNames[23]","Solstice Guard","Stráž slunovratu"
"StaticItemNames.shieldNames[24]","Equinox Ward","Ochrana rovnodennosti"
"StaticItemNames.shieldNames[25]","Stormshield","Bouřný štít"
"StaticItemNames.shieldNames[26]","Thunderguard","Hromová stráž"
"StaticItemNames.shieldNames[27]","Lightning Ward","Ochrana blesku"
"StaticItemNames.shieldNames[28]","Tempest Barrier","Hradba vichřice"
"StaticItemNames.shieldNames[29]","Gale Shield","Štít vichru"
"StaticItemNames.shieldNames[30]","Cyclone Guard","Stráž cyklonu"
"StaticItemNames.shieldNames[31]","Tornado Ward","Ochrana tornáda"
"StaticItemNames.shieldNames[32]","Hurricane Barrier","Hradba hurikánu"
"StaticItemNames.shieldNames[33]","Typhoon Shield","Tajfunový štít"
"StaticItemNames.shieldNames[34]","Monsoon Guard","Monzunová stráž"
"StaticItemNames.shieldNames[35]","Blizzard Ward","Ochrana vánice"
"StaticItemNames.shieldNames[36]","Frost Barrier","Mrazivá hradba"
"StaticItemNames.shieldNames[37]","Ice Shield","Ledový štít"
"StaticItemNames.shieldNames[38]","Snow Guard","Sněžná stráž"
"StaticItemNames.shieldNames[39]","Hail Ward","Ochrana krupobití"
"StaticItemNames.shieldNames[40]","Winter Barrier","Zimní hradba"
"StaticItemNames.shieldNames[41]","Autumn Shield","Podzimní štít"
"StaticItemNames.shieldNames[42]","Spring Guard","Jarní stráž"
"StaticItemNames.shieldNames[43]","Summer Ward","Letní ochrana"
"StaticItemNames.shieldNames[44]","Ember Barrier","Žhavá hradba"
"StaticItemNames.shieldNames[45]","Flame Shield","Ohnivý štít"
"StaticItemNames.shieldNames[46]","Blaze Guard","Planoucí stráž"
"StaticItemNames.shieldNames[47]","Inferno Ward","Ochrana inferna"
"StaticItemNames.shieldNames[48]","Pyre Barrier","Hradba hranice"
"StaticItemNames.shieldNames[49]","Scorch Shield","Spalující štít"
"StaticItemNames.shieldNames[50]","Sear Guard","Žhnoucí stráž"
"StaticItemNames.shieldNames[51]","Kindle Ward","Ochrana zažehnutí"
"StaticItemNames.shieldNames[52]","Spark Barrier","Jiskrná hradba"
"StaticItemNames.shieldNames[53]","Flash Shield","Zábleskový štít"
"StaticItemNames.shieldNames[54]","Flare Guard","Stráž záblesku"
"StaticItemNames.shieldNames[55]","Radiance Ward","Ochrana záře"
"StaticItemNames.shieldNames[56]","Gleam Barrier","Hradba lesku"
"StaticItemNames.shieldNames[57]","Glint Shield","Třpytivý štít"
"StaticItemNames.shieldNames[58]","Shimmer Guard","Třpytivá stráž"
"StaticItemNames.shieldNames[59]","Shine Ward","Ochrana svitu"
"StaticItemNames.shieldNames[60]","Luster Barrier","Hradba třpytu"
"StaticItemNames.shieldNames[61]","Gloss Shield","Lesklý štít"
"StaticItemNames.shieldNames[62]","Sheen Guard","Stráž lesku"
"StaticItemNames.shieldNames[63]","Polish Ward","Leštěná ochrana"
"StaticItemNames.shieldNames[64]","Burnish Barrier","Hradba vyleštění"
"StaticItemNames.shieldNames[65]","Mirror Shield","Zrcadlový štít"
"StaticItemNames.shieldNames[66]","Reflection Guard","Stráž odrazu"
"StaticItemNames.shieldNames[67]","Refraction Ward","Ochrana lomu"
"StaticItemNames.shieldNames[68]","Prism Barrier","Hradba hranolu"
"StaticItemNames.shieldNames[69]","Spectrum Shield","Spektrální štít"
"StaticItemNames.shieldNames[70]","Rainbow Guard","Duhová stráž"
"StaticItemNames.shieldNames[71]","Aurora Ward","Ochrana polární záře"
"StaticItemNames.shieldNames[72]","Nebula Barrier","Hradba mlhoviny"
"StaticItemNames.shieldNames[73]","Comet Shield","Kometový štít"
"StaticItemNames.shieldNames[74]","Meteor Guard","Meteoritní stráž"
"StaticItemNames.shieldNames[75]","Nova Ward","Ochrana novy"
"StaticItemNames.shieldNames[76]","Pulsar Barrier","Hradba pulsaru"
"StaticItemNames.shieldNames[77]","Quasar Shield","Kvasarový štít"
"StaticItemNames.shieldNames[78]","Galaxy Guard","Galaktická stráž"
"StaticItemNames.shieldNames[79]","Cosmos Ward","Ochrana kosmu"
"StaticItemNames.shieldNames[80]","Void Barrier","Hradba prázdnoty"
"StaticItemNames.shieldNames[81]","Null Shield","Nulový štít"
"StaticItemNames.shieldNames[82]","Zero Guard","Nulová stráž"
"StaticItemNames.shieldNames[83]","Omega Barrier","Omega hradba"
"StaticItemNames.shieldNames[84]","Alpha Shield","Alfa štít"
"StaticItemNames.shieldNames[85]","Beta Guard","Beta stráž"
"StaticItemNames.shieldNames[86]","Gamma Ward","Gama ochrana"
"StaticItemNames.shieldNames[87]","Delta Barrier","Delta hradba"
"StaticItemNames.shieldNames[88]","Sigma Shield","Sigma štít"
"StaticItemNames.shieldNames[89]","Theta Guard","Théta stráž"
"StaticItemNames.shieldNames[90]","Lambda Ward","Lambda ochrana"
"StaticItemNames.shieldNames[91]","Epsilon Barrier","Epsilon hradba"
"StaticItemNames.shieldNames[92]","Zeta Shield","Zéta štít"
"StaticItemNames.shieldNames[93]","Eta Guard","Éta stráž"
"StaticItemNames.shieldNames[94]","Iota Ward","Ióta ochrana"
"StaticItemNames.shieldNames[95]","Kappa Barrier","Kappa hradba"
"StaticItemNames.shieldNames[96]","Rho Shield","Ró štít"
"StaticItemNames.shieldNames[97]","Tau Guard","Tau stráž"
"StaticItemNames.shieldNames[98]","Phi Ward","Fí ochrana"
"StaticItemNames.shieldNames[99]","Chi Barrier","Chí hradba"
"StaticItemNames.shieldNames[100]","Psi Shield","Psi štít"
"StaticItemNames.shieldNames[101]","Crimson Bulwark","Karmínová bašta"
"StaticItemNames.shieldNames[102]","Azure Aegis","Azurová égida"
"StaticItemNames.shieldNames[103]","Golden Guard","Zlatá stráž"
"StaticItemNames.shieldNames[104]","Silver Shield","Stříbrný štít"
"StaticItemNames.shieldNames[105]","Obsidian Barrier","Obsidiánová hradba"
"StaticItemNames.shieldNames[106]","Emerald Ward","Smaragdová ochrana"
"StaticItemNames.shieldNames[107]","Ruby Rampart","Rubínový val"
"StaticItemNames.shieldNames[108]","Sapphire Shield","Safírový štít"
"StaticItemNames.shieldNames[109]","Diamond Barrier","Diamantová hradba"
"StaticItemNames.shieldNames[110]","Amethyst Guard","Ametystová stráž"
"StaticItemNames.shieldNames[111]","Topaz Ward","Topazová ochrana"
"StaticItemNames.shieldNames[112]","Jade Shield","Nefritový štít"
"StaticItemNames.shieldNames[113]","Opal Barrier","Opálová hradba"
"StaticItemNames.shieldNames[114]","Pearl Guard","Perlová stráž"
"StaticItemNames.shieldNames[115]","Onyx Ward","Onyxová ochrana"
"StaticItemNames.shieldNames[116]","Garnet Shield","Granátový štít"
"StaticItemNames.shieldNames[117]","Quartz Barrier","Křemenná hradba"
"StaticItemNames.shieldNames[118]","Ivory Guard","Slonovinová stráž"
"StaticItemNames.shieldNames[119]","Ebony Ward","Ebenová ochrana"
"StaticItemNames.shieldNames[120]","Coral Shield","Korálový štít"
"StaticItemNames.shieldNames[121]","Amber Barrier","Jantarová hradba"
"StaticItemNames.shieldNames[122]","Moonstone Guard","Stráž měsíčního kamene"
"StaticItemNames.shieldNames[123]","Sunstone Ward","Ochrana slunečního kamene"
"StaticItemNames.shieldNames[124]","Starstone Shield","Štít hvězdného kamene"
"StaticItemNames.shieldNames[125]","Bloodstone Barrier","Hradba krvavce"
"StaticItemNames.shieldNames[126]","Shadowstone Guard","Stráž stínového kamene"
"StaticItemNames.shieldNames[127]","Flamestone Ward","Ochrana plamenného kamene"
"StaticItemNames.shieldNames[128]","Froststone Shield","Štít mrazového kamene"
"StaticItemNames.shieldNames[129]","Stormstone Barrier","Hradba bouřného kamene"
"StaticItemNames.shieldNames[130]","Thornstone Guard","Stráž trnového kamene"
"StaticItemNames.shieldNames[131]","Voidstone Ward","Ochrana kamene prázdnoty"
"StaticItemNames.shieldNames[132]","Ironwall","Železná zeď"
"StaticItemNames.shieldNames[133]","Steelguard","Ocelová stráž"
"StaticItemNames.shieldNames[134]","Bronzeward","Bronzová ochrana"
"StaticItemNames.shieldNames[135]","Coppershield","Měděný štít"
"StaticItemNames.shieldNames[136]","Tinbarrier","Cínová hradba"
"StaticItemNames.shieldNames[137]","Mythrilguard","Mythrilová stráž"
"StaticItemNames.shieldNames[138]","Adamantward","Adamantová ochrana"
"StaticItemNames.shieldNames[139]","Titaniumshield","Titanový štít"
"StaticItemNames.shieldNames[140]","Cobaltbarrier","Kobaltová hradba"
"StaticItemNames.shieldNames[141]","Chromeguard","Chromová stráž"
"StaticItemNames.shieldNames[142]","Platinumward","Platinová ochrana"
"StaticItemNames.shieldNames[143]","Electrumshield","Elektrový štít"
"StaticItemNames.shieldNames[144]","Orichalcumguard","Orichalková stráž"
"StaticItemNames.shieldNames[145]","Darksteelward","Ochrana temné oceli"
"StaticItemNames.shieldNames[146]","Brightironshield","Štít jasného železa"
"StaticItemNames.shieldNames[147]","Dragonscale Shield","Štít dračí šupiny"
"StaticItemNames.shieldNames[148]","Wyvernhide Guard","Stráž z wyverní kůže"
"StaticItemNames.shieldNames[149]","Griffinfeather Ward","Ochrana gryfího pera"
"StaticItemNames.shieldNames[150]","Phoenix Plume Shield","Štít fénixova pera"
"StaticItemNames.shieldNames[151]","Hydra Scale Guard","Stráž hydří šupiny"
"StaticItemNames.shieldNames[152]","Basilisk Eye Ward","Ochrana baziliščího oka"
"StaticItemNames.shieldNames[153]","Manticore Shield","Štít mantichory"
"StaticItemNames.shieldNames[154]","Chimera Guard","Stráž chiméry"
"StaticItemNames.shieldNames[155]","Cerberus Ward","Cerberova ochrana"
"StaticItemNames.shieldNames[156]","Minotaur Shield","Minotaurův štít"
"StaticItemNames.shieldNames[157]","Kraken Shield","Krakenův štít"
"StaticItemNames.shieldNames[158]","Leviathan Guard","Leviatanova stráž"
"StaticItemNames.shieldNames[159]","Behemoth Ward","Behemotova ochrana"
"StaticItemNames.shieldNames[160]","Golem Shield","Golemův štít"
"StaticItemNames.shieldNames[161]","Gargoyle Guard","Stráž chrliče"
"StaticItemNames.shieldNames[162]","Harpy Ward","Harpyjí ochrana"
"StaticItemNames.shieldNames[163]","Siren Shield","Štít sirény"
"StaticItemNames.shieldNames[164]","Banshee Guard","Stráž banshee"
"StaticItemNames.shieldNames[165]","Valkyrie Ward","Valkýřina ochrana"
"StaticItemNames.shieldNames[166]","Paladin's Oath","Paladinova přísaha"
"StaticItemNames.shieldNames[167]","Knight's Honor","Rytířská čest"
"StaticItemNames.shieldNames[168]","Crusader's Vow","Křižákův slib"
"StaticItemNames.shieldNames[169]","Templar's Shield","Templářův štít"
"StaticItemNames.shieldNames[170]","Champion's Guard","Šampionova stráž"
"StaticItemNames.shieldNames[171]","Hero's Ward","Hrdinova ochrana"
"StaticItemNames.shieldNames[172]","Defender's Pride","Obráncova pýcha"
"StaticItemNames.shieldNames[173]","Protector's Might","Ochráncova síla"
"StaticItemNames.shieldNames[174]","Warden's Wall","Strážcova zeď"
"StaticItemNames.shieldNames[175]","Guardian's Gate","Ochráncova brána"
"StaticItemNames.shieldNames[176]","Keeper's Keep","Správcova pevnost"
"StaticItemNames.shieldNames[177]","Sentinel's Stand","Stanoviště strážce"
"StaticItemNames.shieldNames[178]","Watchman's Ward","Ochrana hlídače"
"StaticItemNames.shieldNames[179]","Sentry's Shield","Štít hlídky"
"StaticItemNames.shieldNames[180]","Custodian's Guard","Správcova stráž"
"StaticItemNames.shieldNames[181]","Marshal's Might","Maršálova síla"
"StaticItemNames.shieldNames[182]","Captain's Cover","Kapitánovo krytí"
"StaticItemNames.shieldNames[183]","Commander's Guard","Velitelova stráž"
"StaticItemNames.shieldNames[184]","General's Shield","Generálův štít"
"StaticItemNames.shieldNames[185]","Emperor's Aegis","Císařova égida"
"StaticItemNames.shieldNames[186]","King's Bulwark","Králova bašta"
"StaticItemNames.shieldNames[187]","Queen's Guard","Královnina stráž"
"StaticItemNames.shieldNames[188]","Prince's Ward","Princova ochrana"
"StaticItemNames.shieldNames[189]","Lord's Barrier","Pánova hradba"
"StaticItemNames.shieldNames[190]","Baron's Shield","Baronův štít"
"StaticItemNames.shieldNames[191]","Duke's Guard","Vévodova stráž"
"StaticItemNames.shieldNames[192]","Earl's Ward","Hraběcí ochrana"
"StaticItemNames.shieldNames[193]","Count's Shield","Hraběcí štít"
"StaticItemNames.shieldNames[194]","Viscount's Guard","Vikomtova stráž"
"StaticItemNames.shieldNames[195]","Knight's Shield","Rytířův štít"
"StaticItemNames.shieldNames[196]","Squire's Guard","Zbrojnošova stráž"
"StaticItemNames.shieldNames[197]","Page's Ward","Ochrana pážete"
"StaticItemNames.shieldNames[198]","Herald's Shield","Heroldův štít"
"StaticItemNames.shieldNames[199]","Vanguard","Předvoj"
"StaticItemNames.shieldNames[200]","Rearguard","Zadní voj"
"StaticItemNames.shieldNames[201]","Flankguard","Křídelní stráž"
"StaticItemNames.shieldNames[202]","Spearwall","Kopíová hradba"
"StaticItemNames.shieldNames[203]","Shieldwall","Štítová hradba"
"StaticItemNames.shieldNames[204]","Testudo","Testudo"
"StaticItemNames.shieldNames[205]","Buckler of Might","Pěstní štít síly"
"StaticItemNames.shieldNames[206]","Targe of Valor","Terč chrabrosti"
"StaticItemNames.shieldNames[207]","Pavise of Iron","Pavéza železa"
"StaticItemNames.shieldNames[208]","Kite of the Wind","Kosoštít větru"
"StaticItemNames.shieldNames[209]","Heater of Flame","Plamenný štít"
"StaticItemNames.shieldNames[210]","Tower Shield","Věžový Štít"
"StaticItemNames.shieldNames[211]","Round Guard","Kulatá Stráž"
"StaticItemNames.shieldNames[212]","Oval Barrier","Oválná Bariéra"
"StaticItemNames.shieldNames[213]","Crescent Ward","Půlměsíční Ochrana"
"StaticItemNames.shieldNames[214]","Figure Eight Shield","Osmičkový Štít"
"StaticItemNames.shieldNames[215]","Hoplon","Hoplon"
"StaticItemNames.shieldNames[216]","Aspis","Aspis"
"StaticItemNames.shieldNames[217]","Parma","Parma"
"StaticItemNames.shieldNames[218]","Scutum","Scutum"
"StaticItemNames.shieldNames[219]","Clipeus","Clipeus"
"StaticItemNames.shieldNames[220]","Rotella","Rotella"
"StaticItemNames.shieldNames[221]","Rondache","Rondache"
"StaticItemNames.shieldNames[222]","Adarga","Adarga"
"StaticItemNames.shieldNames[223]","Targe","Targe"
"StaticItemNames.shieldNames[224]","Lantern Shield","Lucernový Štít"
"StaticItemNames.shieldNames[225]","Spiked Barrier","Hrotitá Bariéra"
"StaticItemNames.shieldNames[226]","Bladed Guard","Čepelová Stráž"
"StaticItemNames.shieldNames[227]","Thorned Ward","Trnitá Ochrana"
"StaticItemNames.shieldNames[228]","Barbed Shield","Pichlavý Štít"
"StaticItemNames.shieldNames[229]","Razored Bulwark","Žiletkový Bastion"
"StaticItemNames.shieldNames[230]","Jagged Guard","Zubatá Stráž"
"StaticItemNames.shieldNames[231]","Serrated Ward","Pilovitá Ochrana"
"StaticItemNames.shieldNames[232]","Notched Shield","Výřezový Štít"
"StaticItemNames.shieldNames[233]","Ridged Barrier","Žebrovaná Bariéra"
"StaticItemNames.shieldNames[234]","Scaled Guard","Šupinatá Stráž"
"StaticItemNames.shieldNames[235]","Plated Ward","Plátová Ochrana"
"StaticItemNames.shieldNames[236]","Layered Shield","Vrstvený Štít"
"StaticItemNames.shieldNames[237]","Banded Barrier","Pásková Bariéra"
"StaticItemNames.shieldNames[238]","Riveted Guard","Nýtovaná Stráž"
"StaticItemNames.shieldNames[239]","Bolted Ward","Šroubovaná Ochrana"
"StaticItemNames.shieldNames[240]","Welded Shield","Svařený Štít"
"StaticItemNames.shieldNames[241]","Forged Barrier","Kovaná Bariéra"
"StaticItemNames.shieldNames[242]","Hammered Guard","Kovářská Stráž"
"StaticItemNames.shieldNames[243]","Tempered Ward","Kalená Ochrana"
"StaticItemNames.shieldNames[244]","Hardened Shield","Zpevněný Štít"
"StaticItemNames.shieldNames[245]","Reinforced Barrier","Posílená Bariéra"
"StaticItemNames.shieldNames[246]","Fortified Guard","Opevněná Stráž"
"StaticItemNames.shieldNames[247]","Enchanted Ward","Očarovaná Ochrana"
"StaticItemNames.shieldNames[248]","Blessed Shield","Požehnaný Štít"
"StaticItemNames.shieldNames[249]","Sacred Barrier","Posvátná Bariéra"
"StaticItemNames.shieldNames[250]","Holy Guard","Svatá Stráž"
"StaticItemNames.shieldNames[251]","Divine Ward","Božská Ochrana"
"StaticItemNames.shieldNames[252]","Celestial Shield","Nebeský Štít"
"StaticItemNames.shieldNames[253]","Astral Barrier","Astrální Bariéra"
"StaticItemNames.shieldNames[254]","Ethereal Guard","Éterická Stráž"
"StaticItemNames.shieldNames[255]","Spectral Ward","Spektrální Ochrana"
"StaticItemNames.shieldNames[256]","Phantom Shield","Fantomový Štít"
"StaticItemNames.shieldNames[257]","Ghost Guard","Duchovní Stráž"
"StaticItemNames.shieldNames[258]","Wraith Ward","Přízračná Ochrana"
"StaticItemNames.shieldNames[259]","Spirit Barrier","Duchová Bariéra"
"StaticItemNames.shieldNames[260]","Soul Shield","Duševní Štít"
"StaticItemNames.shieldNames[261]","Shadow Guard","Stínová Stráž"
"StaticItemNames.shieldNames[262]","Dark Ward","Temná Ochrana"
"StaticItemNames.shieldNames[263]","Night Barrier","Noční Bariéra"
"StaticItemNames.shieldNames[264]","Dread Shield","Děsivý Štít"
"StaticItemNames.shieldNames[265]","Terror Guard","Hrůzostrašná Stráž"
"StaticItemNames.shieldNames[266]","Fear Ward","Strachová Ochrana"
"StaticItemNames.shieldNames[267]","Horror Barrier","Hrůzná Bariéra"
"StaticItemNames.shieldNames[268]","Doom Shield","Osudový Štít"
"StaticItemNames.shieldNames[269]","Bane Guard","Zkázová Stráž"
"StaticItemNames.shieldNames[270]","Ruin Ward","Ničivá Ochrana"
"StaticItemNames.shieldNames[271]","Havoc Barrier","Pustošná Bariéra"
"StaticItemNames.shieldNames[272]","Chaos Shield","Chaotický Štít"
"StaticItemNames.shieldNames[273]","Discord Guard","Rozkolná Stráž"
"StaticItemNames.shieldNames[274]","Strife Ward","Sporová Ochrana"
"StaticItemNames.shieldNames[275]","Conflict Barrier","Konfliktní Bariéra"
"StaticItemNames.shieldNames[276]","War Shield","Válečný Štít"
"StaticItemNames.shieldNames[277]","Battle Guard","Bojová Stráž"
"StaticItemNames.shieldNames[278]","Siege Ward","Obléhací Ochrana"
"StaticItemNames.shieldNames[279]","Raid Barrier","Nájezdová Bariéra"
"StaticItemNames.shieldNames[280]","Assault Shield","Útočný Štít"
"StaticItemNames.shieldNames[281]","Onslaught Guard","Náporová Stráž"
"StaticItemNames.shieldNames[282]","Rampage Ward","Zuřivá Ochrana"
"StaticItemNames.shieldNames[283]","Fury Barrier","Zuřivá Bariéra"
"StaticItemNames.shieldNames[284]","Rage Shield","Vzteklý Štít"
"StaticItemNames.shieldNames[285]","Wrath Guard","Hněvivá Stráž"
"StaticItemNames.shieldNames[286]","Vengeance Ward","Mstivá Ochrana"
"StaticItemNames.shieldNames[287]","Retribution Barrier","Pomstychtivá Bariéra"
"StaticItemNames.shieldNames[288]","Justice Shield","Spravedlivý Štít"
"StaticItemNames.shieldNames[289]","Mercy Guard","Milostivá Stráž"
"StaticItemNames.shieldNames[290]","Grace Ward","Příznivá Ochrana"
"StaticItemNames.shieldNames[291]","Virtue Barrier","Ctnostná Bariéra"
"StaticItemNames.shieldNames[292]","Honor Shield","Čestný Štít"
"StaticItemNames.shieldNames[293]","Valor Guard","Odvážná Stráž"
"StaticItemNames.shieldNames[294]","Glory Ward","Slavná Ochrana"
"StaticItemNames.shieldNames[295]","Triumph Barrier","Triumfální Bariéra"
"StaticItemNames.shieldNames[296]","Victory Shield","Vítězný Štít"
"StaticItemNames.shieldNames[297]","Conquest Guard","Dobývací Stráž"
"StaticItemNames.shieldNames[298]","Dominion Ward","Nadvládná Ochrana"
"StaticItemNames.shieldNames[299]","Supremacy Shield","Vrcholný Štít"
"StaticItemNames.shieldNames[300]","Mastery Guard","Mistrovská Stráž"
"StaticItemNames.shieldNames[301]","Perfection Ward","Dokonalá Ochrana"
"StaticItemNames.shieldNames[302]","Flawless Barrier","Bezchybná Bariéra"
"StaticItemNames.shieldNames[303]","Pristine Shield","Čistý Štít"
"StaticItemNames.shieldNames[304]","Immaculate Guard","Nepoškvrněná Stráž"
"StaticItemNames.shieldNames[305]","Spotless Ward","Bezposkvrnná Ochrana"
"StaticItemNames.shieldNames[306]","Unyielding Wall","Neústupná Zeď"
"StaticItemNames.shieldNames[307]","Unbreakable Guard","Nezlomitelná Stráž"
"StaticItemNames.shieldNames[308]","Indestructible Ward","Nezničitelná Ochrana"
"StaticItemNames.shieldNames[309]","Invincible Barrier","Nepřemožitelná Bariéra"
"StaticItemNames.shieldNames[310]","Impenetrable Shield","Neproniknutelný Štít"
"StaticItemNames.shieldNames[311]","Impervious Guard","Nezranitelná Stráž"
"StaticItemNames.shieldNames[312]","Unassailable Ward","Nepřekonatelná Ochrana"
"StaticItemNames.shieldNames[313]","Unconquerable Shield","Nepodrobitelný Štít"
"StaticItemNames.shieldNames[314]","Insuperable Guard","Neporazitelná Stráž"
"StaticItemNames.shieldNames[315]","Unbeatable Ward","Neporažená Ochrana"
"StaticItemNames.shieldNames[316]","Steadfast Barrier","Neotřesitelná Bariéra"
"StaticItemNames.shieldNames[317]","Resolute Shield","Odolný Štít"
"StaticItemNames.shieldNames[318]","Stalwart Guard","Nevyhýbavá Stráž"
"StaticItemNames.shieldNames[319]","Dauntless Ward","Nebojácná Ochrana"
"StaticItemNames.shieldNames[320]","Fearless Barrier","Nebojácná Bariéra"
"StaticItemNames.shieldNames[321]","Intrepid Shield","Odvážný Štít"
"StaticItemNames.shieldNames[322]","Undaunted Guard","Nezlomná Stráž"
"StaticItemNames.shieldNames[323]","Unflinching Ward","Neochvějná Ochrana"
"StaticItemNames.shieldNames[324]","Unwavering Shield","Nepoddajný Štít"
"StaticItemNames.shieldNames[325]","Immovable Guard","Nepohnutelná Stráž"
"StaticItemNames.shieldNames[326]","Anchored Ward","Ukotvená Ochrana"
"StaticItemNames.shieldNames[327]","Rooted Barrier","Zakotvená Bariéra"
"StaticItemNames.shieldNames[328]","Grounded Shield","Zakořeněný Štít"
"StaticItemNames.shieldNames[329]","Planted Guard","Zakořeněná Stráž"
"StaticItemNames.shieldNames[330]","Bedrock Ward","Skalní Ochrana"
"StaticItemNames.shieldNames[331]","Granite Barrier","Žulová Bariéra"
"StaticItemNames.shieldNames[332]","Marble Shield","Mramorový Štít"
"StaticItemNames.shieldNames[333]","Limestone Guard","Vápencová Stráž"
"StaticItemNames.shieldNames[334]","Sandstone Ward","Pískovcová Ochrana"
"StaticItemNames.shieldNames[335]","Basalt Barrier","Bazaltová Bariéra"
"StaticItemNames.shieldNames[336]","Obsidian Shield","Obsidianový Štít"
"StaticItemNames.shieldNames[337]","Slate Guard","Břidlicová Stráž"
"StaticItemNames.shieldNames[338]","Shale Ward","Břidlicová Ochrana"
"StaticItemNames.shieldNames[339]","Flint Barrier","Pazourková Bariéra"
"StaticItemNames.shieldNames[340]","Cobblestone Shield","Dlažební Štít"
"StaticItemNames.shieldNames[341]","Boulder Guard","Balvanová Stráž"
"StaticItemNames.shieldNames[342]","Mountain Ward","Horská Ochrana"
"StaticItemNames.shieldNames[343]","Cliff Barrier","Útesová Bariéra"
"StaticItemNames.shieldNames[344]","Precipice Shield","Propastný Štít"
"StaticItemNames.shieldNames[345]","Crag Guard","Skalnatá Stráž"
"StaticItemNames.shieldNames[346]","Ridge Ward","Hřebenová Ochrana"
"StaticItemNames.shieldNames[347]","Mesa Barrier","Pahorkatá Bariéra"
"StaticItemNames.shieldNames[348]","Plateau Shield","Plochý Štít"
"StaticItemNames.shieldNames[349]","Summit Guard","Vrcholová Stráž"
"StaticItemNames.shieldNames[350]","Peak Ward","Špičatá Ochrana"
"StaticItemNames.shieldNames[351]","Apex Barrier","Vrcholová Bariéra"
"StaticItemNames.shieldNames[352]","Pinnacle Shield","Nejvyšší Štít"
"StaticItemNames.shieldNames[353]","Zenith Guard","Zenitní Stráž"
"StaticItemNames.shieldNames[354]","Acme Ward","Nejvyšší Ochrana"
"StaticItemNames.shieldNames[355]","Vertex Barrier","Vrcholová Bariéra"
"StaticItemNames.shieldNames[356]","Meridian Shield","Polední Štít"
"StaticItemNames.shieldNames[357]","Horizon Guard","Horizontální Stráž"
"StaticItemNames.shieldNames[358]","Dawn Shield","Úsvitový Štít"
"StaticItemNames.shieldNames[359]","Duskguard","Soumraková stráž"
"StaticItemNames.shieldNames[360]","Eventide Ward","Večerní Ochrana"
"StaticItemNames.shieldNames[361]","Morningstar Shield","Jitřní hvězdný Štít"
"StaticItemNames.shieldNames[362]","Noonday Guard","Polední Stráž"
"StaticItemNames.shieldNames[363]","Witching Guard","Čarodějná Stráž"
"StaticItemNames.shieldNames[364]","Bewitched Ward","Okouzlená Ochrana"
"StaticItemNames.shieldNames[365]","Hexed Shield","Prokletý Štít"
"StaticItemNames.shieldNames[366]","Cursed Barrier","Prokletá Bariéra"
"StaticItemNames.shieldNames[367]","Runed Guard","Rúnová Stráž"
"StaticItemNames.shieldNames[368]","Glyphed Ward","Glyfovaná Ochrana"
"StaticItemNames.shieldNames[369]","Sigiled Shield","Zapečetěný Štít"
"StaticItemNames.shieldNames[370]","Warded Barrier","Ochranná Bariéra"
"StaticItemNames.shieldNames[371]","Charmed Guard","Kouzelná Stráž"
"StaticItemNames.shieldNames[372]","Spellbound Ward","Seslaná Ochrana"
"StaticItemNames.shieldNames[373]","Arcane Shield","Tajemný Štít"
"StaticItemNames.shieldNames[374]","Mystic Barrier","Mystická Bariéra"
"StaticItemNames.shieldNames[375]","Occult Guard","Okultní Stráž"
"StaticItemNames.shieldNames[376]","Eldritch Ward","Podivná Ochrana"
"StaticItemNames.shieldNames[377]","Ancient Shield","Starobylý Štít"
"StaticItemNames.shieldNames[378]","Forgotten Guard","Zapomenutá Stráž"
"StaticItemNames.shieldNames[379]","Lost Ward","Ztracená Ochrana"
"StaticItemNames.shieldNames[380]","Ruined Barrier","Zničená Bariéra"
"StaticItemNames.shieldNames[381]","Broken Shield","Rozbitý Štít"
"StaticItemNames.shieldNames[382]","Shattered Guard","Tříštěná Stráž"
"StaticItemNames.shieldNames[383]","Mended Ward","Opravená Ochrana"
"StaticItemNames.shieldNames[384]","Restored Shield","Obnovený Štít"
"StaticItemNames.shieldNames[385]","Reborn Guard","Znovuzrozená Stráž"
"StaticItemNames.shieldNames[386]","Eternal Ward","Věčná Ochrana"
"StaticItemNames.shieldNames[387]","Infinite Barrier","Nekonečná Bariéra"
"StaticItemNames.shieldNames[388]","Boundless Shield","Bezmezný Štít"
"StaticItemNames.shieldNames[389]","Timeless Guard","Bezčasová Stráž"
"StaticItemNames.shieldNames[390]","Ageless Ward","Bezvěká Ochrana"
"StaticItemNames.shieldNames[391]","Immortal Shield","Nesmrtelný Štít"
"StaticItemNames.shieldNames[392]","Deathless Guard","Neumírající Stráž"
"StaticItemNames.shieldNames[393]","Undying Ward","Neumírající Ochrana"
"StaticItemNames.shieldNames[394]","Everlasting Shield","Trvalý Štít"
"StaticItemNames.shieldNames[395]","Perpetual Guard","Nepřetržitá Stráž"
"StaticItemNames.shieldNames[396]","Abiding Ward","Trvalá Ochrana"
"StaticItemNames.shieldNames[397]","Enduring Shield","Vytrvalý Štít"
"StaticItemNames.shieldNames[398]","Lasting Guard","Dlouhotrvající Stráž"
"StaticItemNames.shieldNames[399]","Permanent Ward","Trvalá Ochrana"
"StaticItemNames.shieldNames[400]","Final Barrier","Konečná Bariéra"
"StaticItemNames.shieldNames[401]","Last Stand Shield","Poslední obranný Štít"
"StaticItemNames.shieldNames[402]","Defiant Guard","Vzbouřenecká Stráž"
"StaticItemNames.shieldNames[403]","Rebellious Ward","Rebelantská Ochrana"
"StaticItemNames.shieldNames[404]","Indomitable Shield","Nepodložitelný Štít"
"StaticItemNames.shieldNames[405]","Relentless Guard","Neúprosná Stráž"
"StaticItemNames.shieldNames[406]","Persistent Ward","Vytrvalá Ochrana"
"StaticItemNames.shieldNames[407]","Tenacious Shield","Neúprosný Štít"
"StaticItemNames.shieldNames[408]","Stubborn Guard","Tvrdohlavá Stráž"
"StaticItemNames.shieldNames[409]","Obstinate Ward","Zarytá Ochrana"
"StaticItemNames.shieldNames[410]","Adamant Shield","Adamantitový štít"
"StaticItemNames.shieldNames[411]","Inflexible Guard","Neústupný strážce"
"StaticItemNames.shieldNames[412]","Rigid Ward","Pevná ochrana"
"StaticItemNames.shieldNames[413]","Stiff Barrier","Tvrdá bariéra"
"StaticItemNames.shieldNames[414]","Tough Shield","Odolný štít"
"StaticItemNames.shieldNames[415]","Durable Guard","Trvanlivý strážce"
"StaticItemNames.shieldNames[416]","Robust Ward","Robustní ochrana"
"StaticItemNames.shieldNames[417]","Sturdy Barrier","Pevná bariéra"
"StaticItemNames.shieldNames[418]","Solid Shield","Pevná bariéra"
"StaticItemNames.shieldNames[419]","Dense Guard","Pevný štít"
"StaticItemNames.shieldNames[420]","Thick Ward","Kompaktní strážce"
"StaticItemNames.shieldNames[421]","Heavy Barrier","Silná ochrana"
"StaticItemNames.shieldNames[422]","Massive Shield","Těžká bariéra"
"StaticItemNames.shieldNames[423]","Colossal Guard","Obrovský štít"
"StaticItemNames.shieldNames[424]","Titanic Ward","Kolosální strážce"
"StaticItemNames.shieldNames[425]","Enormous Barrier","Titánská ochrana"
"StaticItemNames.shieldNames[426]","Gargantuan Shield","Obrovská bariéra"
"StaticItemNames.shieldNames[427]","Monumental Guard","Gigantický štít"
"StaticItemNames.shieldNames[428]","Herculean Ward","Monumentální strážce"
"StaticItemNames.shieldNames[429]","Olympian Shield","Herculovská ochrana"
"StaticItemNames.shieldNames[430]","Shield of the Ancients","Olympijský štít"
"StaticItemNames.shieldNames[431]","Guard of the Void","Štít dávných"
"StaticItemNames.shieldNames[432]","Ward of the Storm","Stráž prázdnoty"
"StaticItemNames.shieldNames[433]","Wall of the Titans","Ochrana bouře"
"StaticItemNames.shieldNames[434]","Aegis of the Sun","Zeď titánů"
"StaticItemNames.shieldNames[435]","Bulwark of the Moon","Aegis slunce"
"StaticItemNames.shieldNames[436]","Rampart of Stars","Pevnost Měsíce"
"StaticItemNames.shieldNames[437]","Bastion of Light","Val hvězd"
"StaticItemNames.shieldNames[438]","Shield of Shadows","Bastion světla"
"StaticItemNames.shieldNames[439]","Guard of the Grave","Štít stínů"
"StaticItemNames.shieldNames[440]","Ward of the Warden","Stráž hřbitova"
"StaticItemNames.shieldNames[441]","Barrier of the Blessed","Ochrana strážce"
"StaticItemNames.shieldNames[442]","Shield of the Forgotten","Bariéra požehnaných"
"StaticItemNames.shieldNames[443]","Guard of the Damned","Štít zapomenutých"
"StaticItemNames.shieldNames[444]","Ward of Destiny","Stráž zatracených"
"StaticItemNames.shieldNames[445]","Bulwark of the Deep","Ochrana osudu"
"StaticItemNames.shieldNames[446]","Rampart of the Kings","Pevnost hlubin"
"StaticItemNames.shieldNames[447]","Bastion of the Brave","Val králů"
"StaticItemNames.shieldNames[448]","Shield of the Cursed","Bastion statečných"
"StaticItemNames.shieldNames[449]","Guard of the Fallen","Štít prokletých"
"StaticItemNames.shieldNames[450]","Ward of the Void","Stráž padlých"
"StaticItemNames.shieldNames[451]","Barrier of Eternity","Ochrana prázdnoty"
"StaticItemNames.shieldNames[452]","Shield of the Dawn","Bariéra věčnosti"
"StaticItemNames.shieldNames[453]","Guard of the Dusk","Štít úsvitu"
"StaticItemNames.shieldNames[454]","Ward of Twilight","Stráž soumraku"
"StaticItemNames.shieldNames[455]","Barrier of Midnight","Ochrana soumraku"
"StaticItemNames.shieldNames[456]","Shield of the Sun","Bariéra půlnoci"
"StaticItemNames.shieldNames[457]","Guard of the Moon","Štít slunce"
"StaticItemNames.shieldNames[458]","Ward of the Stars","Stráž Měsíce"
"StaticItemNames.shieldNames[459]","Barrier of the Eclipse","Ochrana hvězd"
"StaticItemNames.shieldNames[460]","The Barricade","Barikáda"
"StaticItemNames.shieldNames[461]","The Battlement","Bastion"
"StaticItemNames.shieldNames[462]","The Parapet","Parapet"
"StaticItemNames.shieldNames[463]","The Breastwork","Přední hráz"
"StaticItemNames.shieldNames[464]","The Redoubt","Reduta"
"StaticItemNames.shieldNames[465]","The Stockade","Palisáda"
"StaticItemNames.shieldNames[466]","The Palisade","Palisáda"
"StaticItemNames.shieldNames[467]","The Fortification","Opevnění"
"StaticItemNames.shieldNames[468]","The Stronghold","Pevnost"
"StaticItemNames.shieldNames[469]","The Citadel","Citadela"
"StaticItemNames.shieldNames[470]","The Keep","Hradiště"
"StaticItemNames.shieldNames[471]","The Garrison","Posádka"
"StaticItemNames.shieldNames[472]","The Watchtower","Strážní věž"
"StaticItemNames.shieldNames[473]","The Barbican","Barbakan"
"StaticItemNames.shieldNames[474]","The Turret","Věž"
"StaticItemNames.shieldNames[475]","Wyvern Guard","Stráž wyvernů"
"StaticItemNames.shieldNames[476]","Dragon Ward","Ochrana draka"
"StaticItemNames.shieldNames[477]","Serpent Shield","Štít hadů"
"StaticItemNames.shieldNames[478]","Wyrm Barrier","Bariéra wyrmů"
"StaticItemNames.shieldNames[479]","Drake Guard","Stráž draka"
"StaticItemNames.shieldNames[480]","Titan Ward","Ochrana titánů"
"StaticItemNames.shieldNames[481]","Giant Shield","Obří štít"
"StaticItemNames.shieldNames[482]","Colossus Barrier","Bariéra kolosa"
"StaticItemNames.shieldNames[483]","Ogre Guard","Stráž obra"
"StaticItemNames.shieldNames[484]","Troll Ward","Ochrana trolla"
"StaticItemNames.shieldNames[485]","Goblin Shield","Štít goblinů"
"StaticItemNames.shieldNames[486]","Orc Barrier","Bariéra orků"
"StaticItemNames.shieldNames[487]","Dwarf Guard","Trpasličí strážce"
"StaticItemNames.shieldNames[488]","Elf Ward","Ochrana elfů"
"StaticItemNames.shieldNames[489]","Fae Shield","Štít víl"
"StaticItemNames.shieldNames[490]","Nymph Barrier","Bariéra nymf"
"StaticItemNames.shieldNames[491]","Sprite Guard","Stráž skřítků"
"StaticItemNames.shieldNames[492]","Pixie Ward","Ochrana skřítků"
"StaticItemNames.shieldNames[493]","Gnome Shield","Štít gnómů"
"StaticItemNames.shieldNames[494]","Halfling Barrier","Bariéra halflingů"
"StaticItemNames.shieldNames[495]","Centaur Guard","Stráž kentaurů"
"StaticItemNames.shieldNames[496]","Satyr Ward","Ochrana satyrů"
"StaticItemNames.shieldNames[497]","Dryad Shield","Štít dryád"
"StaticItemNames.shieldNames[498]","Naiad Barrier","Bariéra nymf "
"StaticItemNames.shieldNames[499]","Sylph Guard","Stráž sylfů"
"StaticItemNames.shovelNames[0]","Gravedigger","Hrobník"
"StaticItemNames.shovelNames[1]","Earthmover","Posunovač země"
"StaticItemNames.shovelNames[2]","The Undertaker","Pohřebník"
"StaticItemNames.shovelNames[3]","Mudslinger","Bahnohádkač"
"StaticItemNames.shovelNames[4]","Dirt Reaper","Žnec hlíny"
"StaticItemNames.shovelNames[5]","Groundbreaker","Rozbíječ půdy"
"StaticItemNames.shovelNames[6]","Soilsplitter","Rozdělovač půdy"
"StaticItemNames.shovelNames[7]","Dustbringer","Práškový nositel"
"StaticItemNames.shovelNames[8]","Clodcrusher","Drtič hlíny"
"StaticItemNames.shovelNames[9]","Terramancer","Zeměmág"
"StaticItemNames.shovelNames[10]","Loamcutter","Řezák hlíny"
"StaticItemNames.shovelNames[11]","Dirtfang","Hlínový tesák"
"StaticItemNames.shovelNames[12]","Rootripper","Vytrhovač kořenů"
"StaticItemNames.shovelNames[13]","Gravel Heart","Srdce štěrku"
"StaticItemNames.shovelNames[14]","Stone Biter","Kamenitý žrout"
"StaticItemNames.shovelNames[15]","Pitmason","Jámař"
"StaticItemNames.shovelNames[16]","The Excavator","Rýkač"
"StaticItemNames.shovelNames[17]","Burial Blade","Pohřební čepel"
"StaticItemNames.shovelNames[18]","Hollowmaker","Tvořitel děr"
"StaticItemNames.shovelNames[19]","Furrowfang","Brázdový tesák"
"StaticItemNames.shovelNames[20]","Sandscourge","Písečný pohroma"
"StaticItemNames.shovelNames[21]","Depthseeker","Hledač hlubin"
"StaticItemNames.shovelNames[22]","Moundshaper","Tvarovač kopečku"
"StaticItemNames.shovelNames[23]","Clay Render","Hlínový formovač"
"StaticItemNames.shovelNames[24]","The Entomber","Pohřbovač"
"StaticItemNames.shovelNames[25]","Dredgekeeper","Strážce výkopu"
"StaticItemNames.shovelNames[26]","Siltsplitter","Rozdělovač kalu"
"StaticItemNames.shovelNames[27]","Shale Breaker","Drtič břidlice"
"StaticItemNames.shovelNames[28]","Embercrust Shovel","Rýč žhavé kůry"
"StaticItemNames.shovelNames[29]","Grave Warden","Strážce hrobů"
"StaticItemNames.shovelNames[30]","Ironsoil","Železná půda"
"StaticItemNames.shovelNames[31]","Mudclaw","Bahenní dráp"
"StaticItemNames.shovelNames[32]","Tunnelbore","Tunelový vyvrtávač"
"StaticItemNames.shovelNames[33]","Ashdigger","Popelový kopáč"
"StaticItemNames.shovelNames[34]","The Unearther","Odhalovač"
"StaticItemNames.shovelNames[35]","Rubble Fist","Pěst sutě"
"StaticItemNames.shovelNames[36]","Dustwarden","Strážce prachu"
"StaticItemNames.shovelNames[37]","Granite Maw","Granitové hrdlo"
"StaticItemNames.shovelNames[38]","Peatlord","Pán rašeliny"
"StaticItemNames.shovelNames[39]","Topsoil Terror","Teror svrchní půdy"
"StaticItemNames.shovelNames[40]","Ore Seeker","Hledač rudy"
"StaticItemNames.shovelNames[41]","Barrowdelver","Rozhrabávač mohyl"
"StaticItemNames.shovelNames[42]","Fossiltooth","Fosilní tesák"
"StaticItemNames.shovelNames[43]","Cragcutter","Skalní sekáč"
"StaticItemNames.shovelNames[44]","Bedrock Bane","Prokletí podloží"
"StaticItemNames.shovelNames[45]","Landslide","Skluzová lavina"
"StaticItemNames.shovelNames[46]","Quake Shovel","Rýč otřesu"
"StaticItemNames.shovelNames[47]","Dustwalker","Prachový poutník"
"StaticItemNames.shovelNames[48]","Sinkhole","Propadlinek"
"StaticItemNames.shovelNames[49]","Bog Render","Bahenní tvarovač"
"StaticItemNames.shovelNames[50]","Mire Mauler","Dopravce bahna"
"StaticItemNames.shovelNames[51]","Sandstorm","Písečná bouře"
"StaticItemNames.shovelNames[52]","Silt Reaver","Lupič bahenního kalu"
"StaticItemNames.shovelNames[53]","Dustdevil","Prachový vítr"
"StaticItemNames.shovelNames[54]","Terra Fang","Zemní tesák"
"StaticItemNames.shovelNames[55]","Loamrender","Přetvářec hlíny"
"StaticItemNames.shovelNames[56]","Slate Shard","Lomný špalík břidlice"
"StaticItemNames.shovelNames[57]","Cobblecrusher","Drtič oblázků"
"StaticItemNames.shovelNames[58]","Mound Mauler","Mlátitel kopečků"
"StaticItemNames.shovelNames[59]","The Ditch Witch","Čarodějnice příkopu"
"StaticItemNames.shovelNames[60]","Pitfall","Jáma"
"StaticItemNames.shovelNames[61]","Basalt Breaker","Drtič čediče"
"StaticItemNames.shovelNames[62]","Clayfang","Hlinitý tesák"
"StaticItemNames.shovelNames[63]","Rootclaw","Kořenový dráp"
"StaticItemNames.shovelNames[64]","Dirt Veil","Hlinitá clona"
"StaticItemNames.shovelNames[65]","Wormwood Shovel","Rýč pelyňku"
"StaticItemNames.shovelNames[66]","The Quarrier","Lomník"
"StaticItemNames.shovelNames[67]","Gravel Gnasher","Hltavec štěrku"
"StaticItemNames.shovelNames[68]","Molehill","Krtekovka"
"StaticItemNames.shovelNames[69]","Dustfury","Prachový hněv"
"StaticItemNames.shovelNames[70]","Earth Render","Tvarovač země"
"StaticItemNames.shovelNames[71]","Sodcutter","Střih drnu"
"StaticItemNames.shovelNames[72]","The Gravemind","Hrobová mysl"
"StaticItemNames.shovelNames[73]","Quartzdigger","Křemencový kopáč"
"StaticItemNames.shovelNames[74]","Rubbleguard","Strážce sutiny"
"StaticItemNames.shovelNames[75]","Deepstone","Hlubinný kámen"
"StaticItemNames.shovelNames[76]","Dirtmaw","Hlínový žrout"
"StaticItemNames.shovelNames[77]","Pebblefist","Oblázková pěst"
"StaticItemNames.shovelNames[78]","Cairn Keeper","Strážce mohyly"
"StaticItemNames.shovelNames[79]","Rootmangle","Rozrušitel kořenů"
"StaticItemNames.shovelNames[80]","Soil Serpent","Půdní had"
"StaticItemNames.shovelNames[81]","The Delver","Důlní škrabák"
"StaticItemNames.shovelNames[82]","Muddler","Míchadlo bláta"
"StaticItemNames.shovelNames[83]","Clasp of the Earth","Úchop země"
"StaticItemNames.shovelNames[84]","Gloom Shovel","Temný rýč"
"StaticItemNames.shovelNames[85]","Ember Soil","Žhavá půda"
"StaticItemNames.shovelNames[86]","Dusthowl","Prachový řev"
"StaticItemNames.shovelNames[87]","Tombkeeper","Strážce hrobek"
"StaticItemNames.shovelNames[88]","Sod Render","Tvarovač drnu"
"StaticItemNames.shovelNames[89]","Loamfury","Hněv hlíny"
"StaticItemNames.shovelNames[90]","Stone Carver","Kamenosochař"
"StaticItemNames.shovelNames[91]","Gravel Warden","Strážce štěrku"
"StaticItemNames.shovelNames[92]","Dirtbane","Protihlína"
"StaticItemNames.shovelNames[93]","Fossilkeeper","Strážce fosilií"
"StaticItemNames.shovelNames[94]","Turf Tyrant","Tyran drnu"
"StaticItemNames.shovelNames[95]","Soil Shade","Půdní stín"
"StaticItemNames.shovelNames[96]","Dust Herald","Práškový zvěstovatel"
"StaticItemNames.shovelNames[97]","Cryptdigger","Kryptový kopáč"
"StaticItemNames.shovelNames[98]","Earthwail","Zemní výkřik"
"StaticItemNames.shovelNames[99]","Gritfang","Zrnitosťový tesák"
"StaticItemNames.shovelNames[100]","Mudvein","Bahenní žíla"
"StaticItemNames.shovelNames[101]","Shaft of the Deep","Šachta hlubin"
"StaticItemNames.shovelNames[102]","Quarry King","Král lomu"
"StaticItemNames.shovelNames[103]","Terravore","Terrafag"
"StaticItemNames.shovelNames[104]","Dirtreaver","Lupič hlíny"
"StaticItemNames.shovelNames[105]","Stonebound","Vázaný ke kameni"
"StaticItemNames.shovelNames[106]","Dustpiercer","Prorážeč prachu"
"StaticItemNames.shovelNames[107]","Mire Fang","Tesák bažiny"
"StaticItemNames.shovelNames[108]","Landcarver","Krajinný sochař"
"StaticItemNames.shovelNames[109]","Chalk Render","Křídelní tvůrce"
"StaticItemNames.shovelNames[110]","The Tiller","Kypřič"
"StaticItemNames.shovelNames[111]","Depth Warden","Strážce hlubin"
"StaticItemNames.shovelNames[112]","Soil Splitter","Štípač půdy"
"StaticItemNames.shovelNames[113]","Mud Marshal","Maršál bahna"
"StaticItemNames.shovelNames[114]","Root Render","Ničitel kořenů"
"StaticItemNames.shovelNames[115]","Gravel Grasp","Stisk štěrku"
"StaticItemNames.shovelNames[116]","Ashsoil Shovel","Lopata popelné půdy"
"StaticItemNames.shovelNames[117]","Pitkeeper","Strážce jámy"
"StaticItemNames.shovelNames[118]","Fossildrinker","Piják fosilií"
"StaticItemNames.shovelNames[119]","Deepreach","Hluboký dosah"
"StaticItemNames.shovelNames[120]","The Grubber","Hrabač"
"StaticItemNames.shovelNames[121]","Earthfury","Hněv země"
"StaticItemNames.shovelNames[122]","Shalekeeper","Strážce břidlice"
"StaticItemNames.shovelNames[123]","Dustmangle","Drtič prachu"
"StaticItemNames.shovelNames[124]","Bog Blade","Čepel bažiny"
"StaticItemNames.shovelNames[125]","Rubble Render","Ničitel suti"
"StaticItemNames.shovelNames[126]","Barrowmaw","Tlama mohyly"
"StaticItemNames.shovelNames[127]","Crust Cutter","Řezač krusty"
"StaticItemNames.shovelNames[128]","The Trenchmaker","Tvůrce zákopů"
"StaticItemNames.shovelNames[129]","Sand Render","Ničitel písku"
"StaticItemNames.shovelNames[130]","Cobalt Shovel","Kobaltová lopata"
"StaticItemNames.shovelNames[131]","Rootwarden","Strážce kořenů"
"StaticItemNames.shovelNames[132]","Mire Marshal","Maršál močálu"
"StaticItemNames.shovelNames[133]","Stonefury","Hněv kamene"
"StaticItemNames.shovelNames[134]","Dirtcleaver","Štípač hlíny"
"StaticItemNames.shovelNames[135]","Earth Mantle","Zemský plášť"
"StaticItemNames.shovelNames[136]","Dustreach","Prašný dosah"
"StaticItemNames.shovelNames[137]","Loam Lord","Pán hlíny"
"StaticItemNames.shovelNames[138]","Sod Slayer","Zabiják drnu"
"StaticItemNames.shovelNames[139]","Peat Render","Ničitel rašeliny"
"StaticItemNames.shovelNames[140]","Gravel Fury","Hněv štěrku"
"StaticItemNames.shovelNames[141]","Mudmarshal","Maršál bahna"
"StaticItemNames.shovelNames[142]","Soilstrike","Úder půdy"
"StaticItemNames.shovelNames[143]","Digger of Doom","Kopáč zkázy"
"StaticItemNames.shovelNames[144]","The Burrowmaker","Tvůrce nor"
"StaticItemNames.shovelNames[145]","Claycrusher","Drtič jílu"
"StaticItemNames.shovelNames[146]","Shovel of Sorrows","Lopata zármutku"
"StaticItemNames.shovelNames[147]","Gritstrike","Úder drti"
"StaticItemNames.shovelNames[148]","Sandwarden","Strážce písku"
"StaticItemNames.shovelNames[149]","Emberdirt","Žhavá hlína"
"StaticItemNames.shovelNames[150]","Depth Render","Ničitel hlubin"
"StaticItemNames.shovelNames[151]","Soilkeeper","Strážce půdy"
"StaticItemNames.shovelNames[152]","Rubblefall","Pád suti"
"StaticItemNames.shovelNames[153]","Tunnelworm","Tunelový červ"
"StaticItemNames.shovelNames[154]","Mudrender","Ničitel bahna"
"StaticItemNames.shovelNames[155]","Quarry Maw","Tlama lomu"
"StaticItemNames.shovelNames[156]","Dirtsong","Píseň hlíny"
"StaticItemNames.shovelNames[157]","Earthshatter","Tříšť země"
"StaticItemNames.shovelNames[158]","Gravel Vein","Žíla štěrku"
"StaticItemNames.shovelNames[159]","Soil of Shadows","Půda stínů"
"StaticItemNames.shovelNames[160]","Dust Knell","Umíráček prachu"
"StaticItemNames.shovelNames[161]","Mound Render","Ničitel mohyly"
"StaticItemNames.shovelNames[162]","Rootbane","Zhoubce kořenů"
"StaticItemNames.shovelNames[163]","Silt Sovereign","Vládce kalu"
"StaticItemNames.shovelNames[164]","Trenchfang","Tesák zákopu"
"StaticItemNames.shovelNames[165]","Ashground","Popelná zem"
"StaticItemNames.shovelNames[166]","Tomb Render","Ničitel hrobky"
"StaticItemNames.shovelNames[167]","Bogwalker","Chodec bažin"
"StaticItemNames.shovelNames[168]","Stonesoil Shovel","Lopata kamenné půdy"
"StaticItemNames.shovelNames[169]","Dust Monarch","Monarch prachu"
"StaticItemNames.shovelNames[170]","Pebble Render","Ničitel oblázků"
"StaticItemNames.shovelNames[171]","Earth Dominion","Nadvláda země"
"StaticItemNames.shovelNames[172]","Muck Render","Ničitel bahna"
"StaticItemNames.shovelNames[173]","Gravelstorm","Štěrková bouře"
"StaticItemNames.shovelNames[174]","Shadowed Shovel","Stínová lopata"
"StaticItemNames.shovelNames[175]","Mudstrike","Úder bahna"
"StaticItemNames.shovelNames[176]","Granite Render","Ničitel žuly"
"StaticItemNames.shovelNames[177]","Rootstorm","Bouře kořenů"
"StaticItemNames.shovelNames[178]","Barrowkeeper","Strážce mohyly"
"StaticItemNames.shovelNames[179]","Irondig","Železný kop"
"StaticItemNames.shovelNames[180]","Sandmaw","Písková tlama"
"StaticItemNames.shovelNames[181]","Loamkeeper","Strážce hlíny"
"StaticItemNames.shovelNames[182]","Shovel of the Titan","Lopata titána"
"StaticItemNames.shovelNames[183]","Dustsong","Píseň prachu"
"StaticItemNames.shovelNames[184]","Earthcleave","Rozštěp země"
"StaticItemNames.shovelNames[185]","Siltfang","Tesák kalu"
"StaticItemNames.shovelNames[186]","Goblin Digger","Gobliní kopáč"
"StaticItemNames.shovelNames[187]","Dirtlord","Pán hlíny"
"StaticItemNames.shovelNames[188]","Mudwarden","Strážce bahna"
"StaticItemNames.shovelNames[189]","Soilsong","Píseň půdy"
"StaticItemNames.shovelNames[190]","Depthstrike","Úder hlubin"
"StaticItemNames.shovelNames[191]","Emberdust Shovel","Lopata žhavého prachu"
"StaticItemNames.shovelNames[192]","Root Marshal","Maršál kořenů"
"StaticItemNames.shovelNames[193]","Gritclaw","Dráp drti"
"StaticItemNames.shovelNames[194]","Shale Render","Ničitel břidlice"
"StaticItemNames.shovelNames[195]","Quartzkeeper","Strážce křemene"
"StaticItemNames.shovelNames[196]","Mound Sovereign","Vládce mohyly"
"StaticItemNames.shovelNames[197]","Dustcleaver","Štípač prachu"
"StaticItemNames.shovelNames[198]","Cairnkeeper","Strážce kamenné mohyly"
"StaticItemNames.shovelNames[199]","The Pitlord","Pán jámy"
"StaticItemNames.shovelNames[200]","Sandcutter","Řezač písku"
"StaticItemNames.shovelNames[201]","Rootfury","Hněv kořenů"
"StaticItemNames.shovelNames[202]","Clod Render","Ničitel hroud"
"StaticItemNames.shovelNames[203]","Ashpit Shovel","Lopata popelné jámy"
"StaticItemNames.shovelNames[204]","Terrastrike","Úder země"
"StaticItemNames.shovelNames[205]","Mud Knell","Umíráček bahna"
"StaticItemNames.shovelNames[206]","Depthclaw","Dráp hlubin"
"StaticItemNames.shovelNames[207]","Gravel Marshal","Maršál štěrku"
"StaticItemNames.shovelNames[208]","Siltrender","Ničitel kalu"
"StaticItemNames.shovelNames[209]","Dirtforge","Kovárna hlíny"
"StaticItemNames.shovelNames[210]","Loamstrike","Úder hlíny"
"StaticItemNames.shovelNames[211]","Rubble Sovereign","Vládce suti"
"StaticItemNames.shovelNames[212]","Earthkeeper","Strážce země"
"StaticItemNames.shovelNames[213]","Shale Mauler","Drtič břidlice"
"StaticItemNames.shovelNames[214]","Dustwail","Nářek prachu"
"StaticItemNames.shovelNames[215]","Bog Sovereign","Vládce bažiny"
"StaticItemNames.shovelNames[216]","Sand Tyrant","Tyran písku"
"StaticItemNames.shovelNames[217]","The Catacomber","Pán katakomb"
"StaticItemNames.shovelNames[218]","Mudcleaver","Štípač bahna"
"StaticItemNames.shovelNames[219]","Gritwarden","Strážce drti"
"StaticItemNames.shovelNames[220]","Stonecleave","Rozštěp kamene"
"StaticItemNames.shovelNames[221]","Rootsovereign","Vládce kořenů"
"StaticItemNames.shovelNames[222]","Dirtfury","Hněv hlíny"
"StaticItemNames.shovelNames[223]","Peat Mauler","Drtič rašeliny"
"StaticItemNames.shovelNames[224]","Grave Marshal","Maršál hrobu"
"StaticItemNames.shovelNames[225]","Dustclaw","Dráp prachu"
"StaticItemNames.shovelNames[226]","Siltmarshal","Maršál kalu"
"StaticItemNames.shovelNames[227]","Quarry Render","Ničitel lomu"
"StaticItemNames.shovelNames[228]","Ashsoil Render","Ničitel popelné půdy"
"StaticItemNames.shovelNames[229]","Loam Mauler","Drtič hlíny"
"StaticItemNames.shovelNames[230]","Terrawarden","Strážce země"
"StaticItemNames.shovelNames[231]","Mudmauler","Drtič bahna"
"StaticItemNames.shovelNames[232]","Barrowstrike","Úder mohyly"
"StaticItemNames.shovelNames[233]","Earthmaw","Zemská tlama"
"StaticItemNames.shovelNames[234]","Rubblefury","Hněv suti"
"StaticItemNames.shovelNames[235]","Rootcleave","Rozštěp kořenů"
"StaticItemNames.shovelNames[236]","Dirtmarshal","Maršál hlíny"
"StaticItemNames.shovelNames[237]","Soilmaw","Tlama půdy"
"StaticItemNames.shovelNames[238]","Gravelsovereign","Vládce štěrku"
"StaticItemNames.shovelNames[239]","Dust Render","Ničitel prachu"
"StaticItemNames.shovelNames[240]","Sandkeeper","Strážce písku"
"StaticItemNames.shovelNames[241]","Shalebound","Spoutaný břidlicí"
"StaticItemNames.shovelNames[242]","Cobblefang","Tesák dlažby"
"StaticItemNames.shovelNames[243]","Mudfury","Hněv bahna"
"StaticItemNames.shovelNames[244]","Depth Sovereign","Vládce hlubin"
"StaticItemNames.shovelNames[245]","Loamcleave","Rozštěp hlíny"
"StaticItemNames.shovelNames[246]","Ironpit","Železná jáma"
"StaticItemNames.shovelNames[247]","Rootkeeper","Strážce kořenů"
"StaticItemNames.shovelNames[248]","Siltstrike","Úder kalu"
"StaticItemNames.shovelNames[249]","Terraclaw","Dráp země"
"StaticItemNames.shovelNames[250]","Gritrender","Ničitel drti"
"StaticItemNames.shovelNames[251]","Dustmarshal","Maršál prachu"
"StaticItemNames.shovelNames[252]","Earthstrike","Úder země"
"StaticItemNames.shovelNames[253]","Quarrystrike","Úder lomu"
"StaticItemNames.shovelNames[254]","Rubblecleave","Rozštěp suti"
"StaticItemNames.shovelNames[255]","Mudkeeper","Strážce bahna"
"StaticItemNames.shovelNames[256]","Sandfury","Hněv písku"
"StaticItemNames.shovelNames[257]","Barrowclaw","Dráp mohyly"
"StaticItemNames.shovelNames[258]","Loamfang","Tesák hlíny"
"StaticItemNames.shovelNames[259]","Rootmaw","Tlama kořenů"
"StaticItemNames.shovelNames[260]","Dirgedigger","Kopáč žalozpěvu"
"StaticItemNames.shovelNames[261]","Dustvein","Prašná žíla"
"StaticItemNames.shovelNames[262]","Gravelcleave","Rozštěp štěrku"
"StaticItemNames.shovelNames[263]","Siltkeeper","Strážce kalu"
"StaticItemNames.shovelNames[264]","Dirtstrike","Úder hlíny"
"StaticItemNames.shovelNames[265]","Shale Sovereign","Vládce břidlice"
"StaticItemNames.shovelNames[266]","Peatlord Shovel","Lopata pána rašeliny"
"StaticItemNames.shovelNames[267]","Earthsovereign","Vládce země"
"StaticItemNames.shovelNames[268]","Ashroot Shovel","Lopata popelného kořene"
"StaticItemNames.shovelNames[269]","Mudbound","Spoutaný bahnem"
"StaticItemNames.shovelNames[270]","Cobblestrike","Úder dlažby"
"StaticItemNames.shovelNames[271]","Terramaw","Zemská tlama"
"StaticItemNames.shovelNames[272]","Sand Marshal","Maršál písku"
"StaticItemNames.shovelNames[273]","Rubbleclaw","Dráp suti"
"StaticItemNames.shovelNames[274]","Gritmaw","Tlama drti"
"StaticItemNames.shovelNames[275]","Loam Sovereign","Vládce hlíny"
"StaticItemNames.shovelNames[276]","Dustbound","Spoutaný prachem"
"StaticItemNames.shovelNames[277]","Quarry Keeper","Strážce lomu"
"StaticItemNames.shovelNames[278]","Rootstrike","Úder kořenů"
"StaticItemNames.shovelNames[279]","Dirtclaw","Dráp hlíny"
"StaticItemNames.shovelNames[280]","Siltmaw","Tlama kalu"
"StaticItemNames.shovelNames[281]","Burrower","Hrabač"
"StaticItemNames.shovelNames[282]","Mudsovereign","Vládce bahna"
"StaticItemNames.shovelNames[283]","Shadedirt Shovel","Lopata stínové hlíny"
"StaticItemNames.shovelNames[284]","Gravelkeeper","Strážce štěrku"
"StaticItemNames.shovelNames[285]","Terrafury","Hněv země"
"StaticItemNames.shovelNames[286]","Barrowmauler","Drtič mohyly"
"StaticItemNames.shovelNames[287]","Earthclaw","Dráp země"
"StaticItemNames.shovelNames[288]","Shale Fang","Tesák břidlice"
"StaticItemNames.shovelNames[289]","Dustkeeper","Strážce prachu"
"StaticItemNames.shovelNames[290]","Loambound","Spoutaný hlínou"
"StaticItemNames.shovelNames[291]","Rootmarshal","Maršál kořenů"
"StaticItemNames.shovelNames[292]","Soilbound","Spoutaný půdou"
"StaticItemNames.shovelNames[293]","Dirtkeeper","Strážce hlíny"
"StaticItemNames.shovelNames[294]","Sandstrike","Úder písku"
"StaticItemNames.shovelNames[295]","Siltclaw","Dráp kalu"
"StaticItemNames.shovelNames[296]","Gravelstrike","Úder štěrku"
"StaticItemNames.shovelNames[297]","Terrarender","Ničitel země"
"StaticItemNames.shovelNames[298]","Mudfang","Tesák bahna"
"StaticItemNames.shovelNames[299]","Quarryfang","Tesák lomu"
"StaticItemNames.shovelNames[300]","Rubblestrike","Úder suti"
"StaticItemNames.shovelNames[301]","Ashcrust Shovel","Lopata popelné krusty"
"StaticItemNames.shovelNames[302]","Earthbound","Spoutaný zemí"
"StaticItemNames.shovelNames[303]","Dustfang","Tesák prachu"
"StaticItemNames.shovelNames[304]","Barrowfury","Hněv mohyly"
"StaticItemNames.shovelNames[305]","Loamwarden","Strážce hlíny"
"StaticItemNames.shovelNames[306]","Siltfury","Hněv kalu"
"StaticItemNames.shovelNames[307]","Gritsovereign","Vládce drti"
"StaticItemNames.shovelNames[308]","Rootbound","Spoutaný kořeny"
"StaticItemNames.shovelNames[309]","Dirtwarden","Strážce hlíny"
"StaticItemNames.shovelNames[310]","Shalerender","Břidlice Trhač"
"StaticItemNames.shovelNames[311]","Terrakeep","Terra Tvrz"
"StaticItemNames.shovelNames[312]","Gravelbound","Štěrk Spoutaný"
"StaticItemNames.shovelNames[313]","Cobblewarden","Kámen Strážce"
"StaticItemNames.shovelNames[314]","Sandclaw","Písek Dráp"
"StaticItemNames.shovelNames[315]","Earthfang","Země Tesák"
"StaticItemNames.shovelNames[316]","Quarrywarden","Lom Strážce"
"StaticItemNames.shovelNames[317]","Duststrike","Prach Úder"
"StaticItemNames.shovelNames[318]","Loamclaw","Hlína Dráp"
"StaticItemNames.shovelNames[319]","Siltwarden","Kal Strážce"
"StaticItemNames.shovelNames[320]","Dirtbound","Hlína Spoutaný"
"StaticItemNames.shovelNames[321]","Rootrender","Kořen Trhač"
"StaticItemNames.shovelNames[322]","Gravelmaw","Štěrk Chřtán"
"StaticItemNames.shovelNames[323]","Terrabound","Terra Spoutaný"
"StaticItemNames.shovelNames[324]","Muddrinker","Bláto Piják"
"StaticItemNames.shovelNames[325]","Sandrender","Písek Trhač"
"StaticItemNames.shovelNames[326]","Rubblewarden","Suť Strážce"
"StaticItemNames.shovelNames[327]","Earthrender","Země Trhač"
"StaticItemNames.shovelNames[328]","Gritkeeper","Drť Strážce"
"StaticItemNames.shovelNames[329]","Dustsovereign","Prach Suverén"
"StaticItemNames.shovelNames[330]","Loammaw","Hlína Chřtán"
"StaticItemNames.shovelNames[331]","Siltbound","Kal Spoutaný"
"StaticItemNames.shovelNames[332]","Dirtrender","Hlína Trhač"
"StaticItemNames.shovelNames[333]","Rootwail","Kořen Nářek"
"StaticItemNames.shovelNames[334]","Gravelfang","Štěrk Tesák"
"StaticItemNames.shovelNames[335]","Cobbleclaw","Kámen Dráp"
"StaticItemNames.shovelNames[336]","Mudstorm","Bláto Bouře"
"StaticItemNames.shovelNames[337]","Terraforge","Terra Kovář"
"StaticItemNames.shovelNames[338]","Sandbound","Písek Spoutaný"
"StaticItemNames.shovelNames[339]","Rubblemaw","Suť Chřtán"
"StaticItemNames.shovelNames[340]","Earthforge","Země Kovář"
"StaticItemNames.shovelNames[341]","Quarryrender","Lom Trhač"
"StaticItemNames.shovelNames[342]","Gritbound","Drť Spoutaný"
"StaticItemNames.shovelNames[343]","Dustforge","Prach Kovář"
"StaticItemNames.shovelNames[344]","Loamforge","Hlína Kovář"
"StaticItemNames.shovelNames[345]","Siltforge","Kal Kovář"
"StaticItemNames.shovelNames[346]","Barrowwarden","Mohyla Strážce"
"StaticItemNames.shovelNames[347]","Rootforge","Kořen Kovář"
"StaticItemNames.shovelNames[348]","Gravelmarshal","Štěrk Maršál"
"StaticItemNames.shovelNames[349]","Terrawail","Terra Nářek"
"StaticItemNames.shovelNames[350]","Sandsovereign","Písek Suverén"
"StaticItemNames.shovelNames[351]","Cobblerender","Kámen Trhač"
"StaticItemNames.shovelNames[352]","Rubblemarshal","Suť Maršál"
"StaticItemNames.shovelNames[353]","Earthwarden","Země Strážce"
"StaticItemNames.shovelNames[354]","Mudsong","Bláto Píseň"
"StaticItemNames.shovelNames[355]","Gritfury","Drť Zuřivost"
"StaticItemNames.shovelNames[356]","Quarrymaw","Lom Chřtán"
"StaticItemNames.shovelNames[357]","Siltmauler","Kal Drtič"
"StaticItemNames.shovelNames[358]","Barrowrender","Mohyla Trhač"
"StaticItemNames.shovelNames[359]","Rootsong","Kořen Píseň"
"StaticItemNames.shovelNames[360]","Sandforge","Písek Kovář"
"StaticItemNames.shovelNames[361]","Dirtmauler","Hlína Drtič"
"StaticItemNames.shovelNames[362]","Gravelrender","Štěrk Trhač"
"StaticItemNames.shovelNames[363]","Terrasong","Terra Píseň"
"StaticItemNames.shovelNames[364]","Cobbleforge","Kámen Kovář"
"StaticItemNames.shovelNames[365]","Rubblekeeper","Suť Strážce"
"StaticItemNames.shovelNames[366]","Mudforge","Bláto Kovář"
"StaticItemNames.shovelNames[367]","Earthsong","Země Píseň"
"StaticItemNames.shovelNames[368]","Dustmauler","Prach Drtič"
"StaticItemNames.shovelNames[369]","Quarrybound","Lom Spoutaný"
"StaticItemNames.shovelNames[370]","Gritforge","Drť Kovář"
"StaticItemNames.shovelNames[371]","Barrowbound","Mohyla Spoutaný"
"StaticItemNames.shovelNames[372]","Loamsong","Hlína Píseň"
"StaticItemNames.shovelNames[373]","Sandmarshal","Písek Maršál"
"StaticItemNames.shovelNames[374]","Gravelsong","Štěrk Píseň"
"StaticItemNames.shovelNames[375]","Terrakeeper","Terra Strážce"
"StaticItemNames.shovelNames[376]","Cobblebound","Kámen Spoutaný"
"StaticItemNames.shovelNames[377]","Rubblerender","Suť Trhač"
"StaticItemNames.shovelNames[378]","Earthmarshal","Země Maršál"
"StaticItemNames.shovelNames[379]","Muddepth","Bláto Hlubina"
"StaticItemNames.shovelNames[380]","Dustrender","Prach Trhač"
"StaticItemNames.shovelNames[381]","Quarrysovereign","Lom Suverén"
"StaticItemNames.shovelNames[382]","Gritcleave","Drť Sek"
"StaticItemNames.shovelNames[383]","Siltcleave","Kal Sek"
"StaticItemNames.shovelNames[384]","Barrowsong","Mohyla Píseň"
"StaticItemNames.shovelNames[385]","Loammarshal","Hlína Maršál"
"StaticItemNames.shovelNames[386]","Rootcleaver","Kořen Sekáček"
"StaticItemNames.shovelNames[387]","Sandfang","Písek Tesák"
"StaticItemNames.shovelNames[388]","Gravelsovereign Shovel","Štěrk Suverén Lopata"
"StaticItemNames.shovelNames[389]","Terracleave","Terra Sek"
"StaticItemNames.shovelNames[390]","Cobblesong","Kámen Píseň"
"StaticItemNames.shovelNames[391]","Rubblesong","Suť Píseň"
"StaticItemNames.shovelNames[392]","Earthsovereign Shovel","Země Suverén Lopata"
"StaticItemNames.shovelNames[393]","Dustcleave","Prach Sek"
"StaticItemNames.shovelNames[394]","Quarrymarshal","Lom Maršál"
"StaticItemNames.shovelNames[395]","Gritmarshal","Drť Maršál"
"StaticItemNames.shovelNames[396]","Siltsong","Kal Píseň"
"StaticItemNames.shovelNames[397]","Barrowsovereign","Mohyla Suverén"
"StaticItemNames.shovelNames[398]","Loamsovereign","Hlína Suverén"
"StaticItemNames.shovelNames[399]","Rootmauler","Kořen Drtič"
"StaticItemNames.shovelNames[400]","Sandmauler","Písek Drtič"
"StaticItemNames.shovelNames[401]","Dirtsovereign","Hlína Suverén"
"StaticItemNames.shovelNames[402]","Gravelwarden","Štěrk Strážce"
"StaticItemNames.shovelNames[403]","Terramauler","Terra Drtič"
"StaticItemNames.shovelNames[404]","Cobblekeep","Kámen Tvrz"
"StaticItemNames.shovelNames[405]","Rubblesovereign","Suť Suverén"
"StaticItemNames.shovelNames[406]","Earthmauler","Země Drtič"
"StaticItemNames.shovelNames[407]","Quarrycleave","Lom Sek"
"StaticItemNames.shovelNames[408]","Gritsong","Drť Píseň"
"StaticItemNames.shovelNames[409]","Barrowmarshal","Mohyla Maršál"
"StaticItemNames.shovelNames[410]","Loamcleaver","Hlína Sekáček"
"StaticItemNames.shovelNames[411]","Sandwail","Písek Nářek"
"StaticItemNames.shovelNames[412]","Rootdrinker","Kořen Piják"
"StaticItemNames.shovelNames[413]","Gravelclaw","Štěrk Dráp"
"StaticItemNames.shovelNames[414]","Terrasovereign","Terra Suverén"
"StaticItemNames.shovelNames[415]","Cobblemauler","Kámen Drtič"
"StaticItemNames.shovelNames[416]","Rubblefang","Suť Tesák"
"StaticItemNames.shovelNames[417]","Earthcleaver","Země Sekáček"
"StaticItemNames.shovelNames[418]","Mudbane","Bláto Zhoubce"
"StaticItemNames.shovelNames[419]","Quarrysong","Lom Píseň"
"StaticItemNames.shovelNames[420]","Crimson Shovel","Karmínový Lopata"
"StaticItemNames.shovelNames[421]","Obsidian Shovel","Obsidiánový Lopata"
"StaticItemNames.shovelNames[422]","Ancient Digger","Starodávný Kopáč"
"StaticItemNames.shovelNames[423]","Forgotten Scoop","Zapomenutý Naběračka"
"StaticItemNames.shovelNames[424]","Cursed Trencher","Prokletý Rýč"
"StaticItemNames.shovelNames[425]","Blessed Trowel","Požehnaný Lopatka"
"StaticItemNames.shovelNames[426]","Rusted Shovel","Zrezlý Lopata"
"StaticItemNames.shovelNames[427]","Gilded Shovel","Pozlacený Lopata"
"StaticItemNames.shovelNames[428]","Frozen Digger","Zmrzlý Kopáč"
"StaticItemNames.shovelNames[429]","Burning Scoop","Planoucí Naběračka"
"StaticItemNames.shovelNames[430]","Howling Trencher","Vyjící Rýč"
"StaticItemNames.shovelNames[431]","Silent Trowel","Tichý Lopatka"
"StaticItemNames.shovelNames[432]","Sunken Shovel","Potopený Lopata"
"StaticItemNames.shovelNames[433]","Verdant Shovel","Zelený Lopata"
"StaticItemNames.shovelNames[434]","Withered Digger","Uvadlý Kopáč"
"StaticItemNames.shovelNames[435]","Hallowed Scoop","Posvátný Naběračka"
"StaticItemNames.shovelNames[436]","Corrupted Trencher","Zkažený Rýč"
"StaticItemNames.shovelNames[437]","Shimmering Trowel","Třpytivý Lopatka"
"StaticItemNames.shovelNames[438]","Thundering Shovel","Hromový Lopata"
"StaticItemNames.shovelNames[439]","Whispering Shovel","Šeptající Lopata"
"StaticItemNames.shovelNames[440]","Crimson Shovel","Karmínový Lopata"
"StaticItemNames.shovelNames[441]","Obsidian Scoop","Obsidiánový Naběračka"
"StaticItemNames.shovelNames[442]","Ancient Trencher","Starodávný Rýč"
"StaticItemNames.shovelNames[443]","Forgotten Trowel","Zapomenutý Lopatka"
"StaticItemNames.shovelNames[444]","Cursed Digger","Prokletý Kopáč"
"StaticItemNames.shovelNames[445]","Blessed Shovel","Požehnaný Lopata"
"StaticItemNames.shovelNames[446]","Rusted Shovel","Zrezlý Lopata"
"StaticItemNames.shovelNames[447]","Gilded Scoop","Pozlacený Naběračka"
"StaticItemNames.shovelNames[448]","Frozen Trencher","Zmrzlý Rýč"
"StaticItemNames.shovelNames[449]","Burning Trowel","Planoucí Lopatka"
"StaticItemNames.shovelNames[450]","Howling Shovel","Vyjící Lopata"
"StaticItemNames.shovelNames[451]","Silent Shovel","Tichý Lopata"
"StaticItemNames.shovelNames[452]","Sunken Scoop","Potopený Naběračka"
"StaticItemNames.shovelNames[453]","Verdant Trencher","Zelený Rýč"
"StaticItemNames.shovelNames[454]","Withered Trowel","Uvadlý Lopatka"
"StaticItemNames.shovelNames[455]","Hallowed Shovel","Posvátný Lopata"
"StaticItemNames.shovelNames[456]","Corrupted Shovel","Zkažený Lopata"
"StaticItemNames.shovelNames[457]","Shimmering Scoop","Třpytivý Naběračka"
"StaticItemNames.shovelNames[458]","Thundering Trencher","Hromový Rýč"
"StaticItemNames.shovelNames[459]","Whispering Trowel","Šeptající Lopatka"
"StaticItemNames.shovelNames[460]","Crimson Digger","Karmínový Kopáč"
"StaticItemNames.shovelNames[461]","Obsidian Trencher","Obsidiánový Rýč"
"StaticItemNames.shovelNames[462]","Ancient Trowel","Starodávný Lopatka"
"StaticItemNames.shovelNames[463]","Forgotten Shovel","Zapomenutý Lopata"
"StaticItemNames.shovelNames[464]","Cursed Shovel","Prokletý Lopata"
"StaticItemNames.shovelNames[465]","Blessed Scoop","Požehnaný Naběračka"
"StaticItemNames.shovelNames[466]","Rusted Digger","Zrezlý Kopáč"
"StaticItemNames.shovelNames[467]","Gilded Trencher","Pozlacený Rýč"
"StaticItemNames.shovelNames[468]","Frozen Trowel","Zmrzlý Lopatka"
"StaticItemNames.shovelNames[469]","Burning Shovel","Planoucí Lopata"
"StaticItemNames.shovelNames[470]","Howling Digger","Vyjící Kopáč"
"StaticItemNames.shovelNames[471]","Silent Scoop","Tichý Naběračka"
"StaticItemNames.shovelNames[472]","Sunken Trencher","Potopený Rýč"
"StaticItemNames.shovelNames[473]","Verdant Trowel","Zelený Lopatka"
"StaticItemNames.shovelNames[474]","Withered Shovel","Uvadlý Lopata"
"StaticItemNames.shovelNames[475]","Hallowed Shovel","Posvátný Lopata"
"StaticItemNames.shovelNames[476]","Corrupted Digger","Zkažený Kopáč"
"StaticItemNames.shovelNames[477]","Shimmering Trencher","Třpytivý Rýč"
"StaticItemNames.shovelNames[478]","Thundering Trowel","Hromový Lopatka"
"StaticItemNames.shovelNames[479]","Whispering Shovel","Šeptající Lopata"
"StaticItemNames.shovelNames[480]","Crimson Trowel","Karmínový Lopatka"
"StaticItemNames.shovelNames[481]","Obsidian Digger","Obsidiánový Kopáč"
"StaticItemNames.shovelNames[482]","Ancient Scoop","Starodávný Naběračka"
"StaticItemNames.shovelNames[483]","Forgotten Trencher","Zapomenutý Rýč"
"StaticItemNames.shovelNames[484]","Cursed Trowel","Prokletý Lopatka"
"StaticItemNames.shovelNames[485]","Blessed Shovel","Požehnaný Lopata"
"StaticItemNames.shovelNames[486]","Rusted Scoop","Zrezlý Naběračka"
"StaticItemNames.shovelNames[487]","Gilded Digger","Pozlacený Kopáč"
"StaticItemNames.shovelNames[488]","Frozen Shovel","Zmrzlý Lopata"
"StaticItemNames.shovelNames[489]","Burning Shovel","Planoucí Lopata"
"StaticItemNames.shovelNames[490]","Howling Scoop","Vyjící Naběračka"
"StaticItemNames.shovelNames[491]","Silent Digger","Tichý Kopáč"
"StaticItemNames.shovelNames[492]","Sunken Trowel","Potopený Lopatka"
"StaticItemNames.shovelNames[493]","Verdant Shovel","Zelený Lopata"
"StaticItemNames.shovelNames[494]","Withered Shovel","Uvadlý Lopata"
"StaticItemNames.shovelNames[495]","Hallowed Digger","Posvátný Kopáč"
"StaticItemNames.shovelNames[496]","Corrupted Scoop","Zkažený Naběračka"
"StaticItemNames.shovelNames[497]","Shimmering Shovel","Třpytivý Lopata"
"StaticItemNames.shovelNames[498]","Thundering Shovel","Hromový Lopata"
"StaticItemNames.shovelNames[499]","Whispering Digger","Šeptající Kopáč"
"StaticItemNames.spearNames[0]","Impaler","Impaler"
"StaticItemNames.spearNames[1]","Dragon's Fang","Dragon's Fang"
"StaticItemNames.spearNames[2]","Tidepiercer","Tidepiercer"
"StaticItemNames.spearNames[3]","The Lancer","The Lancer"
"StaticItemNames.spearNames[4]","Skywarden","Skywarden"
"StaticItemNames.spearNames[5]","Serpent's Tongue","Serpent's Tongue"
"StaticItemNames.spearNames[6]","Ashpiercer","Ashpiercer"
"StaticItemNames.spearNames[7]","Stormspear","Stormspear"
"StaticItemNames.spearNames[8]","The Skewer","The Skewer"
"StaticItemNames.spearNames[9]","Voidlance","Voidlance"
"StaticItemNames.spearNames[10]","Frostpike","Frostpike"
"StaticItemNames.spearNames[11]","Crimson Javelin","Crimson Javelin"
"StaticItemNames.spearNames[12]","Spear of the Fallen","Spear of the Fallen"
"StaticItemNames.spearNames[13]","Doomthorn","Doomthorn"
"StaticItemNames.spearNames[14]","Windpiercer","Windpiercer"
"StaticItemNames.spearNames[15]","The Harpoon","The Harpoon"
"StaticItemNames.spearNames[16]","Shadowlance","Shadowlance"
"StaticItemNames.spearNames[17]","Blazespear","Blazespear"
"StaticItemNames.spearNames[18]","Bonepiercer","Bonepiercer"
"StaticItemNames.spearNames[19]","The Impaler's Touch","The Impaler's Touch"
"StaticItemNames.spearNames[20]","Spear of Ruin","Spear of Ruin"
"StaticItemNames.spearNames[21]","Nightthorn","Nightthorn"
"StaticItemNames.spearNames[22]","Thunderlance","Thunderlance"
"StaticItemNames.spearNames[23]","The Stinger","The Stinger"
"StaticItemNames.spearNames[24]","Spear of Agony","Spear of Agony"
"StaticItemNames.spearNames[25]","Ironpike","Ironpike"
"StaticItemNames.spearNames[26]","Felspear","Felspear"
"StaticItemNames.spearNames[27]","The Longreach","The Longreach"
"StaticItemNames.spearNames[28]","Spear of the Colossus","Spear of the Colossus"
"StaticItemNames.spearNames[29]","Grimthorn","Grimthorn"
"StaticItemNames.spearNames[30]","Emberlance","Emberlance"
"StaticItemNames.spearNames[31]","The Piercing Wind","The Piercing Wind"
"StaticItemNames.spearNames[32]","Spear of the Abyss","Spear of the Abyss"
"StaticItemNames.spearNames[33]","Venomtip","Venomtip"
"StaticItemNames.spearNames[34]","Frostlance","Frostlance"
"StaticItemNames.spearNames[35]","The Goring Spike","The Goring Spike"
"StaticItemNames.spearNames[36]","Spear of the Storm","Spear of the Storm"
"StaticItemNames.spearNames[37]","Warspike","Warspike"
"StaticItemNames.spearNames[38]","Dreadlance","Dreadlance"
"StaticItemNames.spearNames[39]","The Needle","The Needle"
"StaticItemNames.spearNames[40]","Spear of Despair","Spear of Despair"
"StaticItemNames.spearNames[41]","Steelthorn","Steelthorn"
"StaticItemNames.spearNames[42]","Blazepike","Blazepike"
"StaticItemNames.spearNames[43]","The Ranseur","The Ranseur"
"StaticItemNames.spearNames[44]","Spear of the Warchief","Spear of the Warchief"
"StaticItemNames.spearNames[45]","Nightpiercer","Nightpiercer"
"StaticItemNames.spearNames[46]","Thunderspear","Thunderspear"
"StaticItemNames.spearNames[47]","The Asp","The Asp"
"StaticItemNames.spearNames[48]","Spear of the Pit","Spear of the Pit"
"StaticItemNames.spearNames[49]","Shadowpike","Shadowpike"
"StaticItemNames.spearNames[50]","Flamelance","Flamelance"
"StaticItemNames.spearNames[51]","The Gig","The Gig"
"StaticItemNames.spearNames[52]","Spear of the Overlord","Spear of the Overlord"
"StaticItemNames.spearNames[53]","Grimspear","Grimspear"
"StaticItemNames.spearNames[54]","Frostthorn","Frostthorn"
"StaticItemNames.spearNames[55]","The Impaling Light","The Impaling Light"
"StaticItemNames.spearNames[56]","Spear of the Grave","Spear of the Grave"
"StaticItemNames.spearNames[57]","Bloodlance","Bloodlance"
"StaticItemNames.spearNames[58]","Stormthorn","Stormthorn"
"StaticItemNames.spearNames[59]","The Javelin of Fate","The Javelin of Fate"
"StaticItemNames.spearNames[60]","Spear of the Damned","Spear of the Damned"
"StaticItemNames.spearNames[61]","Emberspear","Emberspear"
"StaticItemNames.spearNames[62]","Voidpike","Voidpike"
"StaticItemNames.spearNames[63]","The Pricker","The Pricker"
"StaticItemNames.spearNames[64]","Spear of the Forge","Spear of the Forge"
"StaticItemNames.spearNames[65]","Warthorn","Warthorn"
"StaticItemNames.spearNames[66]","Doomspear","Doomspear"
"StaticItemNames.spearNames[67]","The Barbed Fang","The Barbed Fang"
"StaticItemNames.spearNames[68]","Spear of the Horde","Spear of the Horde"
"StaticItemNames.spearNames[69]","Ashlance","Ashlance"
"StaticItemNames.spearNames[70]","Frostspear","Frostspear"
"StaticItemNames.spearNames[71]","The Spike of Sorrow","The Spike of Sorrow"
"StaticItemNames.spearNames[72]","Spear of the Sentinel","Spear of the Sentinel"
"StaticItemNames.spearNames[73]","Ironlance","Ironlance"
"StaticItemNames.spearNames[74]","Chaosthorn","Chaosthorn"
"StaticItemNames.spearNames[75]","The Whittler","The Whittler"
"StaticItemNames.spearNames[76]","Spear of the Undying","Spear of the Undying"
"StaticItemNames.spearNames[77]","Netherspear","Netherspear"
"StaticItemNames.spearNames[78]","Blazethorn","Blazethorn"
"StaticItemNames.spearNames[79]","The Longfang","The Longfang"
"StaticItemNames.spearNames[80]","Spear of Retribution","Spear of Retribution"
"StaticItemNames.spearNames[81]","Grimjab","Grimjab"
"StaticItemNames.spearNames[82]","Viperlance","Viperlance"
"StaticItemNames.spearNames[83]","The Prodder","The Prodder"
"StaticItemNames.spearNames[84]","Spear of the Conqueror","Spear of the Conqueror"
"StaticItemNames.spearNames[85]","Nightlance","Nightlance"
"StaticItemNames.spearNames[86]","Thunderthorn","Thunderthorn"
"StaticItemNames.spearNames[87]","The Goading Spear","The Goading Spear"
"StaticItemNames.spearNames[88]","Spear of the Reaver","Spear of the Reaver"
"StaticItemNames.spearNames[89]","Warspear","Warspear"
"StaticItemNames.spearNames[90]","Frostjab","Frostjab"
"StaticItemNames.spearNames[91]","The Phalanx","The Phalanx"
"StaticItemNames.spearNames[92]","Spear of the Bloodline","Spear of the Bloodline"
"StaticItemNames.spearNames[93]","Shadowthorn","Shadowthorn"
"StaticItemNames.spearNames[94]","Emberpike","Emberpike"
"StaticItemNames.spearNames[95]","The Spine","The Spine"
"StaticItemNames.spearNames[96]","Spear of the Gladiator","Spear of the Gladiator"
"StaticItemNames.spearNames[97]","Dreadspear","Dreadspear"
"StaticItemNames.spearNames[98]","Blazejab","Blazejab"
"StaticItemNames.spearNames[99]","The Reach of Death","The Reach of Death"
"StaticItemNames.spearNames[100]","Spear of the Titan","Spear of the Titan"
"StaticItemNames.spearNames[101]","Grimspike","Grimspike"
"StaticItemNames.spearNames[102]","Stormjab","Stormjab"
"StaticItemNames.spearNames[103]","The Thistle","The Thistle"
"StaticItemNames.spearNames[104]","Spear of Perdition","Spear of Perdition"
"StaticItemNames.spearNames[105]","Warpike","Warpike"
"StaticItemNames.spearNames[106]","Ashspear","Ashspear"
"StaticItemNames.spearNames[107]","The Horn of War","The Horn of War"
"StaticItemNames.spearNames[108]","Spear of the Black Sun","Spear of the Black Sun"
"StaticItemNames.spearNames[109]","Voidthorn","Voidthorn"
"StaticItemNames.spearNames[110]","Frostspike","Frostspike"
"StaticItemNames.spearNames[111]","The Prodding Flame","The Prodding Flame"
"StaticItemNames.spearNames[112]","Spear of the Marauder","Spear of the Marauder"
"StaticItemNames.spearNames[113]","Ironspear","Ironspear"
"StaticItemNames.spearNames[114]","Chaospike","Chaospike"
"StaticItemNames.spearNames[115]","The Barb","The Barb"
"StaticItemNames.spearNames[116]","Spear of the Raider","Spear of the Raider"
"StaticItemNames.spearNames[117]","Nightspear","Nightspear"
"StaticItemNames.spearNames[118]","Thunderpike","Thunderpike"
"StaticItemNames.spearNames[119]","The Dragon's Tooth","The Dragon's Tooth"
"StaticItemNames.spearNames[120]","Spear of the Savage","Spear of the Savage"
"StaticItemNames.spearNames[121]","Emberthorn","Emberthorn"
"StaticItemNames.spearNames[122]","Doomjab","Doomjab"
"StaticItemNames.spearNames[123]","The Skullpiercer","The Skullpiercer"
"StaticItemNames.spearNames[124]","Spear of the Elder","Spear of the Elder"
"StaticItemNames.spearNames[125]","Grimlance","Grimlance"
"StaticItemNames.spearNames[126]","Blazelance","Blazelance"
"StaticItemNames.spearNames[127]","The Oathkeeper","The Oathkeeper"
"StaticItemNames.spearNames[128]","Spear of the Ashen Lord","Spear of the Ashen Lord"
"StaticItemNames.spearNames[129]","Warlance","Warlance"
"StaticItemNames.spearNames[130]","Froststrike Spear","Froststrike Spear"
"StaticItemNames.spearNames[131]","The Wyvern's Sting","The Wyvern's Sting"
"StaticItemNames.spearNames[132]","Spear of the Runekeeper","Spear of the Runekeeper"
"StaticItemNames.spearNames[133]","Shadowspear","Shadowspear"
"StaticItemNames.spearNames[134]","Emberjab","Emberjab"
"StaticItemNames.spearNames[135]","The Gouger","The Gouger"
"StaticItemNames.spearNames[136]","Spear of the Void","Spear of the Void"
"StaticItemNames.spearNames[137]","Dreadthorn","Dreadthorn"
"StaticItemNames.spearNames[138]","Nightjab","Nightjab"
"StaticItemNames.spearNames[139]","The Talon","The Talon"
"StaticItemNames.spearNames[140]","Spear of the Warden","Spear of the Warden"
"StaticItemNames.spearNames[141]","Stormspike","Stormspike"
"StaticItemNames.spearNames[142]","Flamepike","Flamepike"
"StaticItemNames.spearNames[143]","The Silverthorn","The Silverthorn"
"StaticItemNames.spearNames[144]","Spear of the Ironclad","Spear of the Ironclad"
"StaticItemNames.spearNames[145]","Grimjab Spear","Grimjab Spear"
"StaticItemNames.spearNames[146]","Voidlance Strike","Voidlance Strike"
"StaticItemNames.spearNames[147]","The Long Shadow","The Long Shadow"
"StaticItemNames.spearNames[148]","Spear of the Warpath","Spear of the Warpath"
"StaticItemNames.spearNames[149]","Ashpike","Ashpike"
"StaticItemNames.spearNames[150]","Thunderjab","Thunderjab"
"StaticItemNames.spearNames[151]","The Viper's Kiss","The Viper's Kiss"
"StaticItemNames.spearNames[152]","Spear of the Vengeful","Spear of the Vengeful"
"StaticItemNames.spearNames[153]","Wartip","Wartip"
"StaticItemNames.spearNames[154]","Frostlance Strike","Frostlance Strike"
"StaticItemNames.spearNames[155]","The Sunpiercer","The Sunpiercer"
"StaticItemNames.spearNames[156]","Spear of the Red Dawn","Spear of the Red Dawn"
"StaticItemNames.spearNames[157]","Chaosthorn Spear","Chaosthorn Spear"
"StaticItemNames.spearNames[158]","Emblaze","Emblaze"
"StaticItemNames.spearNames[159]","The Reaching Fang","The Reaching Fang"
"StaticItemNames.spearNames[160]","Spear of the Last Stand","Spear of the Last Stand"
"StaticItemNames.spearNames[161]","Doomthorn Spear","Doomthorn Spear"
"StaticItemNames.spearNames[162]","Nightthorn Spear","Nightthorn Spear"
"StaticItemNames.spearNames[163]","The Scorpion's Tail","The Scorpion's Tail"
"StaticItemNames.spearNames[164]","Spear of the Endless War","Spear of the Endless War"
"StaticItemNames.spearNames[165]","Grimthorn Lance","Grimthorn Lance"
"StaticItemNames.spearNames[166]","Stormborne Spear","Stormborne Spear"
"StaticItemNames.spearNames[167]","The Primal Jab","The Primal Jab"
"StaticItemNames.spearNames[168]","Spear of the Thornlands","Spear of the Thornlands"
"StaticItemNames.spearNames[169]","Ironstrike Spear","Ironstrike Spear"
"StaticItemNames.spearNames[170]","Blazethorn Lance","Blazethorn Lance"
"StaticItemNames.spearNames[171]","The Cobra's Fang","The Cobra's Fang"
"StaticItemNames.spearNames[172]","Spear of the Breaker","Spear of the Breaker"
"StaticItemNames.spearNames[173]","Shadowjab","Shadowjab"
"StaticItemNames.spearNames[174]","Frostthorn Lance","Frostthorn Lance"
"StaticItemNames.spearNames[175]","The Gryphon's Claw","The Gryphon's Claw"
"StaticItemNames.spearNames[176]","Spear of the Crimson Path","Spear of the Crimson Path"
"StaticItemNames.spearNames[177]","Warjab","Warjab"
"StaticItemNames.spearNames[178]","Emberspike","Emberspike"
"StaticItemNames.spearNames[179]","The Lancing Light","The Lancing Light"
"StaticItemNames.spearNames[180]","Spear of the Frostbound","Spear of the Frostbound"
"StaticItemNames.spearNames[181]","Dreadjab","Dreadjab"
"StaticItemNames.spearNames[182]","Thunderlance Strike","Thunderlance Strike"
"StaticItemNames.spearNames[183]","The Mantis Strike","The Mantis Strike"
"StaticItemNames.spearNames[184]","Spear of the Searing Sun","Spear of the Searing Sun"
"StaticItemNames.spearNames[185]","Grimspear Lance","Grimspear Lance"
"StaticItemNames.spearNames[186]","Ashborne Spear","Ashborne Spear"
"StaticItemNames.spearNames[187]","The Pike of Ages","The Pike of Ages"
"StaticItemNames.spearNames[188]","Spear of the Bonefield","Spear of the Bonefield"
"StaticItemNames.spearNames[189]","Voidjab","Voidjab"
"StaticItemNames.spearNames[190]","Nightpike","Nightpike"
"StaticItemNames.spearNames[191]","The Gashing Spear","The Gashing Spear"
"StaticItemNames.spearNames[192]","Spear of the Bloodforge","Spear of the Bloodforge"
"StaticItemNames.spearNames[193]","Flamejab","Flamejab"
"StaticItemNames.spearNames[194]","Chaoslance","Chaoslance"
"StaticItemNames.spearNames[195]","The Long Fang","The Long Fang"
"StaticItemNames.spearNames[196]","Spear of the Withered","Spear of the Withered"
"StaticItemNames.spearNames[197]","Warborne Spear","Warborne Spear"
"StaticItemNames.spearNames[198]","Frostjab Lance","Frostjab Lance"
"StaticItemNames.spearNames[199]","The Eagle's Talon","The Eagle's Talon"
"StaticItemNames.spearNames[200]","Spear of the Broken Realm","Spear of the Broken Realm"
"StaticItemNames.spearNames[201]","Emberlance Strike","Emberlance Strike"
"StaticItemNames.spearNames[202]","Doomspike","Doomspike"
"StaticItemNames.spearNames[203]","The Centaur's Reach","The Centaur's Reach"
"StaticItemNames.spearNames[204]","Spear of the Stormborn","Spear of the Stormborn"
"StaticItemNames.spearNames[205]","Steelpike","Steelpike"
"StaticItemNames.spearNames[206]","Ashjab","Ashjab"
"StaticItemNames.spearNames[207]","The Piercing Fury","The Piercing Fury"
"StaticItemNames.spearNames[208]","Spear of the Iron Throne","Spear of the Iron Throne"
"StaticItemNames.spearNames[209]","Netherlance","Netherlance"
"StaticItemNames.spearNames[210]","Shadowpike Lance","Shadowpike Lance"
"StaticItemNames.spearNames[211]","The Hawk's Dive","The Hawk's Dive"
"StaticItemNames.spearNames[212]","Spear of the Runeforge","Spear of the Runeforge"
"StaticItemNames.spearNames[213]","Grimstrike Spear","Grimstrike Spear"
"StaticItemNames.spearNames[214]","Blazejab Lance","Blazejab Lance"
"StaticItemNames.spearNames[215]","The Serpentine","The Serpentine"
"StaticItemNames.spearNames[216]","Spear of the Scarred Earth","Spear of the Scarred Earth"
"StaticItemNames.spearNames[217]","Frostborne Spear","Frostborne Spear"
"StaticItemNames.spearNames[218]","Thunderspike","Thunderspike"
"StaticItemNames.spearNames[219]","The Grim Reach","The Grim Reach"
"StaticItemNames.spearNames[220]","Spear of the Blighted Wood","Spear of the Blighted Wood"
"StaticItemNames.spearNames[221]","Ironjab","Ironjab"
"StaticItemNames.spearNames[222]","Nightlance Strike","Nightlance Strike"
"StaticItemNames.spearNames[223]","The Feathered Spear","The Feathered Spear"
"StaticItemNames.spearNames[224]","Spear of the Howling North","Spear of the Howling North"
"StaticItemNames.spearNames[225]","Voidspur","Voidspur"
"StaticItemNames.spearNames[226]","Emberthorn Lance","Emberthorn Lance"
"StaticItemNames.spearNames[227]","The Wolverine","The Wolverine"
"StaticItemNames.spearNames[228]","Spear of the Burning Sky","Spear of the Burning Sky"
"StaticItemNames.spearNames[229]","Warpike Lance","Warpike Lance"
"StaticItemNames.spearNames[230]","Froststrike Lance","Froststrike Lance"
"StaticItemNames.spearNames[231]","The Siren's Call","The Siren's Call"
"StaticItemNames.spearNames[232]","Spear of the Shattered Throne","Spear of the Shattered Throne"
"StaticItemNames.spearNames[233]","Dreadstrike Spear","Dreadstrike Spear"
"StaticItemNames.spearNames[234]","Ashspike","Ashspike"
"StaticItemNames.spearNames[235]","The Raptor's Claw","The Raptor's Claw"
"StaticItemNames.spearNames[236]","Spear of the Dreadlord","Spear of the Dreadlord"
"StaticItemNames.spearNames[237]","Grimlance Strike","Grimlance Strike"
"StaticItemNames.spearNames[238]","Stormthorn Lance","Stormthorn Lance"
"StaticItemNames.spearNames[239]","The Warden's Reach","The Warden's Reach"
"StaticItemNames.spearNames[240]","Spear of the Wraith","Spear of the Wraith"
"StaticItemNames.spearNames[241]","Chaoslance Strike","Chaoslance Strike"
"StaticItemNames.spearNames[242]","Flamespear","Flamespear"
"StaticItemNames.spearNames[243]","The Dire Wolf's Fang","The Dire Wolf's Fang"
"StaticItemNames.spearNames[244]","Spear of the Iron Wolf","Spear of the Iron Wolf"
"StaticItemNames.spearNames[245]","Nightthorn Lance","Nightthorn Lance"
"StaticItemNames.spearNames[246]","Thunderjab Lance","Thunderjab Lance"
"StaticItemNames.spearNames[247]","The Barbed Lance","The Barbed Lance"
"StaticItemNames.spearNames[248]","Spear of the Black Forest","Spear of the Black Forest"
"StaticItemNames.spearNames[249]","Shadowlance Strike","Shadowlance Strike"
"StaticItemNames.spearNames[250]","Doomthorn Lance","Doomthorn Lance"
"StaticItemNames.spearNames[251]","The Horizon's Edge","The Horizon's Edge"
"StaticItemNames.spearNames[252]","Spear of the Frozen Wastes","Spear of the Frozen Wastes"
"StaticItemNames.spearNames[253]","Blazestrike Spear","Blazestrike Spear"
"StaticItemNames.spearNames[254]","Frostspur","Frostspur"
"StaticItemNames.spearNames[255]","The Wolverine's Fang","The Wolverine's Fang"
"StaticItemNames.spearNames[256]","Spear of the Wildlands","Spear of the Wildlands"
"StaticItemNames.spearNames[257]","Ironspur","Ironspur"
"StaticItemNames.spearNames[258]","Emberjab Lance","Emberjab Lance"
"StaticItemNames.spearNames[259]","The Gryphon's Talon","The Gryphon's Talon"
"StaticItemNames.spearNames[260]","Spear of the Wilds","Spear of the Wilds"
"StaticItemNames.spearNames[261]","Grimjab Lance","Grimjab Lance"
"StaticItemNames.spearNames[262]","Warjab Lance","Warjab Lance"
"StaticItemNames.spearNames[263]","The Falcon's Strike","The Falcon's Strike"
"StaticItemNames.spearNames[264]","Spear of the Unyielding","Spear of the Unyielding"
"StaticItemNames.spearNames[265]","Stormjab Lance","Stormjab Lance"
"StaticItemNames.spearNames[266]","Nightspur","Nightspur"
"StaticItemNames.spearNames[267]","The Mantis Claw","The Mantis Claw"
"StaticItemNames.spearNames[268]","Spear of the Windwalker","Spear of the Windwalker"
"StaticItemNames.spearNames[269]","Ashstrike Spear","Ashstrike Spear"
"StaticItemNames.spearNames[270]","Voidstrike Spear","Voidstrike Spear"
"StaticItemNames.spearNames[271]","The Valkyrie's Point","The Valkyrie's Point"
"StaticItemNames.spearNames[272]","Spear of the Forgotten","Spear of the Forgotten"
"StaticItemNames.spearNames[273]","Dreadpike","Dreadpike"
"StaticItemNames.spearNames[274]","Chaospike Lance","Chaospike Lance"
"StaticItemNames.spearNames[275]","The Harpy's Reach","The Harpy's Reach"
"StaticItemNames.spearNames[276]","Spear of the Dire","Spear of the Dire"
"StaticItemNames.spearNames[277]","Froststrike Spear","Froststrike Spear"
"StaticItemNames.spearNames[278]","Shadowstrike Spear","Shadowstrike Spear"
"StaticItemNames.spearNames[279]","The Pegasus Lance","The Pegasus Lance"
"StaticItemNames.spearNames[280]","Spear of Woe","Spear of Woe"
"StaticItemNames.spearNames[281]","Blazeborne Spear","Blazeborne Spear"
"StaticItemNames.spearNames[282]","Thunderborne Spear","Thunderborne Spear"
"StaticItemNames.spearNames[283]","The Chimera's Horn","The Chimera's Horn"
"StaticItemNames.spearNames[284]","Spear of the Hallowed","Spear of the Hallowed"
"StaticItemNames.spearNames[285]","Grimspur","Grimspur"
"StaticItemNames.spearNames[286]","Netherjab","Netherjab"
"StaticItemNames.spearNames[287]","The Phoenix Feather","The Phoenix Feather"
"StaticItemNames.spearNames[288]","Spear of the Ancient","Spear of the Ancient"
"StaticItemNames.spearNames[289]","Warspur","Warspur"
"StaticItemNames.spearNames[290]","Emberspur","Emberspur"
"StaticItemNames.spearNames[291]","The Stork's Beak","The Stork's Beak"
"StaticItemNames.spearNames[292]","Spear of the Tempest","Spear of the Tempest"
"StaticItemNames.spearNames[293]","Ironspur Lance","Ironspur Lance"
"StaticItemNames.spearNames[294]","Flamejab Lance","Flamejab Lance"
"StaticItemNames.spearNames[295]","The Heron's Strike","The Heron's Strike"
"StaticItemNames.spearNames[296]","Spear of the Eternal","Spear of the Eternal"
"StaticItemNames.spearNames[297]","Nightstrike Spear","Nightstrike Spear"
"StaticItemNames.spearNames[298]","Frostspur Lance","Frostspur Lance"
"StaticItemNames.spearNames[299]","The Drake's Fang","The Drake's Fang"
"StaticItemNames.spearNames[300]","Spear of the Dark Throne","Spear of the Dark Throne"
"StaticItemNames.spearNames[301]","Shadowspur","Shadowspur"
"StaticItemNames.spearNames[302]","Doomjab Lance","Doomjab Lance"
"StaticItemNames.spearNames[303]","The Wyvern's Lance","The Wyvern's Lance"
"StaticItemNames.spearNames[304]","Spear of the Grim Lord","Spear of the Grim Lord"
"StaticItemNames.spearNames[305]","Ashspur","Ashspur"
"StaticItemNames.spearNames[306]","Thunderspur","Thunderspur"
"StaticItemNames.spearNames[307]","The Cockatrice Spike","The Cockatrice Spike"
"StaticItemNames.spearNames[308]","Spear of the Hollow","Spear of the Hollow"
"StaticItemNames.spearNames[309]","Chaosspur","Chaosspur"
"StaticItemNames.spearNames[310]","Blazespur","Blazespur"
"StaticItemNames.spearNames[311]","The Basilisk's Fang","The Basilisk's Fang"
"StaticItemNames.spearNames[312]","Spear of the Sundered","Spear of the Sundered"
"StaticItemNames.spearNames[313]","Grimstrike Lance","Grimstrike Lance"
"StaticItemNames.spearNames[314]","Warborne Lance","Warborne Lance"
"StaticItemNames.spearNames[315]","The Crane's Reach","The Crane's Reach"
"StaticItemNames.spearNames[316]","Spear of the Thunderborn","Spear of the Thunderborn"
"StaticItemNames.spearNames[317]","Voidstrike Lance","Voidstrike Lance"
"StaticItemNames.spearNames[318]","Netherstrike Spear","Netherstrike Spear"
"StaticItemNames.spearNames[319]","The Gargoyle's Point","The Gargoyle's Point"
"StaticItemNames.spearNames[320]","Spear of the Desolate","Spear of the Desolate"
"StaticItemNames.spearNames[321]","Emberstrike Spear","Emberstrike Spear"
"StaticItemNames.spearNames[322]","Frostborne Lance","Frostborne Lance"
"StaticItemNames.spearNames[323]","The Griffin's Lance","The Griffin's Lance"
"StaticItemNames.spearNames[324]","Spear of the Warlord","Spear of the Warlord"
"StaticItemNames.spearNames[325]","Nightborne Spear","Nightborne Spear"
"StaticItemNames.spearNames[326]","Dreadstrike Lance","Dreadstrike Lance"
"StaticItemNames.spearNames[327]","The Minotaur's Horn","The Minotaur's Horn"
"StaticItemNames.spearNames[328]","Spear of the Bloodhunt","Spear of the Bloodhunt"
"StaticItemNames.spearNames[329]","Stormstrike Spear","Stormstrike Spear"
"StaticItemNames.spearNames[330]","Ashborne Lance","Ashborne Lance"
"StaticItemNames.spearNames[331]","The Unicorn's Horn","The Unicorn's Horn"
"StaticItemNames.spearNames[332]","Spear of the Primal","Spear of the Primal"
"StaticItemNames.spearNames[333]","Ironborne Spear","Ironborne Spear"
"StaticItemNames.spearNames[334]","Chaosborne Spear","Chaosborne Spear"
"StaticItemNames.spearNames[335]","The Thunderbird's Talon","The Thunderbird's Talon"
"StaticItemNames.spearNames[336]","Spear of the Forsaken","Spear of the Forsaken"
"StaticItemNames.spearNames[337]","Blazeborne Lance","Blazeborne Lance"
"StaticItemNames.spearNames[338]","Shadowborne Spear","Shadowborne Spear"
"StaticItemNames.spearNames[339]","The Raven's Beak","The Raven's Beak"
"StaticItemNames.spearNames[340]","Spear of the Dire Wolf","Spear of the Dire Wolf"
"StaticItemNames.spearNames[341]","Grimborne Spear","Grimborne Spear"
"StaticItemNames.spearNames[342]","Thunderborne Lance","Thunderborne Lance"
"StaticItemNames.spearNames[343]","The Condor's Reach","The Condor's Reach"
"StaticItemNames.spearNames[344]","Spear of the Scarred Throne","Spear of the Scarred Throne"
"StaticItemNames.spearNames[345]","Voidborne Spear","Voidborne Spear"
"StaticItemNames.spearNames[346]","Emberborne Spear","Emberborne Spear"
"StaticItemNames.spearNames[347]","The Serpent's Reach","The Serpent's Reach"
"StaticItemNames.spearNames[348]","Spear of the Last Dawn","Spear of the Last Dawn"
"StaticItemNames.spearNames[349]","Warborne Spear Lance","Warborne Spear Lance"
"StaticItemNames.spearNames[350]","Frostborne Spear Lance","Frostborne Spear Lance"
"StaticItemNames.spearNames[351]","The Osprey's Dive","The Osprey's Dive"
"StaticItemNames.spearNames[352]","Spear of the Broken Crown","Spear of the Broken Crown"
"StaticItemNames.spearNames[353]","Nightborne Lance","Nightborne Lance"
"StaticItemNames.spearNames[354]","Doomborne Spear","Doomborne Spear"
"StaticItemNames.spearNames[355]","The Falcon's Talon","The Falcon's Talon"
"StaticItemNames.spearNames[356]","Spear of the Shadow Throne","Spear of the Shadow Throne"
"StaticItemNames.spearNames[357]","Ashborne Spear Lance","Ashborne Spear Lance"
"StaticItemNames.spearNames[358]","Stormborne Lance","Stormborne Lance"
"StaticItemNames.spearNames[359]","The Kestrel's Point","The Kestrel's Point"
"StaticItemNames.spearNames[360]","Spear of the Endless Night","Spear of the Endless Night"
"StaticItemNames.spearNames[361]","Chaosborne Lance","Chaosborne Lance"
"StaticItemNames.spearNames[362]","Ironborne Lance","Ironborne Lance"
"StaticItemNames.spearNames[363]","The Phoenix Lance","The Phoenix Lance"
"StaticItemNames.spearNames[364]","Spear of the Fallen Star","Spear of the Fallen Star"
"StaticItemNames.spearNames[365]","Blazeborne Spear Lance","Blazeborne Spear Lance"
"StaticItemNames.spearNames[366]","Grimborne Lance","Grimborne Lance"
"StaticItemNames.spearNames[367]","The Dragon's Reach","The Dragon's Reach"
"StaticItemNames.spearNames[368]","Spear of the Forsaken Throne","Spear of the Forsaken Throne"
"StaticItemNames.spearNames[369]","Steelspur","Steelspur"
"StaticItemNames.spearNames[370]","Doompike Lance","Doompike Lance"
"StaticItemNames.spearNames[371]","The Scorpion Lance","The Scorpion Lance"
"StaticItemNames.spearNames[372]","Spear of the Ashen Gate","Spear of the Ashen Gate"
"StaticItemNames.spearNames[373]","Moonspur","Moonspur"
"StaticItemNames.spearNames[374]","Hellpike","Hellpike"
"StaticItemNames.spearNames[375]","The Viper's Reach","The Viper's Reach"
"StaticItemNames.spearNames[376]","Spear of the Dire Keep","Spear of the Dire Keep"
"StaticItemNames.spearNames[377]","Runespur","Runespur"
"StaticItemNames.spearNames[378]","Felborn Spear","Felborn Spear"
"StaticItemNames.spearNames[379]","The Watcher's Pike","The Watcher's Pike"
"StaticItemNames.spearNames[380]","Spear of the Barren Wastes","Spear of the Barren Wastes"
"StaticItemNames.spearNames[381]","Duskspur","Duskspur"
"StaticItemNames.spearNames[382]","Galeborn Spear","Galeborn Spear"
"StaticItemNames.spearNames[383]","The Hornet's Sting","The Hornet's Sting"
"StaticItemNames.spearNames[384]","Spear of the Cinderlands","Spear of the Cinderlands"
"StaticItemNames.spearNames[385]","Brimstone Pike","Brimstone Pike"
"StaticItemNames.spearNames[386]","Steelborne Spear","Steelborne Spear"
"StaticItemNames.spearNames[387]","The Wasp's Point","The Wasp's Point"
"StaticItemNames.spearNames[388]","Spear of the Wailing Dark","Spear of the Wailing Dark"
"StaticItemNames.spearNames[389]","Moonpike","Moonpike"
"StaticItemNames.spearNames[390]","Duskborn Spear","Duskborn Spear"
"StaticItemNames.spearNames[391]","The Adder's Kiss","The Adder's Kiss"
"StaticItemNames.spearNames[392]","Spear of the Scarlet Dawn","Spear of the Scarlet Dawn"
"StaticItemNames.spearNames[393]","Galespear","Galespear"
"StaticItemNames.spearNames[394]","Runelance","Runelance"
"StaticItemNames.spearNames[395]","The Locust Spike","The Locust Spike"
"StaticItemNames.spearNames[396]","Spear of the Grey Wolf","Spear of the Grey Wolf"
"StaticItemNames.spearNames[397]","Felspike","Felspike"
"StaticItemNames.spearNames[398]","Brimstone Lance","Brimstone Lance"
"StaticItemNames.spearNames[399]","The Firefly's Point","The Firefly's Point"
"StaticItemNames.spearNames[400]","Spear of the Burning Sands","Spear of the Burning Sands"
"StaticItemNames.spearNames[401]","Steelborn Lance","Steelborn Lance"
"StaticItemNames.spearNames[402]","Moonlance","Moonlance"
"StaticItemNames.spearNames[403]","The Thorn of Sorrow","The Thorn of Sorrow"
"StaticItemNames.spearNames[404]","Spear of the Sundered Peak","Spear of the Sundered Peak"
"StaticItemNames.spearNames[405]","Duststrike Spear","Duststrike Spear"
"StaticItemNames.spearNames[406]","Galethorn","Galethorn"
"StaticItemNames.spearNames[407]","The Venom Lance","The Venom Lance"
"StaticItemNames.spearNames[408]","Spear of the Barren Throne","Spear of the Barren Throne"
"StaticItemNames.spearNames[409]","Runethorn","Runethorn"
"StaticItemNames.spearNames[410]","Brimstone Spear","Brimstone Spear"
"StaticItemNames.spearNames[411]","The Eagle's Reach","The Eagle's Reach"
"StaticItemNames.spearNames[412]","Spear of the Shattered Gate","Spear of the Shattered Gate"
"StaticItemNames.spearNames[413]","Dawnpiercer","Dawnpiercer"
"StaticItemNames.spearNames[414]","Dustborn Spear","Dustborn Spear"
"StaticItemNames.spearNames[415]","The Cobra's Reach","The Cobra's Reach"
"StaticItemNames.spearNames[416]","Spear of the Hollow Mountain","Spear of the Hollow Mountain"
"StaticItemNames.spearNames[417]","Moonborn Spear","Moonborn Spear"
"StaticItemNames.spearNames[418]","Galeborne Lance","Galeborne Lance"
"StaticItemNames.spearNames[419]","The Scorpion's Reach","The Scorpion's Reach"
"StaticItemNames.spearNames[420]","Spear of the Savage Throne","Spear of the Savage Throne"
"StaticItemNames.spearNames[421]","Brimstone Thorn","Brimstone Thorn"
"StaticItemNames.spearNames[422]","Dustpike","Dustpike"
"StaticItemNames.spearNames[423]","The Hawk's Talon","The Hawk's Talon"
"StaticItemNames.spearNames[424]","Spear of the Blood Moon","Spear of the Blood Moon"
"StaticItemNames.spearNames[425]","Dawnlance","Dawnlance"
"StaticItemNames.spearNames[426]","Runeborn Spear","Runeborn Spear"
"StaticItemNames.spearNames[427]","The Crane's Point","The Crane's Point"
"StaticItemNames.spearNames[428]","Spear of the Lost King","Spear of the Lost King"
"StaticItemNames.spearNames[429]","Galespur","Galespur"
"StaticItemNames.spearNames[430]","Moonborne Spear","Moonborne Spear"
"StaticItemNames.spearNames[431]","The Vulture's Reach","The Vulture's Reach"
"StaticItemNames.spearNames[432]","Spear of the Direwood","Spear of the Direwood"
"StaticItemNames.spearNames[433]","Dustspur","Dustspur"
"StaticItemNames.spearNames[434]","Dawnborn Spear","Dawnborn Spear"
"StaticItemNames.spearNames[435]","The Hornet's Reach","The Hornet's Reach"
"StaticItemNames.spearNames[436]","Spear of the Frozen Gate","Spear of the Frozen Gate"
"StaticItemNames.spearNames[437]","Runeborne Spear","Runeborne Spear"
"StaticItemNames.spearNames[438]","Brimbane Lance","Brimbane Lance"
"StaticItemNames.spearNames[439]","The Wasp's Reach","The Wasp's Reach"
"StaticItemNames.spearNames[440]","Spear of the Ember Crown","Spear of the Ember Crown"
"StaticItemNames.spearNames[441]","Galestrike Spear","Galestrike Spear"
"StaticItemNames.spearNames[442]","Moonpiercer","Moonpiercer"
"StaticItemNames.spearNames[443]","The Adder's Reach","The Adder's Reach"
"StaticItemNames.spearNames[444]","Spear of the Silent Forest","Spear of the Silent Forest"
"StaticItemNames.spearNames[445]","Dustlance","Dustlance"
"StaticItemNames.spearNames[446]","Dawnstrike Spear","Dawnstrike Spear"
"StaticItemNames.spearNames[447]","The Northern Pike","The Northern Pike"
"StaticItemNames.spearNames[448]","Brimbane Spear","Brimbane Spear"
"StaticItemNames.spearNames[449]","The Hornet's Point","The Hornet's Point"
"StaticItemNames.spearNames[450]","Spear of the Ashen Wastes","Spear of the Ashen Wastes"
"StaticItemNames.spearNames[451]","Moonborn Lance","Moonborn Lance"
"StaticItemNames.spearNames[452]","The Thorn of Ash","The Thorn of Ash"
"StaticItemNames.spearNames[453]","Spear of the Burning Gate","Spear of the Burning Gate"
"StaticItemNames.spearNames[454]","Galeborn Lance","Galeborn Lance"
"StaticItemNames.spearNames[455]","The Locust Lance","The Locust Lance"
"StaticItemNames.spearNames[456]","Spear of the Shattered Crown","Spear of the Shattered Crown"
"StaticItemNames.spearNames[457]","Dustborn Lance","Dustborn Lance"
"StaticItemNames.spearNames[458]","The Firefly's Reach","The Firefly's Reach"
"StaticItemNames.spearNames[459]","Spear of the Hollow Crown","Spear of the Hollow Crown"
"StaticItemNames.spearNames[460]","Dawnborn Lance","Dawnborn Lance"
"StaticItemNames.spearNames[461]","The Wasp's Lance","The Wasp's Lance"
"StaticItemNames.spearNames[462]","Spear of the Dire Gate","Spear of the Dire Gate"
"StaticItemNames.spearNames[463]","Runeborn Lance","Runeborn Lance"
"StaticItemNames.spearNames[464]","The Scorpion Thorn","The Scorpion Thorn"
"StaticItemNames.spearNames[465]","Spear of the Frozen Crown","Spear of the Frozen Crown"
"StaticItemNames.spearNames[466]","Brimbane Thorn","Brimbane Thorn"
"StaticItemNames.spearNames[467]","The Adder's Point","The Adder's Point"
"StaticItemNames.spearNames[468]","Spear of the Ember Gate","Spear of the Ember Gate"
"StaticItemNames.spearNames[469]","Galestrike Lance","Galestrike Lance"
"StaticItemNames.spearNames[470]","The Cobra's Point","The Cobra's Point"
"StaticItemNames.spearNames[471]","Spear of the Grey Tower","Spear of the Grey Tower"
"StaticItemNames.spearNames[472]","Moonpike Lance","Moonpike Lance"
"StaticItemNames.spearNames[473]","The Viper's Point","The Viper's Point"
"StaticItemNames.spearNames[474]","Spear of the Wailing North","Spear of the Wailing North"
"StaticItemNames.spearNames[475]","Dustthorn","Dustthorn"
"StaticItemNames.spearNames[476]","The Hornet's Lance","The Hornet's Lance"
"StaticItemNames.spearNames[477]","Spear of the Scarred Crown","Spear of the Scarred Crown"
"StaticItemNames.spearNames[478]","Brimbane Pike","Brimbane Pike"
"StaticItemNames.spearNames[479]","The Wasp's Thorn","The Wasp's Thorn"
"StaticItemNames.spearNames[480]","Spear of the Ashen Crown","Spear of the Ashen Crown"
"StaticItemNames.spearNames[481]","Galeborn Pike","Galeborn Pike"
"StaticItemNames.spearNames[482]","The Locust Reach","The Locust Reach"
"StaticItemNames.spearNames[483]","Spear of the Sundered Crown","Spear of the Sundered Crown"
"StaticItemNames.spearNames[484]","Moonborn Pike","Moonborn Pike"
"StaticItemNames.spearNames[485]","The Firefly's Lance","The Firefly's Lance"
"StaticItemNames.spearNames[486]","Spear of the Dire Crown","Spear of the Dire Crown"
"StaticItemNames.spearNames[487]","Dustborn Pike","Dustborn Pike"
"StaticItemNames.spearNames[488]","The Scorpion's Point","The Scorpion's Point"
"StaticItemNames.spearNames[489]","Spear of the Burning Crown","Spear of the Burning Crown"
"StaticItemNames.spearNames[490]","Dawnborn Pike","Dawnborn Pike"
"StaticItemNames.spearNames[491]","The Adder's Lance","The Adder's Lance"
"StaticItemNames.spearNames[492]","Spear of the Frozen Keep","Spear of the Frozen Keep"
"StaticItemNames.spearNames[493]","Runeborn Pike","Runeborn Pike"
"StaticItemNames.spearNames[494]","The Cobra's Lance","The Cobra's Lance"
"StaticItemNames.spearNames[495]","Spear of the Hollow Keep","Spear of the Hollow Keep"
"StaticItemNames.spearNames[496]","Galethorn Lance","Galethorn Lance"
"StaticItemNames.spearNames[497]","The Viper's Lance","The Viper's Lance"
"StaticItemNames.spearNames[498]","Spear of the Grey Keep","Spear of the Grey Keep"
"StaticItemNames.spearNames[499]","Duskthorn Pike","Duskthorn Pike"
"StaticItemNames.swordNames[0]","Shadowfang","Stínový tesák"
"StaticItemNames.swordNames[1]","Dawnbreaker","Jitroboř"
"StaticItemNames.swordNames[2]","Blade of the Phoenix","Čepel Fénixe"
"StaticItemNames.swordNames[3]","Crimson Edge","Karmínové ostří"
"StaticItemNames.swordNames[4]","The Executioner","Kat"
"StaticItemNames.swordNames[5]","Moonslice","Měsíční řez"
"StaticItemNames.swordNames[6]","Oblivion","Zapomnění"
"StaticItemNames.swordNames[7]","Wraithblade","Přízračná čepel"
"StaticItemNames.swordNames[8]","Starfall","Hvězdopád"
"StaticItemNames.swordNames[9]","Vengeance","Pomsta"
"StaticItemNames.swordNames[10]","Frostbite","Omrzlina"
"StaticItemNames.swordNames[11]","Soulreaver","Trhač duší"
"StaticItemNames.swordNames[12]","Thunderstrike","Hromový úder"
"StaticItemNames.swordNames[13]","Nightbane","Noční zhouba"
"StaticItemNames.swordNames[14]","Dragonslayer","Drakobijec"
"StaticItemNames.swordNames[15]","Eclipse","Zatmění"
"StaticItemNames.swordNames[16]","Doom Edge","Ostří zkázy"
"StaticItemNames.swordNames[17]","Whisperwind Blade","Čepel šeptajícího větru"
"StaticItemNames.swordNames[18]","The Widow Maker","Tvůrce vdov"
"StaticItemNames.swordNames[19]","Hellfire","Pekelný oheň"
"StaticItemNames.swordNames[20]","Ashbringer","Přinašeč popele"
"StaticItemNames.swordNames[21]","Stormcleaver","Bouřná seč"
"StaticItemNames.swordNames[22]","Boneshatter","Drtič kostí"
"StaticItemNames.swordNames[23]","Voidfang","Tesák prázdnoty"
"StaticItemNames.swordNames[24]","Radiance","Záře"
"StaticItemNames.swordNames[25]","Deathwhisper","Šepot smrti"
"StaticItemNames.swordNames[26]","Sunsteel","Sluneční ocel"
"StaticItemNames.swordNames[27]","Ravenblade","Havraní čepel"
"StaticItemNames.swordNames[28]","The Last Word","Poslední slovo"
"StaticItemNames.swordNames[29]","Ironmaw","Železná tlama"
"StaticItemNames.swordNames[30]","Serpent's Kiss","Polibek hada"
"StaticItemNames.swordNames[31]","Flamecrest","Plamenný hřeben"
"StaticItemNames.swordNames[32]","Gloomfang","Temný tesák"
"StaticItemNames.swordNames[33]","Oathkeeper","Strážce přísahy"
"StaticItemNames.swordNames[34]","Warbringer","Nositel války"
"StaticItemNames.swordNames[35]","Skullsplitter","Drtič lebek"
"StaticItemNames.swordNames[36]","Silverbane","Zhoubce stříbra"
"StaticItemNames.swordNames[37]","Twilight Edge","Soumračné ostří"
"StaticItemNames.swordNames[38]","Bloodthirst","Krvežízeň"
"StaticItemNames.swordNames[39]","Stormblade","Bouřná čepel"
"StaticItemNames.swordNames[40]","Netherclaw","Netherový dráp"
"StaticItemNames.swordNames[41]","King's Ruin","Zkáza králů"
"StaticItemNames.swordNames[42]","Duskbringer","Nositel soumraku"
"StaticItemNames.swordNames[43]","Peacekeeper","Strážce míru"
"StaticItemNames.swordNames[44]","Ruination","Zkáza"
"StaticItemNames.swordNames[45]","Ghostcleaver","Přízračná seč"
"StaticItemNames.swordNames[46]","Phoenix Talon","Fénixův pařát"
"StaticItemNames.swordNames[47]","Darksteel","Temná ocel"
"StaticItemNames.swordNames[48]","Lightbringer","Světlonoš"
"StaticItemNames.swordNames[49]","Hellscream","Pekelný křik"
"StaticItemNames.swordNames[50]","Jade Serpent","Nefritový had"
"StaticItemNames.swordNames[51]","Wolfsbane","Vlčí zhouba"
"StaticItemNames.swordNames[52]","Grimshard","Ponurý střep"
"StaticItemNames.swordNames[53]","The Adjudicator","Rozsuzovatel"
"StaticItemNames.swordNames[54]","Emberfang","Žhavý tesák"
"StaticItemNames.swordNames[55]","Tidecutter","Přílivová seč"
"StaticItemNames.swordNames[56]","Demonbane","Zhoubce démonů"
"StaticItemNames.swordNames[57]","Sanguine Edge","Krvavé ostří"
"StaticItemNames.swordNames[58]","Wyrmslayer","Zabiják wyrmů"
"StaticItemNames.swordNames[59]","Horizon","Horizont"
"StaticItemNames.swordNames[60]","Viperstrike","Úder zmije"
"StaticItemNames.swordNames[61]","Blade of Echoes","Čepel ozvěn"
"StaticItemNames.swordNames[62]","Cinderblade","Čepel žhavého popela"
"StaticItemNames.swordNames[63]","The Purifier","Očistitel"
"StaticItemNames.swordNames[64]","Nightfall","Noční pád"
"StaticItemNames.swordNames[65]","Thunderfury","Hromový hněv"
"StaticItemNames.swordNames[66]","Glacius","Glacius"
"StaticItemNames.swordNames[67]","Doomblade","Čepel zkázy"
"StaticItemNames.swordNames[68]","Sword of the Forgotten","Meč zapomenutých"
"StaticItemNames.swordNames[69]","Brimstone","Síra"
"StaticItemNames.swordNames[70]","Ravager","Pustošitel"
"StaticItemNames.swordNames[71]","Sable Edge","Sobolí ostří"
"StaticItemNames.swordNames[72]","Zealot's Fury","Zuřivost fanatika"
"StaticItemNames.swordNames[73]","Moonshadow","Měsíční stín"
"StaticItemNames.swordNames[74]","Warpath","Stezka války"
"StaticItemNames.swordNames[75]","Dreadfang","Děsivý tesák"
"StaticItemNames.swordNames[76]","Crown Splitter","Štípač korun"
"StaticItemNames.swordNames[77]","Abyssal Edge","Propastné ostří"
"StaticItemNames.swordNames[78]","Windrider","Jezdec větru"
"StaticItemNames.swordNames[79]","Crimson Harvest","Karmínová žeň"
"StaticItemNames.swordNames[80]","Ironveil","Železný závoj"
"StaticItemNames.swordNames[81]","Blade of the Tyrant","Čepel tyrana"
"StaticItemNames.swordNames[82]","Spectral Fang","Spektrální tesák"
"StaticItemNames.swordNames[83]","Ragecleaver","Seč vzteku"
"StaticItemNames.swordNames[84]","Divine Wrath","Božský hněv"
"StaticItemNames.swordNames[85]","Nightwhisper","Noční šepot"
"StaticItemNames.swordNames[86]","Skyblade","Nebeská čepel"
"StaticItemNames.swordNames[87]","Tombstone","Náhrobek"
"StaticItemNames.swordNames[88]","Fang of the Serpent","Tesák hada"
"StaticItemNames.swordNames[89]","Ashen Verdict","Popelavý verdikt"
"StaticItemNames.swordNames[90]","Widowmaker","Tvůrce vdov"
"StaticItemNames.swordNames[91]","Blade of Reckoning","Čepel zúčtování"
"StaticItemNames.swordNames[92]","Tempest","Bouře"
"StaticItemNames.swordNames[93]","Glintstone Edge","Třpytokamenné ostří"
"StaticItemNames.swordNames[94]","Sorrow","Žal"
"StaticItemNames.swordNames[95]","Blazecutter","Plamenná seč"
"StaticItemNames.swordNames[96]","The Silent Judge","Tichý soudce"
"StaticItemNames.swordNames[97]","Nethersteel","Netherová ocel"
"StaticItemNames.swordNames[98]","Lionheart","Lví srdce"
"StaticItemNames.swordNames[99]","Havoc","Spoušť"
"StaticItemNames.swordNames[100]","Frostmourne","Mrazivé nářky"
"StaticItemNames.swordNames[101]","Ebonthorn","Ebenový trn"
"StaticItemNames.swordNames[102]","Swiftblade","Hbitá čepel"
"StaticItemNames.swordNames[103]","Desolation","Pustošení"
"StaticItemNames.swordNames[104]","Valor's Edge","Ostří chrabrosti"
"StaticItemNames.swordNames[105]","Blackthorn","Černý trn"
"StaticItemNames.swordNames[106]","Soulfyre","Oheň duší"
"StaticItemNames.swordNames[107]","Edge of Eternity","Ostří věčnosti"
"StaticItemNames.swordNames[108]","Stormfang","Bouřný tesák"
"StaticItemNames.swordNames[109]","Ruthless","Nelítostný"
"StaticItemNames.swordNames[110]","Celestial Saber","Nebeská šavle"
"StaticItemNames.swordNames[111]","Gravedigger","Hrobař"
"StaticItemNames.swordNames[112]","Scarlet Fury","Šarlatový hněv"
"StaticItemNames.swordNames[113]","Phantomblade","Fantomová čepel"
"StaticItemNames.swordNames[114]","Tyrant's End","Konec tyrana"
"StaticItemNames.swordNames[115]","Moonfire","Měsíční oheň"
"StaticItemNames.swordNames[116]","Warmonger","Štváč války"
"StaticItemNames.swordNames[117]","Hollow Point","Dutý hrot"
"StaticItemNames.swordNames[118]","Blade of the North","Čepel severu"
"StaticItemNames.swordNames[119]","Crimson Tide","Karmínový příliv"
"StaticItemNames.swordNames[120]","Dragonsteel","Dračí ocel"
"StaticItemNames.swordNames[121]","Nightreaper","Noční žnec"
"StaticItemNames.swordNames[122]","Sunderer","Drtič"
"StaticItemNames.swordNames[123]","Ghostwalker Blade","Čepel přízračného kráčeče"
"StaticItemNames.swordNames[124]","Inferno","Peklo"
"StaticItemNames.swordNames[125]","Pale Justice","Bledá spravedlnost"
"StaticItemNames.swordNames[126]","Maelstrom","Maelstrom"
"StaticItemNames.swordNames[127]","Sword of Dawn","Meč úsvitu"
"StaticItemNames.swordNames[128]","Bloodfang","Krvavý tesák"
"StaticItemNames.swordNames[129]","Ironclad Edge","Ostří železného plátu"
"StaticItemNames.swordNames[130]","The Reckoner","Zúčtovatel"
"StaticItemNames.swordNames[131]","Fatesplitter","Štípač osudu"
"StaticItemNames.swordNames[132]","Shadowmere","Stínová voda"
"StaticItemNames.swordNames[133]","Ashenveil","Popelavý závoj"
"StaticItemNames.swordNames[134]","Warglaive","Válečná glaiva"
"StaticItemNames.swordNames[135]","Thunder's Call","Volání hromu"
"StaticItemNames.swordNames[136]","Nightshade","Rulík"
"StaticItemNames.swordNames[137]","Voidsteel","Ocel prázdnoty"
"StaticItemNames.swordNames[138]","Champion's Edge","Ostří šampiona"
"StaticItemNames.swordNames[139]","Duskfang","Soumračný tesák"
"StaticItemNames.swordNames[140]","Emberstrike","Žhavý úder"
"StaticItemNames.swordNames[141]","Soultaker","Lovec duší"
"StaticItemNames.swordNames[142]","Blade of the Abyss","Čepel propasti"
"StaticItemNames.swordNames[143]","Frostcleaver","Mrazivá seč"
"StaticItemNames.swordNames[144]","Dawnsteel","Ocel úsvitu"
"StaticItemNames.swordNames[145]","Grimsword","Ponurý meč"
"StaticItemNames.swordNames[146]","The Silencer","Umlčovatel"
"StaticItemNames.swordNames[147]","Starcleaver","Hvězdná seč"
"StaticItemNames.swordNames[148]","Bloodmoon Edge","Ostří krvavého měsíce"
"StaticItemNames.swordNames[149]","Serpent's Fang","Hadí tesák"
"StaticItemNames.swordNames[150]","Wrathblade","Čepel hněvu"
"StaticItemNames.swordNames[151]","Ironbark","Železná kůra"
"StaticItemNames.swordNames[152]","Midnight Saber","Půlnoční šavle"
"StaticItemNames.swordNames[153]","Cinderfang","Tesák žhavého popela"
"StaticItemNames.swordNames[154]","Warbreaker","Lamač válek"
"StaticItemNames.swordNames[155]","Blade of Ashes","Čepel popela"
"StaticItemNames.swordNames[156]","Darkwater","Temnovod"
"StaticItemNames.swordNames[157]","Solaris","Solaris"
"StaticItemNames.swordNames[158]","Gorecleaver","Masoseč"
"StaticItemNames.swordNames[159]","Frostwhisper","Mrazivý šepot"
"StaticItemNames.swordNames[160]","Nethervoid","Netherová prázdnota"
"StaticItemNames.swordNames[161]","Kingmaker","Tvůrce králů"
"StaticItemNames.swordNames[162]","Doom's Edge","Ostří zkázy"
"StaticItemNames.swordNames[163]","Shadowsteel","Stínová ocel"
"StaticItemNames.swordNames[164]","Blazefury","Plamenný hněv"
"StaticItemNames.swordNames[165]","The Vanquisher","Přemožitel"
"StaticItemNames.swordNames[166]","Stormrender","Trhač bouří"
"StaticItemNames.swordNames[167]","Bonechill","Mraz kostí"
"StaticItemNames.swordNames[168]","Ashenmark","Popelavé znamení"
"StaticItemNames.swordNames[169]","Voidwalker","Kráčeč prázdnotou"
"StaticItemNames.swordNames[170]","Crimson Dawn","Karmínový úsvit"
"StaticItemNames.swordNames[171]","Dreadmaw","Děsivá tlama"
"StaticItemNames.swordNames[172]","Thunderclap","Hromový třesk"
"StaticItemNames.swordNames[173]","Soulbinder","Poutač duší"
"StaticItemNames.swordNames[174]","Blade of Fury","Čepel zuřivosti"
"StaticItemNames.swordNames[175]","Eclipse Edge","Ostří zatmění"
"StaticItemNames.swordNames[176]","Wolfclaw","Vlčí dráp"
"StaticItemNames.swordNames[177]","Harbinger","Zvěstovatel"
"StaticItemNames.swordNames[178]","Nightthorn","Noční trn"
"StaticItemNames.swordNames[179]","Glacial Edge","Ledovcové ostří"
"StaticItemNames.swordNames[180]","Flamefang","Plamenný tesák"
"StaticItemNames.swordNames[181]","The Decimator","Decimátor"
"StaticItemNames.swordNames[182]","Shadowreaper","Stínový žnec"
"StaticItemNames.swordNames[183]","Ironwrath","Železný hněv"
"StaticItemNames.swordNames[184]","Blade of the Storm","Čepel bouře"
"StaticItemNames.swordNames[185]","Viper's Edge","Ostří zmije"
"StaticItemNames.swordNames[186]","Dawnfire","Úsvitný oheň"
"StaticItemNames.swordNames[187]","Skullcrusher","Drtič lebek"
"StaticItemNames.swordNames[188]","Ashenmaw","Popelavá tlama"
"StaticItemNames.swordNames[189]","Wyrmfang","Wyrmí tesák"
"StaticItemNames.swordNames[190]","Starfire Blade","Čepel hvězdného ohně"
"StaticItemNames.swordNames[191]","Darkthorn","Temný trn"
"StaticItemNames.swordNames[192]","Retribution","Odplata"
"StaticItemNames.swordNames[193]","Ghostfang","Přízračný tesák"
"StaticItemNames.swordNames[194]","Emberedge","Ostří žhavého popela"
"StaticItemNames.swordNames[195]","The Annihilator","Anihilátor"
"StaticItemNames.swordNames[196]","Moonshard","Měsíční střep"
"StaticItemNames.swordNames[197]","Bladestorm","Čepelová bouře"
"StaticItemNames.swordNames[198]","Crimson Oath","Karmínová přísaha"
"StaticItemNames.swordNames[199]","Dreadsteel","Děsivá ocel"
"StaticItemNames.swordNames[200]","Sunfire Edge","Ostří slunečního ohně"
"StaticItemNames.swordNames[201]","Voidblade","Čepel prázdnoty"
"StaticItemNames.swordNames[202]","Iron Verdict","Železný verdikt"
"StaticItemNames.swordNames[203]","Blade of Whispers","Čepel šepotů"
"StaticItemNames.swordNames[204]","Nightfury","Noční hněv"
"StaticItemNames.swordNames[205]","Stormbreaker","Bouřný lamač"
"StaticItemNames.swordNames[206]","Ashfang","Popelavý tesák"
"StaticItemNames.swordNames[207]","Bloodrender","Krvotrhač"
"StaticItemNames.swordNames[208]","The Sentinel","Strážce"
"StaticItemNames.swordNames[209]","Frostfire Edge","Ostří mrazivého ohně"
"StaticItemNames.swordNames[210]","Doomfang","Tesák zkázy"
"StaticItemNames.swordNames[211]","Shadowveil","Stínový závoj"
"StaticItemNames.swordNames[212]","Warcry","Válečný pokřik"
"StaticItemNames.swordNames[213]","Serpent's Wrath","Hadův hněv"
"StaticItemNames.swordNames[214]","Ebonblade","Ebenová čepel"
"StaticItemNames.swordNames[215]","Celestial Edge","Nebeské ostří"
"StaticItemNames.swordNames[216]","Gravechill","Chlad hrobu"
"StaticItemNames.swordNames[217]","Scarlet Dawn","Šarlatový úsvit"
"StaticItemNames.swordNames[218]","Phantomsteel","Fantomová ocel"
"StaticItemNames.swordNames[219]","Blade of the Void","Čepel prázdna"
"StaticItemNames.swordNames[220]","Moonveil","Měsíční závoj"
"StaticItemNames.swordNames[221]","Dragon's Edge","Dračí ostří"
"StaticItemNames.swordNames[222]","Nightcleaver","Noční sekáč"
"StaticItemNames.swordNames[223]","Stormveil","Bouřný závoj"
"StaticItemNames.swordNames[224]","The Punisher","Trestající"
"StaticItemNames.swordNames[225]","Frostfang","Ledový tesák"
"StaticItemNames.swordNames[226]","Soulflare","Záře duše"
"StaticItemNames.swordNames[227]","Blade of Judgment","Čepel soudu"
"StaticItemNames.swordNames[228]","Shadowflame","Stínový plamen"
"StaticItemNames.swordNames[229]","Ironmist","Železná mlha"
"StaticItemNames.swordNames[230]","Darkfire Edge","Ostří temného ohně"
"StaticItemNames.swordNames[231]","Wargrim","Ponurý válečník"
"StaticItemNames.swordNames[232]","Ember's Wrath","Hněv žhavíku"
"StaticItemNames.swordNames[233]","Abyssal Fang","Propastný tesák"
"StaticItemNames.swordNames[234]","Dawnslayer","Zabiják úsvitu"
"StaticItemNames.swordNames[235]","Thundermaw","Hromová tlama"
"StaticItemNames.swordNames[236]","Spectral Edge","Přízračné ostří"
"StaticItemNames.swordNames[237]","Bloodveil","Krvavý závoj"
"StaticItemNames.swordNames[238]","The Conqueror","Dobyvatel"
"StaticItemNames.swordNames[239]","Frostbane","Mrazová zhouba"
"StaticItemNames.swordNames[240]","Voidrender","Trhač prázdna"
"StaticItemNames.swordNames[241]","Blade of Ruin","Čepel zkázy"
"StaticItemNames.swordNames[242]","Nightsteel","Noční ocel"
"StaticItemNames.swordNames[243]","Stormfury","Bouřná zuřivost"
"StaticItemNames.swordNames[244]","Ash Verdict","Popelavý verdikt"
"StaticItemNames.swordNames[245]","Crimson Wrath","Karmínový hněv"
"StaticItemNames.swordNames[246]","Dreadfire","Oheň hrůzy"
"StaticItemNames.swordNames[247]","Ironshade","Železný stín"
"StaticItemNames.swordNames[248]","Moonblade","Měsíční čepel"
"StaticItemNames.swordNames[249]","Soulcleaver","Sekáč duší"
"StaticItemNames.swordNames[250]","The Forsaken Edge","Ostří zavržených"
"StaticItemNames.swordNames[251]","Flamestrike","Plamenný úder"
"StaticItemNames.swordNames[252]","Ghostrender","Trhač duchů"
"StaticItemNames.swordNames[253]","Warfang","Válečný tesák"
"StaticItemNames.swordNames[254]","Blade of Sorrow","Čepel smutku"
"StaticItemNames.swordNames[255]","Eclipse Fang","Tesák zatmění"
"StaticItemNames.swordNames[256]","Darkstorm","Temná bouře"
"StaticItemNames.swordNames[257]","Thunderveil","Hromový závoj"
"StaticItemNames.swordNames[258]","Serpent's Edge","Hadí ostří"
"StaticItemNames.swordNames[259]","Doomsteel","Ocel zkázy"
"StaticItemNames.swordNames[260]","Shadowcrest","Stínový erb"
"StaticItemNames.swordNames[261]","Emberveil","Žhavý závoj"
"StaticItemNames.swordNames[262]","The Oathbreaker","Přísaholam"
"StaticItemNames.swordNames[263]","Frostmaw","Ledová tlama"
"StaticItemNames.swordNames[264]","Starcinder","Hvězdný popel"
"StaticItemNames.swordNames[265]","Bladesong","Píseň čepele"
"StaticItemNames.swordNames[266]","Crimson Vow","Karmínová přísaha"
"StaticItemNames.swordNames[267]","Dragonmaw","Dračí tlama"
"StaticItemNames.swordNames[268]","Nightfire Edge","Ostří nočního ohně"
"StaticItemNames.swordNames[269]","Ironfury","Železná zuřivost"
"StaticItemNames.swordNames[270]","Blade of the Fallen","Čepel padlých"
"StaticItemNames.swordNames[271]","Voidmaw","Tlama prázdna"
"StaticItemNames.swordNames[272]","Dawnveil","Závoj úsvitu"
"StaticItemNames.swordNames[273]","Skullreaver","Drtič lebek"
"StaticItemNames.swordNames[274]","Ashenstrike","Popelavý úder"
"StaticItemNames.swordNames[275]","Wyrmsteel","Wyrmová ocel"
"StaticItemNames.swordNames[276]","Starfall Edge","Ostří padající hvězdy"
"StaticItemNames.swordNames[277]","Dreadthorn","Trn hrůzy"
"StaticItemNames.swordNames[278]","The Absolver","Rozhřešitel"
"StaticItemNames.swordNames[279]","Ghostclaw","Přízračný dráp"
"StaticItemNames.swordNames[280]","Bloodstorm","Krvavá bouře"
"StaticItemNames.swordNames[281]","Moonrender","Trhač měsíce"
"StaticItemNames.swordNames[282]","Bladesong","Píseň čepele"
"StaticItemNames.swordNames[283]","Crimson Fang","Karmínový tesák"
"StaticItemNames.swordNames[284]","Dusksteel","Soumraková ocel"
"StaticItemNames.swordNames[285]","Emberflare","Žhavá záře"
"StaticItemNames.swordNames[286]","Soulstrike","Úder duše"
"StaticItemNames.swordNames[287]","Blade of the Warrior","Čepel válečníka"
"StaticItemNames.swordNames[288]","Nightrender","Trhač noci"
"StaticItemNames.swordNames[289]","Stormshade","Bouřný stín"
"StaticItemNames.swordNames[290]","Flameveil","Plamenný závoj"
"StaticItemNames.swordNames[291]","Warbane","Válečná zhouba"
"StaticItemNames.swordNames[292]","Serpent's Doom","Hadí zkáza"
"StaticItemNames.swordNames[293]","Ebonfire","Ebenový oheň"
"StaticItemNames.swordNames[294]","Celestial Fang","Nebeský tesák"
"StaticItemNames.swordNames[295]","Graverender","Trhač hrobů"
"StaticItemNames.swordNames[296]","Scarlet Edge","Šarlatové ostří"
"StaticItemNames.swordNames[297]","Phantomfang","Fantomový tesák"
"StaticItemNames.swordNames[298]","Blade of the Lost","Čepel ztracených"
"StaticItemNames.swordNames[299]","Moonfire Edge","Ostří měsíčního ohně"
"StaticItemNames.swordNames[300]","Dragon's Wrath","Dračí hněv"
"StaticItemNames.swordNames[301]","Nightmaw","Noční tlama"
"StaticItemNames.swordNames[302]","Stormsteel","Bouřná ocel"
"StaticItemNames.swordNames[303]","The Vindicator","Mstitel"
"StaticItemNames.swordNames[304]","Frostrender","Trhač mrazu"
"StaticItemNames.swordNames[305]","Soulveil","Závoj duše"
"StaticItemNames.swordNames[306]","Blade of Iron","Čepel železa"
"StaticItemNames.swordNames[307]","Shadowmaw","Stínová tlama"
"StaticItemNames.swordNames[308]","Ironflare","Železná záře"
"StaticItemNames.swordNames[309]","Darkfang","Temný tesák"
"StaticItemNames.swordNames[310]","Warrender","Trhač válek"
"StaticItemNames.swordNames[311]","Ember's Edge","Ostří žhavíku"
"StaticItemNames.swordNames[312]","Abyssal Steel","Propastná ocel"
"StaticItemNames.swordNames[313]","Dawnrender","Trhač úsvitu"
"StaticItemNames.swordNames[314]","Thundersteel","Hromová ocel"
"StaticItemNames.swordNames[315]","Spectral Fury","Přízračná zuřivost"
"StaticItemNames.swordNames[316]","Bloodcleaver","Krvavý sekáč"
"StaticItemNames.swordNames[317]","The Arbiter","Rozhodce"
"StaticItemNames.swordNames[318]","Frostwrath","Mrazivý hněv"
"StaticItemNames.swordNames[319]","Voidflare","Záře prázdna"
"StaticItemNames.swordNames[320]","Blade of the Crown","Čepel koruny"
"StaticItemNames.swordNames[321]","Nightveil","Noční závoj"
"StaticItemNames.swordNames[322]","Stormmaw","Bouřná tlama"
"StaticItemNames.swordNames[323]","Ash Reaper","Popelavý žnec"
"StaticItemNames.swordNames[324]","Crimson Steel","Karmínová ocel"
"StaticItemNames.swordNames[325]","Doomrender","Trhač zkázy"
"StaticItemNames.swordNames[326]","Ironsong","Železná píseň"
"StaticItemNames.swordNames[327]","Moonwrath","Měsíční hněv"
"StaticItemNames.swordNames[328]","Soulbane","Zhoubce duší"
"StaticItemNames.swordNames[329]","The Forgotten Edge","Zapomenuté ostří"
"StaticItemNames.swordNames[330]","Flamemaw","Plamenná tlama"
"StaticItemNames.swordNames[331]","Ghoststeel","Přízračná ocel"
"StaticItemNames.swordNames[332]","Warveil","Válečný závoj"
"StaticItemNames.swordNames[333]","Blade of the Sun","Čepel slunce"
"StaticItemNames.swordNames[334]","Eclipsefang","Tesák zatmění"
"StaticItemNames.swordNames[335]","Darkrender","Trhač temnoty"
"StaticItemNames.swordNames[336]","Thunderfang","Hromový tesák"
"StaticItemNames.swordNames[337]","Serpent's Veil","Hadí závoj"
"StaticItemNames.swordNames[338]","Doomcleaver","Sekáč zkázy"
"StaticItemNames.swordNames[339]","Shadowstrike","Stínový úder"
"StaticItemNames.swordNames[340]","Emberbane","Zhoubce žáru"
"StaticItemNames.swordNames[341]","The Redeemer","Vykupitel"
"StaticItemNames.swordNames[342]","Frostveil","Ledový závoj"
"StaticItemNames.swordNames[343]","Starcleave","Hvězdný sek"
"StaticItemNames.swordNames[344]","Bladefall","Pád čepelí"
"StaticItemNames.swordNames[345]","Crimson Storm","Karmínová bouře"
"StaticItemNames.swordNames[346]","Dragonfire Edge","Ostří dračího ohně"
"StaticItemNames.swordNames[347]","Nightstrike","Noční úder"
"StaticItemNames.swordNames[348]","Ironrender","Trhač železa"
"StaticItemNames.swordNames[349]","Blade of Twilight","Čepel soumraku"
"StaticItemNames.swordNames[350]","Voidwrath","Hněv prázdna"
"StaticItemNames.swordNames[351]","Dawnfang","Tesák úsvitu"
"StaticItemNames.swordNames[352]","Skullmaw","Lebková tlama"
"StaticItemNames.swordNames[353]","Ashenwrath","Popelavý hněv"
"StaticItemNames.swordNames[354]","Wyrmblade","Wyrmová čepel"
"StaticItemNames.swordNames[355]","Starfire Fang","Tesák hvězdného ohně"
"StaticItemNames.swordNames[356]","Dreadrender","Trhač hrůzy"
"StaticItemNames.swordNames[357]","The Justicar","Justiciár"
"StaticItemNames.swordNames[358]","Ghostveil","Přízračný závoj"
"StaticItemNames.swordNames[359]","Bloodfury","Krvavá zuřivost"
"StaticItemNames.swordNames[360]","Moonshade","Měsíční stín"
"StaticItemNames.swordNames[361]","Bladewrath","Hněv čepele"
"StaticItemNames.swordNames[362]","Crimson Blade","Karmínová čepel"
"StaticItemNames.swordNames[363]","Duskmaw","Soumraková tlama"
"StaticItemNames.swordNames[364]","Embersteel","Žhavá ocel"
"StaticItemNames.swordNames[365]","Soulrender","Trhač duší"
"StaticItemNames.swordNames[366]","Blade of the Damned","Čepel zatracených"
"StaticItemNames.swordNames[367]","Nightflare","Noční záře"
"StaticItemNames.swordNames[368]","Stormwrath","Bouřný hněv"
"StaticItemNames.swordNames[369]","Flamesteel","Plamenná ocel"
"StaticItemNames.swordNames[370]","Warshade","Válečný stín"
"StaticItemNames.swordNames[371]","Serpent's Fire","Hadí oheň"
"StaticItemNames.swordNames[372]","Ebonrender","Ebenový trhač"
"StaticItemNames.swordNames[373]","Celestial Wrath","Nebeský hněv"
"StaticItemNames.swordNames[374]","Gravemaw","Hrobová tlama"
"StaticItemNames.swordNames[375]","Scarlet Steel","Šarlatová ocel"
"StaticItemNames.swordNames[376]","Phantomstrike","Fantomový úder"
"StaticItemNames.swordNames[377]","Blade of the Realm","Čepel říše"
"StaticItemNames.swordNames[378]","Moonfury","Měsíční zuřivost"
"StaticItemNames.swordNames[379]","Dragon's Fang","Dračí tesák"
"StaticItemNames.swordNames[380]","Nightwrath","Noční hněv"
"StaticItemNames.swordNames[381]","Stormcinder","Bouřný žár"
"StaticItemNames.swordNames[382]","The Overlord's Edge","Ostří nadvládce"
"StaticItemNames.swordNames[383]","Frostflare","Mrazivá záře"
"StaticItemNames.swordNames[384]","Soulmaw","Tlama duše"
"StaticItemNames.swordNames[385]","Blade of Honor","Čepel cti"
"StaticItemNames.swordNames[386]","Shadowfury","Stínová zuřivost"
"StaticItemNames.swordNames[387]","Ironvoid","Železné prázdno"
"StaticItemNames.swordNames[388]","Darksteel Edge","Ostří temné oceli"
"StaticItemNames.swordNames[389]","Warstrike","Válečný úder"
"StaticItemNames.swordNames[390]","Emberfury","Žhavá zuřivost"
"StaticItemNames.swordNames[391]","Abyssal Wrath","Propastný hněv"
"StaticItemNames.swordNames[392]","Dawncleaver","Sekáč úsvitu"
"StaticItemNames.swordNames[393]","Thunderrender","Trhač hromu"
"StaticItemNames.swordNames[394]","Spectral Steel","Přízračná ocel"
"StaticItemNames.swordNames[395]","Bloodbane","Krvavá zhouba"
"StaticItemNames.swordNames[396]","The Enforcer","Vykonavatel"
"StaticItemNames.swordNames[397]","Froststrike","Ledový úder"
"StaticItemNames.swordNames[398]","Voidcleaver","Sekáč prázdna"
"StaticItemNames.swordNames[399]","Blade of Valor","Čepel udatnosti"
"StaticItemNames.swordNames[400]","Nightblade","Noční čepel"
"StaticItemNames.swordNames[401]","Stormrender Edge","Ostří trhače bouří"
"StaticItemNames.swordNames[402]","Ashensteel","Popelavá ocel"
"StaticItemNames.swordNames[403]","Crimson Fire","Karmínový oheň"
"StaticItemNames.swordNames[404]","Dreadmaw Edge","Ostří tlamy hrůzy"
"StaticItemNames.swordNames[405]","Ironbane","Železná zhouba"
"StaticItemNames.swordNames[406]","Mooncleaver","Sekáč měsíce"
"StaticItemNames.swordNames[407]","Soulsteel","Ocel duše"
"StaticItemNames.swordNames[408]","The Warrior's Edge","Ostří válečníka"
"StaticItemNames.swordNames[409]","Flamerender","Trhač plamenů"
"StaticItemNames.swordNames[410]","Ghostmaw","Přízračná tlama"
"StaticItemNames.swordNames[411]","Warcleaver","Válečný sekáč"
"StaticItemNames.swordNames[412]","Blade of the Keep","Čepel pevnosti"
"StaticItemNames.swordNames[413]","Eclipserender","Trhač zatmění"
"StaticItemNames.swordNames[414]","Darkbane","Zhouba temnoty"
"StaticItemNames.swordNames[415]","Thunderblade","Hromová čepel"
"StaticItemNames.swordNames[416]","Serpent's Steel","Hadí ocel"
"StaticItemNames.swordNames[417]","Doomshard","Střep zkázy"
"StaticItemNames.swordNames[418]","Shadowrender","Trhač stínů"
"StaticItemNames.swordNames[419]","Embercleaver","Žhavý sekáč"
"StaticItemNames.swordNames[420]","The Dread Sovereign","Děsivý vládce"
"StaticItemNames.swordNames[421]","Frostclaw","Mrazivý dráp"
"StaticItemNames.swordNames[422]","Starshatter","Drtič hvězd"
"StaticItemNames.swordNames[423]","Bladeveil","Závoj čepelí"
"StaticItemNames.swordNames[424]","Crimson Shard","Karmínový střep"
"StaticItemNames.swordNames[425]","Dragoncleaver","Dračí sekáč"
"StaticItemNames.swordNames[426]","Nightshard","Noční střep"
"StaticItemNames.swordNames[427]","Ironstrike","Železný úder"
"StaticItemNames.swordNames[428]","Graveborn Blade","Čepel zrozená z hrobu"
"StaticItemNames.swordNames[429]","Pyrecleaver","Sekáč hranice"
"StaticItemNames.swordNames[430]","Ashveil Saber","Popelavá šavle"
"StaticItemNames.swordNames[431]","Skullcap Edge","Ostří lebky"
"StaticItemNames.swordNames[432]","Netherthorn","Pekelný trn"
"StaticItemNames.swordNames[433]","Vanguard's Edge","Ostří předvoje"
"StaticItemNames.swordNames[434]","Blade of the East","Čepel východu"
"StaticItemNames.swordNames[435]","Tempest Fang","Tesák bouře"
"StaticItemNames.swordNames[436]","Hollowblade","Dutá čepel"
"StaticItemNames.swordNames[437]","Scorch Edge","Žhavé ostří"
"StaticItemNames.swordNames[438]","Fiendcleaver","Ďábelský sekáč"
"StaticItemNames.swordNames[439]","Primal Fury","Prvotní zběsilost"
"StaticItemNames.swordNames[440]","Duskrender","Trhač soumraku"
"StaticItemNames.swordNames[441]","Blade of the Arcane","Čepel arkány"
"StaticItemNames.swordNames[442]","Silverstorm","Stříbrná bouře"
"StaticItemNames.swordNames[443]","Bonereaver","Drancovač kostí"
"StaticItemNames.swordNames[444]","Flamestrike","Ohnivý úder"
"StaticItemNames.swordNames[445]","Abyssal Saber","Propastná šavle"
"StaticItemNames.swordNames[446]","Ironveil Edge","Ostří železného závoje"
"StaticItemNames.swordNames[447]","Sable Fang","Sobolí tesák"
"StaticItemNames.swordNames[448]","Stormveil Edge","Ostří bouřného závoje"
"StaticItemNames.swordNames[449]","Thornblade","Trnová čepel"
"StaticItemNames.swordNames[450]","Doomcleaver","Sekáč zkázy"
"StaticItemNames.swordNames[451]","Lifedrinker","Piják života"
"StaticItemNames.swordNames[452]","Spectral Saber","Přízračná šavle"
"StaticItemNames.swordNames[453]","Bladewrath","Hněv čepele"
"StaticItemNames.swordNames[454]","Crimson Veil","Karmínový závoj"
"StaticItemNames.swordNames[455]","Nightreaver","Drancovač noci"
"StaticItemNames.swordNames[456]","Voidthorn","Trn prázdnoty"
"StaticItemNames.swordNames[457]","Emberveil Edge","Ostří žhavého závoje"
"StaticItemNames.swordNames[458]","Frostedge","Mrazivé ostří"
"StaticItemNames.swordNames[459]","Soulrender","Trhač duší"
"StaticItemNames.swordNames[460]","Ashveil Edge","Ostří popelavého závoje"
"StaticItemNames.swordNames[461]","Thunderstrike","Hromový úder"
"StaticItemNames.swordNames[462]","Moonreaver","Drancovač měsíce"
"StaticItemNames.swordNames[463]","Iron Thorn","Železný trn"
"StaticItemNames.swordNames[464]","Dawnbreak Edge","Ostří Úsvitoborce"
"StaticItemNames.swordNames[465]","Stormrend","Trhač bouře"
"StaticItemNames.swordNames[466]","Warbreaker","Lamač válek"
"StaticItemNames.swordNames[467]","Darkcleaver","Temný sekáč"
"StaticItemNames.swordNames[468]","Flamefury Edge","Ostří ohnivé zuřivosti"
"StaticItemNames.swordNames[469]","Ghostreaver","Přízračný drancovač"
"StaticItemNames.swordNames[470]","Serpent's Claw","Hadí dráp"
"StaticItemNames.swordNames[471]","Eclipse Saber","Šavle zatmění"
"StaticItemNames.swordNames[472]","Scarlet Blade","Šarlatová čepel"
"StaticItemNames.swordNames[473]","The Arbiter's Edge","Ostří arbitra"
"StaticItemNames.swordNames[474]","Windscar","Větrná jizva"
"StaticItemNames.swordNames[475]","Gloomshard","Ponurý střep"
"StaticItemNames.swordNames[476]","Steelbane","Zhouba oceli"
"StaticItemNames.swordNames[477]","Pyresteel","Hranicová ocel"
"StaticItemNames.swordNames[478]","Ashreaper","Popelavý žnec"
"StaticItemNames.swordNames[479]","Blade of the Damned King","Čepel prokletého krále"
"StaticItemNames.swordNames[480]","Fatesword","Meč osudu"
"StaticItemNames.swordNames[481]","Nether Edge","Pekelné ostří"
"StaticItemNames.swordNames[482]","Voidscar","Jizva prázdnoty"
"StaticItemNames.swordNames[483]","Ironfrost","Železný mráz"
"StaticItemNames.swordNames[484]","Dread Saber","Děsivá šavle"
"StaticItemNames.swordNames[485]","Blazerend","Plamenotrhač"
"StaticItemNames.swordNames[486]","Cinderveil","Popelový závoj"
"StaticItemNames.swordNames[487]","Gravekeeper's Edge","Ostří hrobníka"
"StaticItemNames.swordNames[488]","Moonscythe","Měsíční kosa"
"StaticItemNames.swordNames[489]","Starstrike","Hvězdný úder"
"StaticItemNames.swordNames[490]","Wrathblade","Čepel hněvu"
"StaticItemNames.swordNames[491]","Duskfury","Soumračná zuřivost"
"StaticItemNames.swordNames[492]","Emberscar","Žhavá jizva"
"StaticItemNames.swordNames[493]","Crimson Thorn","Karmínový trn"
"StaticItemNames.swordNames[494]","Nightscar","Noční jizva"
"StaticItemNames.swordNames[495]","Voidedge","Ostří prázdnoty"
"StaticItemNames.swordNames[496]","Frostmark Edge","Ostří mrazivé značky"
"StaticItemNames.swordNames[497]","Soulmark","Značka duše"
"StaticItemNames.swordNames[498]","Doomfire Edge","Ostří zkázoohně"
"StaticItemNames.swordNames[499]","Ashmark Edge","Ostří popelové značky"
"StaticItemNames.tridentNames[0]","Tidecaller","Volač přílivu"
"StaticItemNames.tridentNames[1]","Poseidon's Wrath","Poseidonův hněv"
"StaticItemNames.tridentNames[2]","Riptide","Trhající příliv"
"StaticItemNames.tridentNames[3]","Abyssal Fork","Propastná vidlice"
"StaticItemNames.tridentNames[4]","Coral Prong","Korálový hrot"
"StaticItemNames.tridentNames[5]","The Maelstrom","Maelström"
"StaticItemNames.tridentNames[6]","Deepwater Trident","Hlubinový trojzubec"
"StaticItemNames.tridentNames[7]","Stormsurge","Bouřný příval"
"StaticItemNames.tridentNames[8]","Neptune's Fury","Neptunova zuřivost"
"StaticItemNames.tridentNames[9]","Leviathan's Claw","Leviatanův dráp"
"StaticItemNames.tridentNames[10]","Wavecrasher","Lamač vln"
"StaticItemNames.tridentNames[11]","The Undertow","Zpětný proud"
"StaticItemNames.tridentNames[12]","Oceanic Trident","Oceánský trojzubec"
"StaticItemNames.tridentNames[13]","Trident of the Depths","Trojzubec hlubin"
"StaticItemNames.tridentNames[14]","Fathomless","Bezedný"
"StaticItemNames.tridentNames[15]","Seaspear","Mořské kopí"
"StaticItemNames.tridentNames[16]","The Tempest Fork","Vidlice bouře"
"StaticItemNames.tridentNames[17]","Abyssal Thorn","Propastný trn"
"StaticItemNames.tridentNames[18]","Triton's Wrath","Tritonův hněv"
"StaticItemNames.tridentNames[19]","Pearlescent Trident","Perleťový trojzubec"
"StaticItemNames.tridentNames[20]","The Drowning","Utonutí"
"StaticItemNames.tridentNames[21]","Tidebreaker","Lamač přílivu"
"StaticItemNames.tridentNames[22]","Trident of the Kraken","Trojzubec krakena"
"StaticItemNames.tridentNames[23]","Maelstrom Prong","Maelströmový hrot"
"StaticItemNames.tridentNames[24]","The Coral Fang","Korálový tesák"
"StaticItemNames.tridentNames[25]","Stormtide","Bouřný příliv"
"StaticItemNames.tridentNames[26]","Trident of Ruin","Trojzubec zkázy"
"StaticItemNames.tridentNames[27]","Deepfang","Hlubinný tesák"
"StaticItemNames.tridentNames[28]","The Siren's Fork","Sirénina vidlice"
"StaticItemNames.tridentNames[29]","Aquatic Vengeance","Vodní pomsta"
"StaticItemNames.tridentNames[30]","Trident of the Fallen Tide","Trojzubec padlého přílivu"
"StaticItemNames.tridentNames[31]","Saltspray","Slaný příboj"
"StaticItemNames.tridentNames[32]","Vortex Trident","Vírový trojzubec"
"StaticItemNames.tridentNames[33]","The Brine Piercer","Pronikavec solanky"
"StaticItemNames.tridentNames[34]","Trident of the Abyss","Trojzubec propasti"
"StaticItemNames.tridentNames[35]","Wavebreaker","Lamač vln"
"StaticItemNames.tridentNames[36]","Tsunami Fork","Vidlice tsunami"
"StaticItemNames.tridentNames[37]","The Seafoam Fang","Tesák mořské pěny"
"StaticItemNames.tridentNames[38]","Trident of Agony","Trojzubec agónie"
"StaticItemNames.tridentNames[39]","Depthcrusher","Drtič hlubin"
"StaticItemNames.tridentNames[40]","Trident of the Storm","Trojzubec bouře"
"StaticItemNames.tridentNames[41]","The Reef Render","Trhač útesu"
"StaticItemNames.tridentNames[42]","Tidalwave","Přílivová vlna"
"StaticItemNames.tridentNames[43]","Abyssal Prong","Propastný hrot"
"StaticItemNames.tridentNames[44]","Trident of the Colossus","Trojzubec kolosa"
"StaticItemNames.tridentNames[45]","The Hydra's Fork","Hydřina vidlice"
"StaticItemNames.tridentNames[46]","Seaborne Trident","Mořský trojzubec"
"StaticItemNames.tridentNames[47]","Darktide","Temný příliv"
"StaticItemNames.tridentNames[48]","Trident of Despair","Trojzubec zoufalství"
"StaticItemNames.tridentNames[49]","The Anchor","Kotva"
"StaticItemNames.tridentNames[50]","Stormfork","Bouřná vidlice"
"StaticItemNames.tridentNames[51]","Trident of the Grave","Trojzubec hrobu"
"StaticItemNames.tridentNames[52]","Deepstrike","Hlubinný úder"
"StaticItemNames.tridentNames[53]","The Narwhal's Horn","Narvalův roh"
"StaticItemNames.tridentNames[54]","Trident of the Overlord","Trojzubec vládce"
"StaticItemNames.tridentNames[55]","Oceanic Fury","Oceánská zuřivost"
"StaticItemNames.tridentNames[56]","Trident of the Damned","Trojzubec prokletých"
"StaticItemNames.tridentNames[57]","The Rip Current","Trhající proud"
"StaticItemNames.tridentNames[58]","Trident of the Pit","Trojzubec jámy"
"StaticItemNames.tridentNames[59]","Saltstrike","Slaný úder"
"StaticItemNames.tridentNames[60]","The Barnacle Fork","Přílipková vidlice"
"StaticItemNames.tridentNames[61]","Trident of the Warchief","Trojzubec válečného náčelníka"
"StaticItemNames.tridentNames[62]","Tideripper","Trhač přílivu"
"StaticItemNames.tridentNames[63]","Abyssal Fang","Propastný tesák"
"StaticItemNames.tridentNames[64]","The Drowner","Topič"
"StaticItemNames.tridentNames[65]","Trident of the Horde","Trojzubec hordy"
"StaticItemNames.tridentNames[66]","Stormborn Trident","Trojzubec zrozený z bouře"
"StaticItemNames.tridentNames[67]","Coralstrike","Korálový úder"
"StaticItemNames.tridentNames[68]","The Whirlpool","Vír"
"StaticItemNames.tridentNames[69]","Trident of the Sentinel","Trojzubec strážce"
"StaticItemNames.tridentNames[70]","Depthfang","Tesák hlubin"
"StaticItemNames.tridentNames[71]","Trident of the Forge","Trojzubec kovárny"
"StaticItemNames.tridentNames[72]","The Sunken Crown","Potopená koruna"
"StaticItemNames.tridentNames[73]","Tidebound","Vázaný přílivem"
"StaticItemNames.tridentNames[74]","Trident of the Undying","Trojzubec nehynoucích"
"StaticItemNames.tridentNames[75]","The Reef Spike","Útesový bodec"
"StaticItemNames.tridentNames[76]","Seawrath","Mořský hněv"
"StaticItemNames.tridentNames[77]","Trident of the Conqueror","Trojzubec dobyvatele"
"StaticItemNames.tridentNames[78]","Abyssal Strike","Propastný úder"
"StaticItemNames.tridentNames[79]","The Coral Crown","Korálová koruna"
"StaticItemNames.tridentNames[80]","Trident of Retribution","Trojzubec odplaty"
"StaticItemNames.tridentNames[81]","Wavefang","Tesák vln"
"StaticItemNames.tridentNames[82]","Trident of the Reaver","Trojzubec drancovače"
"StaticItemNames.tridentNames[83]","The Leviathan Fork","Leviatanova vidlice"
"StaticItemNames.tridentNames[84]","Stormprong","Bouřný hrot"
"StaticItemNames.tridentNames[85]","Trident of the Gladiator","Trojzubec gladiátora"
"StaticItemNames.tridentNames[86]","Deepcurrent","Hlubinný proud"
"StaticItemNames.tridentNames[87]","The Mariner's Fork","Námořníkova vidlice"
"StaticItemNames.tridentNames[88]","Trident of the Titan","Trojzubec titána"
"StaticItemNames.tridentNames[89]","Tidestrike","Úder přílivu"
"StaticItemNames.tridentNames[90]","Trident of Perdition","Trojzubec zatracení"
"StaticItemNames.tridentNames[91]","The Shark's Maw","Žraločí tlama"
"StaticItemNames.tridentNames[92]","Oceandoom","Oceánská zkáza"
"StaticItemNames.tridentNames[93]","Trident of the Black Sun","Trojzubec černého slunce"
"StaticItemNames.tridentNames[94]","Saltthorn","Slaný trn"
"StaticItemNames.tridentNames[95]","The Kelp Fang","Tesák chaluhy"
"StaticItemNames.tridentNames[96]","Trident of the Marauder","Trojzubec nájezdníka"
"StaticItemNames.tridentNames[97]","Stormsurge Fork","Vidlice bouřného přívalu"
"StaticItemNames.tridentNames[98]","Trident of the Raider","Trojzubec nájezdníka"
"StaticItemNames.tridentNames[99]","The Tidal Fang","Přílivový tesák"
"StaticItemNames.tridentNames[100]","Abyssal Trident","Propastný trojzubec"
"StaticItemNames.tridentNames[101]","Trident of the Savage","Trojzubec divocha"
"StaticItemNames.tridentNames[102]","Wavecrest","Hřeben vlny"
"StaticItemNames.tridentNames[103]","The Cephalopod's Reach","Dosah hlavonožce"
"StaticItemNames.tridentNames[104]","Trident of the Elder","Trojzubec staršího"
"StaticItemNames.tridentNames[105]","Deepwater Fork","Hlubinová vidlice"
"StaticItemNames.tridentNames[106]","Trident of the Ashen Tide","Trojzubec popelavého přílivu"
"StaticItemNames.tridentNames[107]","The Sea Serpent's Bite","Kousnutí mořského hada"
"StaticItemNames.tridentNames[108]","Tidereaver","Drancovač přílivu"
"StaticItemNames.tridentNames[109]","Trident of the Runekeeper","Trojzubec strážce run"
"StaticItemNames.tridentNames[110]","Stormfang Trident","Trojzubec Bouřného tesáku"
"StaticItemNames.tridentNames[111]","The Pearl Spike","Perlový hrot"
"StaticItemNames.tridentNames[112]","Trident of the Void","Trojzubec Prázdnoty"
"StaticItemNames.tridentNames[113]","Coralfang","Korálový tesák"
"StaticItemNames.tridentNames[114]","Trident of the Warden","Trojzubec Strážce"
"StaticItemNames.tridentNames[115]","The Sailor's Bane","Námořníkova zhouba"
"StaticItemNames.tridentNames[116]","Depthrender","Hlubinorytec"
"StaticItemNames.tridentNames[117]","Trident of the Ironclad","Trojzubec Železopláta"
"StaticItemNames.tridentNames[118]","Saltstrike Fork","Solnoúderná vidlice"
"StaticItemNames.tridentNames[119]","The Sunken Trident","Potopený trojzubec"
"StaticItemNames.tridentNames[120]","Trident of the Warpath","Trojzubec Válečné stezky"
"StaticItemNames.tridentNames[121]","Tidecrasher","Přílivodrtič"
"StaticItemNames.tridentNames[122]","Trident of the Vengeful","Trojzubec Mstitele"
"StaticItemNames.tridentNames[123]","The Abyssal Crown","Propastná koruna"
"StaticItemNames.tridentNames[124]","Stormreaver","Bouřný plenitel"
"StaticItemNames.tridentNames[125]","Trident of the Red Dawn","Trojzubec Rudého úsvitu"
"StaticItemNames.tridentNames[126]","Wavepiercer","Vlnopich"
"StaticItemNames.tridentNames[127]","The Trench Fork","Příkopová vidlice"
"StaticItemNames.tridentNames[128]","Trident of the Last Stand","Trojzubec Posledního vzdoru"
"StaticItemNames.tridentNames[129]","Deepbound","Hlubinami spoutaný"
"StaticItemNames.tridentNames[130]","Trident of the Endless War","Trojzubec Nekonečné války"
"StaticItemNames.tridentNames[131]","The Seafire","Mořský oheň"
"StaticItemNames.tridentNames[132]","Tideborn Trident","Trojzubec Zrozený přílivem"
"StaticItemNames.tridentNames[133]","Trident of the Thornlands","Trojzubec Trnitých zemí"
"StaticItemNames.tridentNames[134]","Coralcrusher","Korálodrtič"
"StaticItemNames.tridentNames[135]","The Monsoon Fork","Monzunová vidlice"
"StaticItemNames.tridentNames[136]","Trident of the Breaker","Trojzubec Lamače"
"StaticItemNames.tridentNames[137]","Oceanic Prong","Oceánský hrot"
"StaticItemNames.tridentNames[138]","Trident of the Crimson Path","Trojzubec Karmínové stezky"
"StaticItemNames.tridentNames[139]","The Typhoon Fork","Tajfunová vidlice"
"StaticItemNames.tridentNames[140]","Depthstrike Fork","Hlubinoúderná vidlice"
"StaticItemNames.tridentNames[141]","Trident of the Frostbound","Trojzubec Mrazospoutaných"
"StaticItemNames.tridentNames[142]","Saltfang","Solný tesák"
"StaticItemNames.tridentNames[143]","Trident of the Searing Tide","Trojzubec Žhnoucího přílivu"
"StaticItemNames.tridentNames[144]","The Shell Spike","Lasturový hrot"
"StaticItemNames.tridentNames[145]","Stormtide Fork","Bouřopřílivová vidlice"
"StaticItemNames.tridentNames[146]","Trident of the Bonefield","Trojzubec Kostěného pole"
"StaticItemNames.tridentNames[147]","Wavefury","Vlnoběs"
"StaticItemNames.tridentNames[148]","Trident of the Bloodforge","Trojzubec Krvavé výhně"
"StaticItemNames.tridentNames[149]","The Reef Breaker","Lamač útesů"
"StaticItemNames.tridentNames[150]","Tidecleaver","Přílivosek"
"StaticItemNames.tridentNames[151]","Trident of the Withered","Trojzubec Seschlých"
"StaticItemNames.tridentNames[152]","Abyssal Fury","Propastná zuřivost"
"StaticItemNames.tridentNames[153]","The Coral Thorn","Korálový trn"
"StaticItemNames.tridentNames[154]","Trident of the Broken Realm","Trojzubec Zlomené říše"
"StaticItemNames.tridentNames[155]","Deepcrusher","Hlubinodrtič"
"StaticItemNames.tridentNames[156]","Trident of the Stormborn","Trojzubec Zrozených bouří"
"StaticItemNames.tridentNames[157]","The Seaborne Fang","Mořský tesák"
"StaticItemNames.tridentNames[158]","Oceanic Thorn","Oceánský trn"
"StaticItemNames.tridentNames[159]","Trident of the Iron Throne","Trojzubec Železného trůnu"
"StaticItemNames.tridentNames[160]","Saltbound","Solí spoutaný"
"StaticItemNames.tridentNames[161]","Trident of the Runeforge","Trojzubec Runové výhně"
"StaticItemNames.tridentNames[162]","The Eel's Bite","Úhoří kousnutí"
"StaticItemNames.tridentNames[163]","Stormstrike Trident","Trojzubec Bouřného úderu"
"StaticItemNames.tridentNames[164]","Trident of the Scarred Earth","Trojzubec Zjizvené země"
"StaticItemNames.tridentNames[165]","Tidefang","Přílivový tesák"
"StaticItemNames.tridentNames[166]","Trident of the Blighted Reef","Trojzubec Prokletého útesu"
"StaticItemNames.tridentNames[167]","The Squid's Grip","Chobotnicový stisk"
"StaticItemNames.tridentNames[168]","Coralbound","Korálem spoutaný"
"StaticItemNames.tridentNames[169]","Trident of the Howling Sea","Trojzubec Kvílejícího moře"
"StaticItemNames.tridentNames[170]","Deepsurge","Hlubinný příval"
"StaticItemNames.tridentNames[171]","Trident of the Burning Tide","Trojzubec Hořícího přílivu"
"StaticItemNames.tridentNames[172]","The Driftwood Fork","Naplavená vidlice"
"StaticItemNames.tridentNames[173]","Wavecleaver","Vlnosek"
"StaticItemNames.tridentNames[174]","Trident of the Shattered Throne","Trojzubec Rozervaného trůnu"
"StaticItemNames.tridentNames[175]","Saltsurge","Solný příval"
"StaticItemNames.tridentNames[176]","Trident of the Dreadlord","Trojzubec Pána děsu"
"StaticItemNames.tridentNames[177]","The Sea Dragon's Fang","Tesák mořského draka"
"StaticItemNames.tridentNames[178]","Oceandepth","Hlubina oceánu"
"StaticItemNames.tridentNames[179]","Trident of the Wraith","Trojzubec Přízraku"
"StaticItemNames.tridentNames[180]","Stormfury Trident","Trojzubec Bouřné zuřivosti"
"StaticItemNames.tridentNames[181]","The Barracuda","Barakuda"
"StaticItemNames.tridentNames[182]","Trident of the Iron Wave","Trojzubec Železné vlny"
"StaticItemNames.tridentNames[183]","Tidestorm","Přílivová bouře"
"StaticItemNames.tridentNames[184]","Trident of the Black Reef","Trojzubec Černého útesu"
"StaticItemNames.tridentNames[185]","The Crab's Claw","Krabí klepeto"
"StaticItemNames.tridentNames[186]","Depthfury","Hlubinná zuřivost"
"StaticItemNames.tridentNames[187]","Trident of the Frozen Depths","Trojzubec Zmrzlých hlubin"
"StaticItemNames.tridentNames[188]","Abyssal Reach","Dosah propasti"
"StaticItemNames.tridentNames[189]","Trident of the Wildlands","Trojzubec Divočiny"
"StaticItemNames.tridentNames[190]","The Sea Witch's Fork","Vidlice mořské čarodějnice"
"StaticItemNames.tridentNames[191]","Wavebound","Vlnami spoutaný"
"StaticItemNames.tridentNames[192]","Trident of the Wilds","Trojzubec Divočiny"
"StaticItemNames.tridentNames[193]","Coralreach","Korálový dosah"
"StaticItemNames.tridentNames[194]","Trident of the Unyielding","Trojzubec Nezlomných"
"StaticItemNames.tridentNames[195]","The Manta's Sting","Trn manty"
"StaticItemNames.tridentNames[196]","Stormsea Trident","Trojzubec Bouřného moře"
"StaticItemNames.tridentNames[197]","Trident of the Windwalker","Trojzubec Větrného chodce"
"StaticItemNames.tridentNames[198]","Saltreaver","Solný plenitel"
"StaticItemNames.tridentNames[199]","Trident of the Forgotten","Trojzubec Zapomenutých"
"StaticItemNames.tridentNames[200]","The Urchin Spike","Ježčí hrot"
"StaticItemNames.tridentNames[201]","Deepmaw","Hlubinná tlama"
"StaticItemNames.tridentNames[202]","Trident of the Dire Tide","Trojzubec Zlověstného přílivu"
"StaticItemNames.tridentNames[203]","Tiderender","Přílivorytec"
"StaticItemNames.tridentNames[204]","Trident of Woe","Trojzubec Žalu"
"StaticItemNames.tridentNames[205]","The Serpent's Prong","Hadí hrot"
"StaticItemNames.tridentNames[206]","Oceanfury","Oceánská zuřivost"
"StaticItemNames.tridentNames[207]","Trident of the Hallowed","Trojzubec Posvěcených"
"StaticItemNames.tridentNames[208]","Stormrender Trident","Trojzubec Bouřného rytce"
"StaticItemNames.tridentNames[209]","The Anglerfish Fork","Vidlice ďasovce"
"StaticItemNames.tridentNames[210]","Trident of the Ancient","Trojzubec Prastarých"
"StaticItemNames.tridentNames[211]","Abyssal Bite","Kousnutí propasti"
"StaticItemNames.tridentNames[212]","Trident of the Tempest","Trojzubec Bouře"
"StaticItemNames.tridentNames[213]","The Jellyfish Sting","Žahnutí medúzy"
"StaticItemNames.tridentNames[214]","Coralfury","Korálová zuřivost"
"StaticItemNames.tridentNames[215]","Trident of the Eternal","Trojzubec Věčných"
"StaticItemNames.tridentNames[216]","Depthbite","Hlubinné kousnutí"
"StaticItemNames.tridentNames[217]","Trident of the Dark Throne","Trojzubec Temného trůnu"
"StaticItemNames.tridentNames[218]","The Sailfin Fork","Plachtoploutvá vidlice"
"StaticItemNames.tridentNames[219]","Wavesurge","Vlnný příval"
"StaticItemNames.tridentNames[220]","Trident of the Grim Tide","Trojzubec Ponurého přílivu"
"StaticItemNames.tridentNames[221]","Saltcrusher","Solnodrtič"
"StaticItemNames.tridentNames[222]","Trident of the Hollow Sea","Trojzubec Prázdného moře"
"StaticItemNames.tridentNames[223]","The Starfish Prong","Hrot hvězdice"
"StaticItemNames.tridentNames[224]","Tideclaw","Přílivový dráp"
"StaticItemNames.tridentNames[225]","Trident of the Sundered","Trojzubec Rozervaných"
"StaticItemNames.tridentNames[226]","Oceanstrike","Oceánský úder"
"StaticItemNames.tridentNames[227]","Trident of the Thunderborn","Trojzubec Zrozených hromem"
"StaticItemNames.tridentNames[228]","The Piranha Fork","Vidlice piraně"
"StaticItemNames.tridentNames[229]","Stormbite Trident","Trojzubec Bouřného kousnutí"
"StaticItemNames.tridentNames[230]","Trident of the Desolate","Trojzubec Pustých"
"StaticItemNames.tridentNames[231]","Deepreach","Hlubinný dosah"
"StaticItemNames.tridentNames[232]","Trident of the Warlord","Trojzubec Válečníka"
"StaticItemNames.tridentNames[233]","The Shipbreaker","Lamač lodí"
"StaticItemNames.tridentNames[234]","Waverender","Vlnorytec"
"StaticItemNames.tridentNames[235]","Trident of the Bloodhunt","Trojzubec Krvavého lovu"
"StaticItemNames.tridentNames[236]","Abyssal Maw","Propastná tlama"
"StaticItemNames.tridentNames[237]","Trident of the Primal Tide","Trojzubec Prvotního přílivu"
"StaticItemNames.tridentNames[238]","The Harpoon Fork","Harpunová vidlice"
"StaticItemNames.tridentNames[239]","Coralstrike Trident","Trojzubec Korálového úderu"
"StaticItemNames.tridentNames[240]","Trident of the Forsaken","Trojzubec Zavržení"
"StaticItemNames.tridentNames[241]","Saltstrike Trident","Trojzubec Solného úderu"
"StaticItemNames.tridentNames[242]","Trident of the Dire Reef","Trojzubec Zlověstného útesu"
"StaticItemNames.tridentNames[243]","The Swordfish Spike","Mečouní hrot"
"StaticItemNames.tridentNames[244]","Oceanbite","Oceánské kousnutí"
"StaticItemNames.tridentNames[245]","Trident of the Scarred Tide","Trojzubec Zjizveného přílivu"
"StaticItemNames.tridentNames[246]","Deepstrike Trident","Trojzubec Hlubinného úderu"
"StaticItemNames.tridentNames[247]","Trident of the Last Dawn","Trojzubec Posledního úsvitu"
"StaticItemNames.tridentNames[248]","The Lobster Claw","Humří klepeto"
"StaticItemNames.tridentNames[249]","Stormclaw Trident","Trojzubec Bouřného drápu"
"StaticItemNames.tridentNames[250]","Trident of the Broken Crown","Trojzubec Zlomené koruny"
"StaticItemNames.tridentNames[251]","Tidebite","Přílivové kousnutí"
"StaticItemNames.tridentNames[252]","Trident of the Shadow Tide","Trojzubec Stínového přílivu"
"StaticItemNames.tridentNames[253]","The Moray's Fang","Muréní tesák"
"StaticItemNames.tridentNames[254]","Waveclaw","Vlnný dráp"
"StaticItemNames.tridentNames[255]","Trident of the Endless Reef","Trojzubec Nekonečného útesu"
"StaticItemNames.tridentNames[256]","Abyssal Claw","Propastný dráp"
"StaticItemNames.tridentNames[257]","Trident of the Fallen Star","Trojzubec Padlé hvězdy"
"StaticItemNames.tridentNames[258]","The Stingray Fork","Rejnoková vidlice"
"StaticItemNames.tridentNames[259]","Coralclaw","Korálový dráp"
"StaticItemNames.tridentNames[260]","Trident of the Forsaken Depths","Trojzubec Zavržených hlubin"
"StaticItemNames.tridentNames[261]","Saltbite","Solné kousnutí"
"StaticItemNames.tridentNames[262]","Trident of the Broken Tide","Trojzubec Zlomeného přílivu"
"StaticItemNames.tridentNames[263]","The Nautilus Shell","Lastura nautila"
"StaticItemNames.tridentNames[264]","Oceanreach","Oceánský dosah"
"StaticItemNames.tridentNames[265]","Trident of the Lost Reef","Trojzubec Ztraceného útesu"
"StaticItemNames.tridentNames[266]","Deepclaw","Hlubinný dráp"
"StaticItemNames.tridentNames[267]","Trident of the Midnight Tide","Trojzubec Půlnočního přílivu"
"StaticItemNames.tridentNames[268]","The Sea Wolf's Fang","Tesák mořského vlka"
"StaticItemNames.tridentNames[269]","Stormsurge Trident","Trojzubec Bouřného přívalu"
"StaticItemNames.tridentNames[270]","Trident of the Drowned King","Trojzubec Utonulého krále"
"StaticItemNames.tridentNames[271]","Tidereach","Přílivový dosah"
"StaticItemNames.tridentNames[272]","Trident of the Coral Throne","Trojzubec Korálového trůnu"
"StaticItemNames.tridentNames[273]","The Hammerhead Fork","Kladivouní vidlice"
"StaticItemNames.tridentNames[274]","Wavemaw","Vlnná tlama"
"StaticItemNames.tridentNames[275]","Trident of the Sunken Keep","Trojzubec Potopené pevnosti"
"StaticItemNames.tridentNames[276]","Saltclaw","Solný dráp"
"StaticItemNames.tridentNames[277]","Trident of the Drowned","Trojzubec Utonulých"
"StaticItemNames.tridentNames[278]","The Whale's Tooth","Velrybí zub"
"StaticItemNames.tridentNames[279]","Abyssal Surge","Propastný příval"
"StaticItemNames.tridentNames[280]","Trident of the Black Tide","Trojzubec Černého přílivu"
"StaticItemNames.tridentNames[281]","Coralreach Trident","Trojzubec Korálového dosahu"
"StaticItemNames.tridentNames[282]","Trident of the Storm Throne","Trojzubec Bouřného trůnu"
"StaticItemNames.tridentNames[283]","The Mantis Shrimp Fork","Vidlice kudlankové krevety"
"StaticItemNames.tridentNames[284]","Oceansurge","Oceánský příval"
"StaticItemNames.tridentNames[285]","Trident of the Crimson Reef","Trojzubec Karmínového útesu"
"StaticItemNames.tridentNames[286]","Deepsurge Trident","Trojzubec Hlubinného přívalu"
"StaticItemNames.tridentNames[287]","Trident of the Frozen Throne","Trojzubec Ledového trůnu"
"StaticItemNames.tridentNames[288]","The Sawfish Fork","Pilouní vidlice"
"StaticItemNames.tridentNames[289]","Stormmaw Trident","Trojzubec Bouřné tlamy"
"StaticItemNames.tridentNames[290]","Trident of the Ashen Reef","Trojzubec Popelnatého útesu"
"StaticItemNames.tridentNames[291]","Tidesurge","Přílivový příval"
"StaticItemNames.tridentNames[292]","Trident of the Bone Reef","Trojzubec Kostěného útesu"
"StaticItemNames.tridentNames[293]","The Oarfish Fork","Veslorybí vidlice"
"StaticItemNames.tridentNames[294]","Wavesurge Trident","Trojzubec Vlnného přívalu"
"StaticItemNames.tridentNames[295]","Trident of the Dire Depths","Trojzubec Zlověstných hlubin"
"StaticItemNames.tridentNames[296]","Saltmaw","Solná tlama"
"StaticItemNames.tridentNames[297]","Trident of the Wailing Sea","Trojzubec Naříkajícího moře"
"StaticItemNames.tridentNames[298]","The Catfish Fork","Sumčí vidlice"
"StaticItemNames.tridentNames[299]","Oceanclaw","Oceánský dráp"
"StaticItemNames.tridentNames[300]","Trident of the Silent Depths","Trojzubec Tichých hlubin"
"StaticItemNames.tridentNames[301]","Abyssal Surge Trident","Trojzubec Propastného přívalu"
"StaticItemNames.tridentNames[302]","Trident of the Forgotten Reef","Trojzubec Zapomenutého útesu"
"StaticItemNames.tridentNames[303]","The Marlin's Spike","Marlinův hrot"
"StaticItemNames.tridentNames[304]","Coralstrike Fork","Korálová úderná vidlice"
"StaticItemNames.tridentNames[305]","Trident of the Drowned Throne","Trojzubec Utonulého trůnu"
"StaticItemNames.tridentNames[306]","Stormclaw Fork","Bouřnodrápá vidlice"
"StaticItemNames.tridentNames[307]","Trident of the Burning Reef","Trojzubec Hořícího útesu"
"StaticItemNames.tridentNames[308]","The Ray's Sting","Rejnokův trn"
"StaticItemNames.tridentNames[309]","Depthsurge","Hlubinný příval"
"StaticItemNames.tridentNames[310]","Trident of the Abyssal King","Trojzubec Propastný Král"
"StaticItemNames.tridentNames[311]","Tideclaw Trident","Přílivový dráp trojzubec"
"StaticItemNames.tridentNames[312]","Trident of the Shattered Reef","Trojzubec Rozbitý Útes"
"StaticItemNames.tridentNames[313]","The Blowfish Spike","Bodák ježoryby"
"StaticItemNames.tridentNames[314]","Waveclaw Trident","Vlnový dráp trojzubec"
"StaticItemNames.tridentNames[315]","Trident of the Crimson Tide","Trojzubec Karmínový Příliv"
"StaticItemNames.tridentNames[316]","Saltclaw Trident","Solný dráp trojzubec"
"StaticItemNames.tridentNames[317]","Trident of the Howling Depths","Trojzubec Kvílející Hlubiny"
"StaticItemNames.tridentNames[318]","The Seastorm","Mořská bouře"
"StaticItemNames.tridentNames[319]","Oceanclaw Trident","Oceánský dráp trojzubec"
"StaticItemNames.tridentNames[320]","Trident of the Ashen Depths","Trojzubec Popelavý Hlubiny"
"StaticItemNames.tridentNames[321]","Deepclaw Trident","Hlubinný dráp trojzubec"
"StaticItemNames.tridentNames[322]","Trident of the Thundering Tide","Trojzubec Hromový Příliv"
"StaticItemNames.tridentNames[323]","The Tidal Crown","Přílivová koruna"
"StaticItemNames.tridentNames[324]","Abyssal Claw Trident","Propastný dráp trojzubec"
"StaticItemNames.tridentNames[325]","Trident of the Iron Reef","Trojzubec Železný Útes"
"StaticItemNames.tridentNames[326]","Coralclaw Trident","Korálový dráp trojzubec"
"StaticItemNames.tridentNames[327]","Trident of the Scarred Reef","Trojzubec Zjizvený Útes"
"StaticItemNames.tridentNames[328]","The Ocean's Wrath","Hněv oceánu"
"StaticItemNames.tridentNames[329]","Stormclaw Trident Fork","Bouřný dráp trojzubá vidlice"
"StaticItemNames.tridentNames[330]","Trident of the Hollow Depths","Trojzubec Dutý Hlubiny"
"StaticItemNames.tridentNames[331]","Tideclaw Fork","Přílivový dráp vidlice"
"StaticItemNames.tridentNames[332]","Trident of the Grim Depths","Trojzubec Ponurý Hlubiny"
"StaticItemNames.tridentNames[333]","The Leviathan's Reach","Dosah leviatana"
"StaticItemNames.tridentNames[334]","Waveclaw Fork","Vlnový dráp vidlice"
"StaticItemNames.tridentNames[335]","Trident of the Bone Tide","Trojzubec Kostěný Příliv"
"StaticItemNames.tridentNames[336]","Oceanmaw","Oceánská tlama"
"StaticItemNames.tridentNames[337]","Trident of the Withered Reef","Trojzubec Zvadlý Útes"
"StaticItemNames.tridentNames[338]","The Kraken's Grasp","Sevření krakena"
"StaticItemNames.tridentNames[339]","Deepmaw Trident","Hlubinná tlama trojzubec"
"StaticItemNames.tridentNames[340]","Trident of the Sundered Reef","Trojzubec Rozpolcený Útes"
"StaticItemNames.tridentNames[341]","Saltreach","Solný dosah"
"StaticItemNames.tridentNames[342]","Trident of the Dark Reef","Trojzubec Temný Útes"
"StaticItemNames.tridentNames[343]","The Tempest Trident","Trojzubec bouře"
"StaticItemNames.tridentNames[344]","Tidebound Trident","Přílivem spoutaný trojzubec"
"StaticItemNames.tridentNames[345]","Trident of the Ruined Reef","Trojzubec Zničený Útes"
"StaticItemNames.tridentNames[346]","Abyssal Reach Trident","Propastný dosah trojzubec"
"StaticItemNames.tridentNames[347]","Trident of the Cursed Tide","Trojzubec Prokletý Příliv"
"StaticItemNames.tridentNames[348]","The Sea King's Fork","Vidlice mořského krále"
"StaticItemNames.tridentNames[349]","Coralbound Trident","Korálem spoutaný trojzubec"
"StaticItemNames.tridentNames[350]","Trident of the Haunted Depths","Trojzubec Strašidelný Hlubiny"
"StaticItemNames.tridentNames[351]","Stormreach Trident","Bouřný dosah trojzubec"
"StaticItemNames.tridentNames[352]","Trident of the Forsaken Tide","Trojzubec Opuštěný Příliv"
"StaticItemNames.tridentNames[353]","The Depth Warden","Strážce hlubin"
"StaticItemNames.tridentNames[354]","Wavereach","Vlnový dosah"
"StaticItemNames.tridentNames[355]","Trident of the Lost Tide","Trojzubec Ztracený Příliv"
"StaticItemNames.tridentNames[356]","Oceanbound Trident","Oceánem spoutaný trojzubec"
"StaticItemNames.tridentNames[357]","Trident of the Endless Depths","Trojzubec Nekonečný Hlubiny"
"StaticItemNames.tridentNames[358]","The Abyssal Warden","Propastný strážce"
"StaticItemNames.tridentNames[359]","Deepreach Trident","Hlubinný dosah trojzubec"
"StaticItemNames.tridentNames[360]","Trident of the Emerald Tide","Trojzubec Smaragdový Příliv"
"StaticItemNames.tridentNames[361]","Saltbound Trident","Solí spoutaný trojzubec"
"StaticItemNames.tridentNames[362]","Trident of the Iron Depths","Trojzubec Železný Hlubiny"
"StaticItemNames.tridentNames[363]","The Coral Warden","Korálový strážce"
"StaticItemNames.tridentNames[364]","Tidereach Trident","Přílivový dosah trojzubec"
"StaticItemNames.tridentNames[365]","Trident of the Obsidian Reef","Trojzubec Obsidiánový Útes"
"StaticItemNames.tridentNames[366]","Seastar Trident","Hvězdice trojzubec"
"StaticItemNames.tridentNames[367]","Trident of the Phantom Tide","Trojzubec Fantomový Příliv"
"StaticItemNames.tridentNames[368]","The Gull's Dive","Rackův střemhlavý let"
"StaticItemNames.tridentNames[369]","Waveborn Trident","Vlnorozený trojzubec"
"StaticItemNames.tridentNames[370]","Trident of the Sapphire Depths","Trojzubec Safírový Hlubiny"
"StaticItemNames.tridentNames[371]","Depthborn Trident","Hlubinorozený trojzubec"
"StaticItemNames.tridentNames[372]","Trident of the Serpent Reef","Trojzubec Hadí Útes"
"StaticItemNames.tridentNames[373]","The Tide Warden","Přílivový strážce"
"StaticItemNames.tridentNames[374]","Coralborn Trident","Korálorozený trojzubec"
"StaticItemNames.tridentNames[375]","Trident of the Shimmering Depths","Trojzubec Třpytivý Hlubiny"
"StaticItemNames.tridentNames[376]","Saltborn Trident","Solnorozený trojzubec"
"StaticItemNames.tridentNames[377]","Trident of the Whispering Tide","Trojzubec Šeptající Příliv"
"StaticItemNames.tridentNames[378]","The Sea Drake's Fork","Vidlice mořského draka"
"StaticItemNames.tridentNames[379]","Abyssalborn Trident","Propastorozený trojzubec"
"StaticItemNames.tridentNames[380]","Trident of the Azure Depths","Trojzubec Azurový Hlubiny"
"StaticItemNames.tridentNames[381]","Stormborn Fork","Bouřerozený vidlice"
"StaticItemNames.tridentNames[382]","Trident of the Verdant Reef","Trojzubec Zelený Útes"
"StaticItemNames.tridentNames[383]","The Pearl Trident","Perlový trojzubec"
"StaticItemNames.tridentNames[384]","Oceanic Reach","Oceánský dosah"
"StaticItemNames.tridentNames[385]","Trident of the Twilight Tide","Trojzubec Soumračný Příliv"
"StaticItemNames.tridentNames[386]","Tidalborn Trident","Přílivorozený trojzubec"
"StaticItemNames.tridentNames[387]","Trident of the Scarlet Reef","Trojzubec Šarlatový Útes"
"StaticItemNames.tridentNames[388]","The Daggerfin Fork","Vidlice dýkoploutve"
"StaticItemNames.tridentNames[389]","Waveborn Fork","Vlnorozený vidlice"
"StaticItemNames.tridentNames[390]","Trident of the Gilded Depths","Trojzubec Pozlacený Hlubiny"
"StaticItemNames.tridentNames[391]","Depthwarden Trident","Hlubinný strážce trojzubec"
"StaticItemNames.tridentNames[392]","Trident of the Silver Tide","Trojzubec Stříbrný Příliv"
"StaticItemNames.tridentNames[393]","The Conch Spike","Lasturový hrot"
"StaticItemNames.tridentNames[394]","Seaborn Fork","Mořerozený vidlice"
"StaticItemNames.tridentNames[395]","Trident of the Jade Reef","Trojzubec Nefritový Útes"
"StaticItemNames.tridentNames[396]","Saltborn Fork","Solnorozený vidlice"
"StaticItemNames.tridentNames[397]","Trident of the Amber Tide","Trojzubec Jantarový Příliv"
"StaticItemNames.tridentNames[398]","The Pelican's Fork","Pelikánova vidlice"
"StaticItemNames.tridentNames[399]","Coralborn Fork","Korálorozený vidlice"
"StaticItemNames.tridentNames[400]","Trident of the Onyx Depths","Trojzubec Onyxový Hlubiny"
"StaticItemNames.tridentNames[401]","Abyssalborn Fork","Propastorozený vidlice"
"StaticItemNames.tridentNames[402]","Trident of the Golden Reef","Trojzubec Zlatý Útes"
"StaticItemNames.tridentNames[403]","The Albatross Fork","Albatrosí vidlice"
"StaticItemNames.tridentNames[404]","Oceanborn Trident","Oceánorozený trojzubec"
"StaticItemNames.tridentNames[405]","Trident of the Ivory Tide","Trojzubec Slonovinový Příliv"
"StaticItemNames.tridentNames[406]","Stormborn Prong","Bouřerozený hrot"
"StaticItemNames.tridentNames[407]","Trident of the Crimson Depths","Trojzubec Karmínový Hlubiny"
"StaticItemNames.tridentNames[408]","The Osprey Fork","Vidlice orlovce"
"StaticItemNames.tridentNames[409]","Waveborn Prong","Vlnorozený hrot"
"StaticItemNames.tridentNames[410]","Trident of the Ebony Reef","Trojzubec Ebenový Útes"
"StaticItemNames.tridentNames[411]","Tidalborn Fork","Přílivorozený vidlice"
"StaticItemNames.tridentNames[412]","Trident of the Moonlit Tide","Trojzubec Měsíční Příliv"
"StaticItemNames.tridentNames[413]","The Cormorant Fork","Kormorání vidlice"
"StaticItemNames.tridentNames[414]","Depthborn Fork","Hlubinorozený vidlice"
"StaticItemNames.tridentNames[415]","Trident of the Starlit Depths","Trojzubec Hvězdný Hlubiny"
"StaticItemNames.tridentNames[416]","Seaborn Prong","Mořerozený hrot"
"StaticItemNames.tridentNames[417]","Trident of the Sunlit Reef","Trojzubec Sluneční Útes"
"StaticItemNames.tridentNames[418]","The Petrel's Fork","Buřňákova vidlice"
"StaticItemNames.tridentNames[419]","Saltborn Prong","Solnorozený hrot"
"StaticItemNames.tridentNames[420]","Trident of the Shadowed Tide","Trojzubec Zastíněný Příliv"
"StaticItemNames.tridentNames[421]","Coralborn Prong","Korálorozený hrot"
"StaticItemNames.tridentNames[422]","Trident of the Frozen Reef","Trojzubec Zmrzlý Útes"
"StaticItemNames.tridentNames[423]","The Sandpiper Fork","Pisíkova vidlice"
"StaticItemNames.tridentNames[424]","Abyssalborn Prong","Propastorozený hrot"
"StaticItemNames.tridentNames[425]","Trident of the Burning Depths","Trojzubec Hořící Hlubiny"
"StaticItemNames.tridentNames[426]","Oceanborn Fork","Oceánorozený vidlice"
"StaticItemNames.tridentNames[427]","Trident of the Howling Reef","Trojzubec Kvílející Útes"
"StaticItemNames.tridentNames[428]","The Kingfisher Fork","Ledňáčkova vidlice"
"StaticItemNames.tridentNames[429]","Stormborn Trident Fork","Bouřerozený trojzubá vidlice"
"StaticItemNames.tridentNames[430]","Trident of the Silent Reef","Trojzubec Tichý Útes"
"StaticItemNames.tridentNames[431]","Waveborn Trident Fork","Vlnorozený trojzubá vidlice"
"StaticItemNames.tridentNames[432]","Trident of the Wailing Depths","Trojzubec Naříkající Hlubiny"
"StaticItemNames.tridentNames[433]","The Heron Fork","Volavčí vidlice"
"StaticItemNames.tridentNames[434]","Tidalborn Prong","Přílivorozený hrot"
"StaticItemNames.tridentNames[435]","Trident of the Echoing Reef","Trojzubec Ozvěnový Útes"
"StaticItemNames.tridentNames[436]","Depthborn Prong","Hlubinorozený hrot"
"StaticItemNames.tridentNames[437]","Trident of the Roaring Tide","Trojzubec Řvoucí Příliv"
"StaticItemNames.tridentNames[438]","Seaborn Trident Fork","Mořerozený trojzubá vidlice"
"StaticItemNames.tridentNames[439]","Trident of the Cerulean Depths","Trojzubec Blankytný Hlubiny"
"StaticItemNames.tridentNames[440]","The Plover's Fork","Kulíkova vidlice"
"StaticItemNames.tridentNames[441]","Coralborn Trident Fork","Korálorozený trojzubá vidlice"
"StaticItemNames.tridentNames[442]","Trident of the Pearlescent Reef","Trojzubec Perleťový Útes"
"StaticItemNames.tridentNames[443]","Saltborn Trident Fork","Solnorozený trojzubá vidlice"
"StaticItemNames.tridentNames[444]","Trident of the Glimmering Tide","Trojzubec Třpytivý Příliv"
"StaticItemNames.tridentNames[445]","The Grebe Fork","Potápková vidlice"
"StaticItemNames.tridentNames[446]","Abyssalborn Trident Fork","Propastorozený trojzubá vidlice"
"StaticItemNames.tridentNames[447]","Trident of the Dappled Reef","Trojzubec Skvrnitý Útes"
"StaticItemNames.tridentNames[448]","Oceanborn Prong","Oceánorozený hrot"
"StaticItemNames.tridentNames[449]","Trident of the Glistening Depths","Trojzubec Lesklý Hlubiny"
"StaticItemNames.tridentNames[450]","The Tern's Fork","Rybákova vidlice"
"StaticItemNames.tridentNames[451]","Stormborn Trident Prong","Bouřerozený trojzubý hrot"
"StaticItemNames.tridentNames[452]","Trident of the Lustrous Reef","Trojzubec Lesklý Útes"
"StaticItemNames.tridentNames[453]","Waveborn Trident Prong","Vlnorozený trojzubý hrot"
"StaticItemNames.tridentNames[454]","Trident of the Iridescent Tide","Trojzubec Duhový Příliv"
"StaticItemNames.tridentNames[455]","The Gannet Fork","Terejova vidlice"
"StaticItemNames.tridentNames[456]","Tidalborn Trident Fork","Přílivorozený trojzubá vidlice"
"StaticItemNames.tridentNames[457]","Trident of the Shining Depths","Trojzubec Zářící Hlubiny"
"StaticItemNames.tridentNames[458]","Depthborn Trident Fork","Hlubinorozený trojzubá vidlice"
"StaticItemNames.tridentNames[459]","Trident of the Luminous Reef","Trojzubec Svítivý Útes"
"StaticItemNames.tridentNames[460]","The Curlew Fork","Kolihova vidlice"
"StaticItemNames.tridentNames[461]","Seaborn Trident Prong","Mořerozený trojzubý hrot"
"StaticItemNames.tridentNames[462]","Trident of the Gleaming Tide","Trojzubec Blyštivý Příliv"
"StaticItemNames.tridentNames[463]","Coralborn Trident Prong","Korálorozený trojzubý hrot"
"StaticItemNames.tridentNames[464]","Trident of the Radiant Depths","Trojzubec Zářivý Hlubiny"
"StaticItemNames.tridentNames[465]","The Skua Fork","Chaluhová vidlice"
"StaticItemNames.tridentNames[466]","Saltborn Trident Prong","Solnorozený trojzubý hrot"
"StaticItemNames.tridentNames[467]","Trident of the Sparkling Reef","Trojzubec Jiskřivý Útes"
"StaticItemNames.tridentNames[468]","Abyssalborn Trident Prong","Propastorozený trojzubý hrot"
"StaticItemNames.tridentNames[469]","Trident of the Prismatic Tide","Trojzubec Prizmatický Příliv"
"StaticItemNames.tridentNames[470]","The Shearwater Fork","Buřňákova vidlice"
"StaticItemNames.tridentNames[471]","Oceanborn Trident Fork","Oceánorozený trojzubá vidlice"
"StaticItemNames.tridentNames[472]","Trident of the Opal Depths","Trojzubec Opálový Hlubiny"
"StaticItemNames.tridentNames[473]","Stormwarden Trident","Bouřný strážce trojzubec"
"StaticItemNames.tridentNames[474]","Trident of the Turquoise Reef","Trojzubec Tyrkysový Útes"
"StaticItemNames.tridentNames[475]","The Fulmar Fork","Buřňákova vidlice"
"StaticItemNames.tridentNames[476]","Tidewarden Trident","Přílivový strážce trojzubec"
"StaticItemNames.tridentNames[477]","Trident of the Cobalt Depths","Trojzubec Kobaltový Hlubiny"
"StaticItemNames.tridentNames[478]","Wavewarden Trident","Vlnový strážce trojzubec"
"StaticItemNames.tridentNames[479]","Trident of the Indigo Tide","Trojzubec Indigový Příliv"
"StaticItemNames.tridentNames[480]","The Jaeger Fork","Chaluhová vidlice"
"StaticItemNames.tridentNames[481]","Depthwarden Fork","Hlubinný strážce vidlice"
"StaticItemNames.tridentNames[482]","Trident of the Teal Reef","Trojzubec Modrozelený Útes"
"StaticItemNames.tridentNames[483]","Coralwarden Trident","Korálový strážce trojzubec"
"StaticItemNames.tridentNames[484]","Trident of the Marine Depths","Trojzubec Mořský Hlubiny"
"StaticItemNames.tridentNames[485]","The Booby Fork","Terejova vidlice"
"StaticItemNames.tridentNames[486]","Saltwarden Trident","Solný strážce trojzubec"
"StaticItemNames.tridentNames[487]","Trident of the Aqua Reef","Trojzubec Akvový Útes"
"StaticItemNames.tridentNames[488]","Oceanwarden Trident","Oceánský strážce trojzubec"
"StaticItemNames.tridentNames[489]","Trident of the Viridian Tide","Trojzubec Viridiánový Příliv"
"StaticItemNames.tridentNames[490]","The Frigatebird Fork","Fregatčí vidlice"
"StaticItemNames.tridentNames[491]","Abyssalwarden Trident","Propastný strážce trojzubec"
"StaticItemNames.tridentNames[492]","Trident of the Beryl Depths","Trojzubec Berylový Hlubiny"
"StaticItemNames.tridentNames[493]","Stormwarden Fork","Bouřný strážce vidlice"
"StaticItemNames.tridentNames[494]","Trident of the Seafoam Reef","Trojzubec Mořskopěnný Útes"
"StaticItemNames.tridentNames[495]","Tidewarden Fork","Přílivový strážce vidlice"
"StaticItemNames.tridentNames[496]","Trident of the Sunken Reef","Trojzubec Potopený Útes"
"StaticItemNames.tridentNames[497]","Wavewarden Fork","Vlnový strážce vidlice"
"StaticItemNames.tridentNames[498]","Trident of the Coral Depths","Trojzubec Korálový Hlubiny"
"StaticItemNames.tridentNames[499]","The Anemone Fork","Sasanková vidlice"
"Wormholes.defaultPortalMissingMessage","&8[EliteMobs] &cThis portal doesn't seem to lead anywhere!","&8[EliteMobs] &cZdá se, že tento portál nikam nevede!"
"Wormholes.dungeonNotInstalledMessage","&8[EliteMobs] &cDungeon $dungeonID &cis not installed! This teleport will not work.","&8[EliteMobs] &cŽalář $dungeonID &cnení nainstalovaný! Tento teleport nebude fungovat."
"Wormholes.insufficientCurrencyForWormholeMessage","&8[EliteMobs] &cInsufficient currency! You need $amount to use this wormhole!","&8[EliteMobs] &cNedostatek měny! Pro použití tohoto červího tunelu potřebuješ $amount!"
"absorption.name","Absorption","Absorpce"
"adventurers_guild_hub.customInfo[0]","&aThe EliteMobs hub with shops and teleports!","&aCentrum EliteMobs s obchody a teleporty!"
"adventurers_guild_hub.name","&2Adventurers Guild Hub!","&2Centrum Cechu dobrodruhů!"
"adventurers_guild_hub.playerInfo","Difficulty: &cHard
$bossCount level $lowestTier Big Boss!
&6Face fierce beasts at their home turf!","Obtížnost: &cTěžká
$bossCount úroveň $lowestTier Velký boss!
&6Postavte se zuřivým bestiím na jejich domácí půdě!"
"adventurers_guild_hub.regionEnterMessage","&8[EM] &aYou have entered the Beast Sanctuary! Beware of what prowls here!","&8[EM] &aVstoupili jste do Svatyně bestií! Pozor na to, co se tu plíží!"
"adventurers_guild_hub.regionLeaveMessage","&8[EM] &aYou've left the Beast Sanctuary! Did you take trophies?","&8[EM] &aOpustili jste Svatyni bestií! Přinesli jste si trofeje?"
"ag_diamond_league_arena_wormhole.location1Text","<g:#00CED1:#87CEEB:#E0FFFF>『Diamond League Arena』</g> <g:#98FB98:#90EE90>Lvl 50</g>","<g:#00CED1:#87CEEB:#E0FFFF>『Diamond League Arena』</g> <g:#98FB98:#90EE90>Lvl 50</g>"
"ag_diamond_league_arena_wormhole.location2Text","<g:#FFD700:#FFA500>『Adventurer's Guild』</g>","<g:#FFD700:#FFA500>『Adventurer's Guild』</g>"
"ag_iron_league_arena_wormhole.location1Text","<g:#C0C0C0:#FFFFFF>『Iron League Arena』</g> <g:#98FB98:#90EE90>Lvl 50</g>","<g:#C0C0C0:#FFFFFF>『Iron League Arena』</g> <g:#98FB98:#90EE90>Lvl 50</g>"
"ag_iron_league_arena_wormhole.location2Text","<g:#FFD700:#FFA500>『Adventurer's Guild』</g>","<g:#FFD700:#FFA500>『Adventurer's Guild』</g>"
"ag_oasis_wormhole.location1Text","<g:#FFD700:#F0E68C>『Oasis Adventure』</g> <g:#98FB98:#90EE90>Lvls 20-55</g>","<g:#FFD700:#F0E68C>『Oasis Adventure』</g> <g:#98FB98:#90EE90>Lvls 20-55</g>"
"ag_primis_wormhole.location1Text","<g:#228B22:#32CD32>『Primis Adventure』</g> <g:#98FB98:#90EE90>Lvls 0-20</g>","<g:#228B22:#32CD32>『Primis Adventure』</g> <g:#98FB98:#90EE90>Lvls 0-20</g>"
"ag_welcome_quest_0.customObjectives.Objective1.dialog[0]","&8[&aCasus&8]&f Welcome to the Adventurer's Guild Hub, the hub for all things EliteMobs!","&8[&aCasus&8]&f Vítejte v centru Cechu dobrodruhů, centru všeho kolem EliteMobs!"
"ag_welcome_quest_0.customObjectives.Objective1.dialog[1]","You can always get back here using &2/ag&f!","Sem se můžete kdykoli vrátit pomocí &2/ag&f!"
"ag_welcome_quest_0.customObjectives.Objective1.dialog[2]","Talk to me again for a quest!","Promluvte si se mnou znovu pro úkol!"
"ag_welcome_quest_0.customObjectives.Objective1.location","at the Adventurer's Guild","at the Adventurer's Guild"
"ag_welcome_quest_0.customObjectives.Objective1.npcName","Casus","Casus"
"ag_welcome_quest_0.name","&2Finding the AG!","&2Najít AG!"
"ag_welcome_quest_0.questAcceptDialog[0]","&8[Dux]&f Alright, make sure you use &2/ag &f or &2/adventurersguild&f to head off to the Adventurer's Guild Hub!","&8[Odigos]&f Dobře, nezapomeňte použít &2/ag &f nebo &2/adventurersguild&f, abyste se přesunuli do centra Cechu dobrodruhů!"
"ag_welcome_quest_0.questAcceptDialog[1]","Make sure you talk to Casus when you're there!","Až tam budete, určitě si promluvte s Casusem!"
"ag_welcome_quest_0.questLore[0]","Discover the Adventurer's Guild Hub using the command &2/ag &0or &2/adventurersguild !","Objevte centrum Cechu dobrodruhů pomocí příkazu &2/ag &0or &2/adventurersguild !"
"ag_welcome_quest_1.customObjectives.Objective1.dialog[0]","&8[&aHermes&8]&f I take you back to where you were before! Just talk to me again!","&8[&aHermes&8]&f Vracím vás zpět tam, kde jste byli předtím! Stačí se mnou znovu promluvit!"
"ag_welcome_quest_1.customObjectives.Objective1.location","by the gate","by the gate"
"ag_welcome_quest_1.customObjectives.Objective1.npcName","Hermes","Hermes"
"ag_welcome_quest_1.customObjectives.Objective10.dialog[0]","&8[&aGrog&8]&f Want to buy special items? I've got just the thing!","&8[&aGrog&8]&f Chcete koupit speciální předměty? Mám přesně to, co potřebujete!"
"ag_welcome_quest_1.customObjectives.Objective10.location","in the main building","in the main building"
"ag_welcome_quest_1.customObjectives.Objective10.npcName","Grog","Grog"
"ag_welcome_quest_1.customObjectives.Objective11.dialog[0]","&8[&aUlfric&8]&f If you bring me a very special and rare item, I can unbind your Elite items.","&8[&aUlfric&8]&f Když mi přinesete velmi speciální a vzácný předmět, mohu zrušit Vázáno na duši u vašich Elite předmětů."
"ag_welcome_quest_1.customObjectives.Objective11.dialog[1]","You don't yet look prepared to take this challenge on, but you can make killing the Binder of Worlds your ultimate goal, if you dare.","Zatím nevypadáte připraveně na tuto výzvu, ale můžete si dát za konečný cíl zabít Binder of Worlds, pokud se odvážíte."
"ag_welcome_quest_1.customObjectives.Objective11.location","under the main building","under the main building"
"ag_welcome_quest_1.customObjectives.Objective11.npcName","Ulfric","Ulfric"
"ag_welcome_quest_1.customObjectives.Objective2.dialog[0]","&8[&aBartley&8]&f Need a stiff drink? My drinks pack an extra punch!","&8[&aBartley&8]&f Potřebujete něco ostřejšího? Moje nápoje mají pořádný říz!"
"ag_welcome_quest_1.customObjectives.Objective2.location","in the main building","in the main building"
"ag_welcome_quest_1.customObjectives.Objective2.npcName","Bartley","Bartley"
"ag_welcome_quest_1.customObjectives.Objective3.dialog[0]","&8[&aGreg&8]&f Want to buy or sell something? I've got a little of everything!","&8[&aGreg&8]&f Chcete něco koupit nebo prodat? Mám od všeho trochu!"
"ag_welcome_quest_1.customObjectives.Objective3.location","in the main building","in the main building"
"ag_welcome_quest_1.customObjectives.Objective3.npcName","Greg","Greg"
"ag_welcome_quest_1.customObjectives.Objective4.dialog[0]","&8[&aCharles&8]&f Want to learn about fighting elites? Just talk to me!","&8[&aCharles&8]&f Chcete se naučit bojovat s elitami? Stačí se mnou promluvit!"
"ag_welcome_quest_1.customObjectives.Objective4.location","next to the main building","next to the main building"
"ag_welcome_quest_1.customObjectives.Objective4.npcName","Charles","Charles"
"ag_welcome_quest_1.customObjectives.Objective5.dialog[0]","&8[&aGillian&8]&f Do you seek power? Do you desire to reach new heights? Talk to me to unlock new guild ranks, and reach levels of power you never thought to be possible!","&8[&aGillian&8]&f Hledáte sílu? Toužíte dosáhnout nových výšin? Promluvte si se mnou, odemkněte nové cechovní hodnosti a dosáhněte úrovní síly, které jste nikdy nepovažovali za možné!"
"ag_welcome_quest_1.customObjectives.Objective5.location","in the main building","in the main building"
"ag_welcome_quest_1.customObjectives.Objective5.npcName","Gillian","Gillian"
"ag_welcome_quest_1.customObjectives.Objective6.dialog[0]","&8[&aQel'Thuzad&8]&f These Elite monsters, where do they keep coming from?","&8[&aQel'Thuzad&8]&f Tyhle Elite příšery, odkud se pořád berou?"
"ag_welcome_quest_1.customObjectives.Objective6.dialog[1]","Ah, never mind that for now, we are always in need of more people to assist us in slaying quests!","Ah, to teď neřešme, vždycky potřebujeme více lidí, kteří nám pomohou s plněním zabíjecích Úkolů!"
"ag_welcome_quest_1.customObjectives.Objective6.dialog[2]","Just talk to me to get one!","Stačí se mnou promluvit a jeden dostanete!"
"ag_welcome_quest_1.customObjectives.Objective6.location","in the main building","in the main building"
"ag_welcome_quest_1.customObjectives.Objective6.npcName","Qel'Thuzad","Qel'Thuzad"
"ag_welcome_quest_1.customObjectives.Objective7.dialog[0]","&8[&aEden&8]&f Need to enchant your Elite items? Just bring me an elite enchanted book!","&8[&aEden&8]&f Potřebujete očarovat své Elite předměty? Stačí mi přinést elitní očarovanou knihu!"
"ag_welcome_quest_1.customObjectives.Objective7.location","under the main building","under the main building"
"ag_welcome_quest_1.customObjectives.Objective7.npcName","Eden","Eden"
"ag_welcome_quest_1.customObjectives.Objective8.dialog[0]","&8[&aReggie&8]&f Need your Elite items repaired? Just bring me some scrap, and I'll make them as good as new!","&8[&aReggie&8]&f Potřebujete opravit své Elite předměty? Přineste mi trochu šrotu a já je opravím jako nové!"
"ag_welcome_quest_1.customObjectives.Objective8.dialog[1]","Remember, the higher the level of your scrap, the better I can repair you Elite item!","Pamatujte, čím vyšší úroveň vašeho šrotu, tím lépe dokážu opravit váš Elite předmět!"
"ag_welcome_quest_1.customObjectives.Objective8.location","under the main building","under the main building"
"ag_welcome_quest_1.customObjectives.Objective8.npcName","Reggie","Reggie"
"ag_welcome_quest_1.customObjectives.Objective9.dialog[0]","&8[&aKelly&8]&f Got extra Elite items? Don't know what to do with them? Give them to me, and I'll turn them into scrap!","&8[&aKelly&8]&f Máte navíc Elite předměty? Nevíte, co s nimi? Dejte je mně a já je přeměním na šrot!"
"ag_welcome_quest_1.customObjectives.Objective9.dialog[1]","You can use scrap to repair Elite items!","Šrot můžete použít k opravě Elite předmětů!"
"ag_welcome_quest_1.customObjectives.Objective9.location","under the main building","under the main building"
"ag_welcome_quest_1.customObjectives.Objective9.npcName","Kelly","Kelly"
"ag_welcome_quest_1.name","&2Welcome to the AG!","&2Vítejte v AG!"
"ag_welcome_quest_1.questLore[0]","&aMeet the Adventurer's Guild NPCs!","&aSeznamte se s NPC Cechu dobrodruhů!"
"airship_teleporter.greetings[0]","",""
"airship_teleporter.name","<g:#6A9AB0:#7AAAC0>Sky Captain</g>","<g:#6A9AB0:#7AAAC0>Nebeský kapitán</g>"
"airship_teleporter.role","<g:#5A8AA0:#6A9AB0><Airship></g>","<g:#5A8AA0:#6A9AB0><Airship></g>"
"aqua_affinity.name","Aqua Affinity","Vodní afinita"
"arena_menu.invalidArenaMessage","&4[EliteMobs] &cInvalid arena name! The arena you are trying to join is not correctly setup.","&4[EliteMobs] &cNeplatný název arény! Aréna, do které se pokoušíte vstoupit, není správně nastavena."
"arena_menu.playerItem.lore[0]","&2Fight in the arena!","&2Fight in the arena!"
"arena_menu.playerItem.name","&4Challenge the arena!","&4Vyzvěte arénu!"
"arena_menu.spectatorItem.lore[0]","&2Spectate players in the arena!","&2Spectate players in the arena!"
"arena_menu.spectatorItem.name","&aSpectate!","&aSledujte!"
"armor_adrenaline_surge.description[0]","&7Gain combat buffs when","&7Získejte bojové bonusy, když"
"armor_adrenaline_surge.description[1]","&7health drops below 30%. 45s CD.","&7zdraví klesne pod 30 %. CD 45 s."
"armor_adrenaline_surge.formattedBonusTemplate","Buffs on low health (CD: $cooldown)","Bonusy při nízkém zdraví (CD: $cooldown)"
"armor_adrenaline_surge.loreTemplates[0]","&7Gain buffs when health drops below 30%","&7Získejte bonusy, když zdraví klesne pod 30 %"
"armor_adrenaline_surge.loreTemplates[1]","&7Buffs: Speed, Strength, Resistance","&7Bonusy: Rychlost, Síla, Odolnost"
"armor_adrenaline_surge.loreTemplates[2]","&7Duration: $duration","&7Trvání: $duration"
"armor_adrenaline_surge.loreTemplates[3]","&7Cooldown: $cooldown","&7Obnova: $cooldown"
"armor_adrenaline_surge.name","&cAdrenaline Surge","&cAdrenalinový nával"
"armor_battle_hardened.description[0]","&7Passive damage reduction","&7Pasivní snížení poškození"
"armor_battle_hardened.description[1]","&7from all sources.","&7ze všech zdrojů."
"armor_battle_hardened.formattedBonusTemplate","$value% Damage Reduction","$value% snížení poškození"
"armor_battle_hardened.loreTemplates[0]","&7Passive damage reduction from all sources","&7Pasivní snížení poškození ze všech zdrojů"
"armor_battle_hardened.loreTemplates[1]","&7Damage Reduction: $value%","&7Snížení poškození: $value%"
"armor_battle_hardened.name","&6Battle Hardened","&6Otrlý bojovník"
"armor_evasion.description[0]","&7Chance to completely","&7Šance úplně"
"armor_evasion.description[1]","&7dodge incoming attacks.","&7uhnout příchozím útokům."
"armor_evasion.formattedBonusTemplate","$procChance% Evasion Chance","$procChance% šance na úhyb"
"armor_evasion.loreTemplates[0]","&7Chance to completely dodge incoming attacks","&7Šance úplně uhnout příchozím útokům"
"armor_evasion.loreTemplates[1]","&7Evasion Chance: $procChance%","&7Šance na úhyb: $procChance%"
"armor_evasion.name","&fEvasion","&fÚhyb"
"armor_fortify.description[0]","&7Taking damage builds stacks","&7Při utržení poškození získáváte vrstvy"
"armor_fortify.description[1]","&7that reduce future damage.","&7které snižují budoucí poškození."
"armor_fortify.formattedBonusTemplate","$reductionPerStack% reduction per stack (max $maxStacks)","$reductionPerStack% snížení za vrstvu (max $maxStacks)"
"armor_fortify.loreTemplates[0]","&7Build damage reduction stacks when taking damage","&7Při utržení poškození získávejte vrstvy snížení poškození"
"armor_fortify.loreTemplates[1]","&7Max Stacks: $maxStacks","&7Max. vrstvy: $maxStacks"
"armor_fortify.loreTemplates[2]","&7Reduction per Stack: $reductionPerStack%","&7Snížení za vrstvu: $reductionPerStack%"
"armor_fortify.loreTemplates[3]","&7Stacks decay after 10 seconds without damage","&7Vrstvy se rozpadají po 10 sekundách bez poškození"
"armor_fortify.name","&9Fortify","&9Opevnění"
"armor_grit.description[0]","&7Take less damage when","&7Dostáváte méně poškození, když"
"armor_grit.description[1]","&7below 50% health.","&7jste pod 50 % zdraví."
"armor_grit.formattedBonusTemplate","Up to $maxReduction% damage reduction","Až $maxReduction% snížení poškození"
"armor_grit.loreTemplates[0]","&7Gain increased damage reduction when below 50% health","&7Při zdraví pod 50 % získáte vyšší snížení poškození"
"armor_grit.loreTemplates[1]","&7Lower health = more damage reduction","&7Nižší zdraví = větší snížení poškození"
"armor_grit.loreTemplates[2]","&7Max Reduction: $maxReduction%","&7Max. snížení: $maxReduction%"
"armor_grit.loreTemplates[3]","&7Requires: Health below 50%","&7Vyžaduje: Zdraví pod 50 %"
"armor_grit.name","&8Grit","&8Houževnatost"
"armor_iron_stance.description[0]","&7Take less damage while","&7Dostáváte méně poškození při"
"armor_iron_stance.description[1]","&7standing still.","&7stání na místě."
"armor_iron_stance.formattedBonusTemplate","$reduction% Damage Reduction","$reduction% snížení poškození"
"armor_iron_stance.loreTemplates[0]","&7Gain damage reduction when standing still","&7Získejte snížení poškození při stání na místě"
"armor_iron_stance.loreTemplates[1]","&7Damage Reduction: $reduction%","&7Snížení poškození: $reduction%"
"armor_iron_stance.loreTemplates[2]","&7Requires: Standing still for 1 second","&7Vyžaduje: Stát 1 sekundu na místě"
"armor_iron_stance.name","&7Iron Stance","&7Železný postoj"
"armor_last_stand.description[0]","&7Survive fatal damage with","&7Přežijte smrtelné poškození s"
"armor_last_stand.description[1]","&71 heart. 120s cooldown.","&71 srdcem. Obnova 120 s."
"armor_last_stand.formattedBonusTemplate","Prevent death (CD: $cooldown)","Zabrání smrti (CD: $cooldown)"
"armor_last_stand.loreTemplates[0]","&7Survive a fatal blow once per cooldown","&7Přežijte jeden smrtelný zásah za dobu obnovy"
"armor_last_stand.loreTemplates[1]","&7Prevents death and restores you to 1 HP","&7Zabrání smrti a obnoví vás na 1 HP"
"armor_last_stand.loreTemplates[2]","&7Cooldown: $cooldown","&7Obnova: $cooldown"
"armor_last_stand.name","&4Last Stand","&4Poslední vzdor"
"armor_reactive_shielding.description[0]","&7Big hits activate a shield","&7Silné zásahy aktivují štít"
"armor_reactive_shielding.description[1]","&7that reduces damage. 30s CD.","&7který snižuje poškození. CD 30 s."
"armor_reactive_shielding.formattedBonusTemplate","$shieldReduction% damage reduction shield (CD: $cooldown)","$shieldReduction% štít snížení poškození (CD: $cooldown)"
"armor_reactive_shielding.loreTemplates[0]","&7Activate damage reduction shield when taking a big hit","&7Při velkém zásahu aktivuje štít snížení poškození"
"armor_reactive_shielding.loreTemplates[1]","&7Triggers on hits dealing 20%+ of max health","&7Spustí se při zásazích za 20 %+ max. zdraví"
"armor_reactive_shielding.loreTemplates[2]","&7Shield Reduction: $shieldReduction%","&7Snížení štítu: $shieldReduction%"
"armor_reactive_shielding.loreTemplates[3]","&7Shield Duration: $shieldDuration","&7Trvání štítu: $shieldDuration"
"armor_reactive_shielding.loreTemplates[4]","&7Cooldown: $cooldown","&7Obnova: $cooldown"
"armor_reactive_shielding.name","&bReactive Shielding","&bReaktivní štít"
"armor_retaliation.description[0]","&7Chance to reflect damage","&7Šance odrazit poškození"
"armor_retaliation.description[1]","&7back to attackers.","&7zpět útočníkům."
"armor_retaliation.formattedBonusTemplate","$procChance% chance to reflect $reflectDamage% damage","$procChance% šance odrazit $reflectDamage% poškození"
"armor_retaliation.loreTemplates[0]","&7Chance to reflect damage back to attackers","&7Šance odrazit poškození zpět útočníkům"
"armor_retaliation.loreTemplates[1]","&7Proc Chance: $procChance%","&7Šance na aktivaci: $procChance%"
"armor_retaliation.loreTemplates[2]","&7Reflect Damage: $reflectDamage%","&7Odražené poškození: $reflectDamage%"
"armor_retaliation.name","&cRetaliation","&cOdplata"
"armor_second_wind.description[0]","&7Heal when health drops","&7Vyléčí při poklesu zdraví"
"armor_second_wind.description[1]","&7below 25%. 60s cooldown.","&7pod 25 %. Obnova 60 s."
"armor_second_wind.formattedBonusTemplate","$healAmount% heal on low health (CD: $cooldown)","$healAmount% léčení při nízkém zdraví (CD: $cooldown)"
"armor_second_wind.loreTemplates[0]","&7Automatically heal when health drops below 25%","&7Automaticky se vyléčíte, když zdraví klesne pod 25 %"
"armor_second_wind.loreTemplates[1]","&7Heal Amount: $healAmount%","&7Množství léčení: $healAmount%"
"armor_second_wind.loreTemplates[2]","&7Cooldown: $cooldown","&7Obnova: $cooldown"
"armor_second_wind.name","&aSecond Wind","&aDruhý dech"
"arrow_shop_menu.arrowDisplayName","&fArrows","&fŠípy"
"arrow_shop_menu.arrowOfHarmingDisplayName","&4Arrow of Harming","&4Šíp zraňování"
"arrow_shop_menu.arrowOfHealingDisplayName","&dArrow of Healing","&dŠíp léčení"
"arrow_shop_menu.arrowOfPoisonDisplayName","&2Arrow of Poison","&2Šíp jedu"
"arrow_shop_menu.arrowOfSlownessDisplayName","&8Arrow of Slowness","&8Šíp zpomalení"
"arrow_shop_menu.arrowOfWeaknessDisplayName","&7Arrow of Weakness","&7Šíp slabosti"
"arrow_shop_menu.insufficientFundsMessage","&c[EliteMobs] &7You don't have enough Elite Coins! You need &f%price% &7coins.","&c[EliteMobs] &7Nemáte dost Elite Coins! Potřebujete &f%price% &7mincí."
"arrow_shop_menu.inventoryFullMessage","&c[EliteMobs] &7Your inventory is full!","&c[EliteMobs] &7Váš inventář je plný!"
"arrow_shop_menu.purchaseSuccessMessage","&a[EliteMobs] &7Purchased &f%amount%x %item% &7for &f%price% &7Elite Coins!","&a[EliteMobs] &7Zakoupeno &f%amount%x %item% &7za &f%price% &7Elite Coins!"
"arrow_shop_menu.shopItemAmountFormat","&7Amount: &f$amount","&7Množství: &f$amount"
"arrow_shop_menu.shopItemClickToPurchase","&eClick to purchase!","&eKlikněte pro nákup!"
"arrow_shop_menu.shopItemPriceFormat","&7Price: &6$price &7Elite Coins","&7Cena: &6$price &7Elite Coins"
"arrow_shop_menu.shopName","&2&lFletcher's Arrow Shop","&2&lFletcherův obchod se šípy"
"arrow_shop_menu.spectralArrowDisplayName","&eSpectral Arrows","&eSpektrální šípy"
"axes_devastating_blow.description[0]","&7Chance to deal massive","&7Šance způsobit masivní"
"axes_devastating_blow.description[1]","&7bonus damage on hit.","&7bonusové poškození při zásahu."
"axes_devastating_blow.formattedBonusTemplate","$damageMultiplierx Damage (proc)","$damageMultiplierx poškození (proc)"
"axes_devastating_blow.loreTemplates[0]","&7Proc Chance: &f$procChance%","&7Šance na proc: &f$procChance%"
"axes_devastating_blow.loreTemplates[1]","&7Damage: &f$damageMultiplierx","&7Poškození: &f$damageMultiplierx"
"axes_devastating_blow.name","&4Devastating Blow","&4Ničivý úder"
"axes_executioner.description[0]","&7Deal massive bonus damage to","&7Způsobuje obrovské bonusové poškození"
"axes_executioner.description[1]","&7enemies below 40% health.","&7nepřátelům pod 40 % zdraví."
"axes_executioner.formattedBonusTemplate","+$executeBonus% Execute Damage","+$executeBonus% popravčí poškození"
"axes_executioner.loreTemplates[0]","&7Execute Bonus: &f+$executeBonus%","&7Popravčí bonus: &f+$executeBonus%"
"axes_executioner.loreTemplates[1]","&7Threshold: &fBelow 40% HP","&7Prahová hodnota: &fPod 40 % HP"
"axes_executioner.name","&4Executioner","&4Kat"
"axes_momentum.description[0]","&7Consecutive hits increase","&7Po sobě jdoucí zásahy zvyšují"
"axes_momentum.description[1]","&7damage. Stacks up to 5 times.","&7poškození. Sčítá se až 5x."
"axes_momentum.formattedBonusTemplate","+$maxBonus% Max Damage","+$maxBonus% Max poškození"
"axes_momentum.loreTemplates[0]","&7Max Stacks: &f$maxStacks","&7Max. počet vrstev: &f$maxStacks"
"axes_momentum.loreTemplates[1]","&7Damage per Stack: &f+$bonusPerStack%","&7Poškození za vrstvu: &f+$bonusPerStack%"
"axes_momentum.loreTemplates[2]","&7Max Bonus: &f+$maxBonus%","&7Max. bonus: &f+$maxBonus%"
"axes_momentum.name","&6Momentum","&6Hybnost"
"axes_stagger.description[0]","&7Chance to stagger enemies,","&7Šance ochromit nepřátele,"
"axes_stagger.description[1]","&7slowing and weakening them.","&7zpomalit a oslabit je."
"axes_stagger.formattedBonusTemplate","$procChance% Stagger Chance","$procChance% šance na ochromení"
"axes_stagger.loreTemplates[0]","&7Proc Chance: &f$procChance%","&7Šance aktivace: &f$procChance%"
"axes_stagger.loreTemplates[1]","&7Effect: &fSlowness + Weakness","&7Efekt: &fPomalost + Slabost"
"axes_stagger.loreTemplates[2]","&7Duration: &f2 seconds","&7Trvání: &f2 sekundy"
"axes_stagger.name","&eStagger","&eOchromení"
"axes_timber.description[0]","&7Bonus damage and hits","&7Bonusové poškození a zásahy"
"axes_timber.description[1]","&7disable enemy shields.","&7vyřadí nepřátelské štíty."
"axes_timber.formattedBonusTemplate","+$damageBonus% Damage","+$damageBonus% poškození"
"axes_timber.loreTemplates[0]","&7Damage Bonus: &f+$damageBonus%","&7Bonus poškození: &f+$damageBonus%"
"axes_timber.loreTemplates[1]","&7Shield Disable: &f+$shieldDisable%","&7Vyřazení štítu: &f+$shieldDisable%"
"axes_timber.name","&2Timber!","&2Kácení!"
"axes_wound.description[0]","&7Attacks cause heavy bleeding","&7Útoky způsobují silné krvácení"
"axes_wound.description[1]","&7that deals damage over time.","&7které uděluje poškození v čase."
"axes_wound.formattedBonusTemplate","$totalPercent% bleed over 4s","$totalPercent% krvácení během 4 s"
"axes_wound.loreTemplates[0]","&7Proc Chance: &f$procChance%","&7Šance aktivace: &f$procChance%"
"axes_wound.loreTemplates[1]","&7Bleed: &f$bleedPercent% of hit/tick","&7Krvácení: &f$bleedPercent% zásahu/tik"
"axes_wound.loreTemplates[2]","&7Total DoT: &f$totalPercent% over 4s","&7Celkové DoT: &f$totalPercent% za 4 s"
"axes_wound.name","&cDeep Wound","&cHluboká rána"
"back_teleporter.dialog[0]","Need to go back?","Potřebuješ se vrátit?"
"back_teleporter.farewell[0]","Safe travels, friend.","Šťastnou cestu, příteli."
"back_teleporter.greetings[0]","Welcome to the\nAdventurer's Guild Hub!","Vítej v\ncentru Cechu dobrodruhů!"
"back_teleporter.name","&7Hermes","&7Hermes"
"back_teleporter.noPreviousLocationMessage","&8[EliteMobs] &cCouldn't send you back to your previous location - no previous location found!","&8[EliteMobs] &cNepodařilo se tě vrátit na předchozí místo - žádné předchozí místo nebylo nalezeno!"
"back_teleporter.role","&8<Transporter>","&8<Přepravce>"
"bane_of_arthropods.name","Bane of Arthropods","Zhouba členovců"
"barkeep.dialog[0]","Have one of our house specialties.","Dej si jednu z našich specialit."
"barkeep.dialog[1]","Special drinks won't find them\nanywhere else.","Naše speciální nápoje\njinde nenajdeš."
"barkeep.dialog[2]","One taste and will keep you\ncoming back from more.","Jedno ochutnání a budeš se\nvracet pro další."
"barkeep.farewell[0]","Come back anytime","Vrať se kdykoliv"
"barkeep.farewell[1]","Bottoms up!","Na ex!"
"barkeep.farewell[2]","Kampai!","Kampai!"
"barkeep.farewell[3]","Salut!","Na zdraví!"
"barkeep.farewell[4]","Brosd!","Brosd!"
"barkeep.farewell[5]","Salud!","Salud!"
"barkeep.farewell[6]","À la vôtre !","Na zdraví!"
"barkeep.farewell[7]","Prost!","Prost!"
"barkeep.farewell[8]","Santi!","Santi!"
"barkeep.farewell[9]","Salute!","Salute!"
"barkeep.farewell[10]","Saúde!","Saúde!"
"barkeep.farewell[11]","Cheers!","Na zdraví!"
"barkeep.farewell[12]","乾杯!","乾杯!"
"barkeep.greetings[0]","Need a drink?","Dáš si něco k pití?"
"barkeep.greetings[1]","Want a drink","Chceš něco k pití"
"barkeep.greetings[2]","Thirsty?","Máš žízeň?"
"barkeep.greetings[3]","Howdy, partner.","Zdravím, parťáku."
"barkeep.name","<g:#7A5A40:#8A6A50>Bartley</g>","<g:#7A5A40:#8A6A50>Bartley</g>"
"barkeep.role","<g:#6A4A30:#7A5A40><Barkeep></g>","<g:#6A4A30:#7A5A40><Barman></g>"
"beasts_sanctuary_lair.customInfo[0]","&fA dark sanctuary corrupted by","&fTemná svatyně zkažená"
"beasts_sanctuary_lair.customInfo[1]","&fthe terrifying Beast.","&fděsivou Bestií."
"beasts_sanctuary_lair.difficulties.0.name","normal","normal"
"beasts_sanctuary_lair.difficulties.1.name","hard","hard"
"beasts_sanctuary_lair.difficulties.2.name","mythic","mythic"
"beasts_sanctuary_lair.name","&2[Dynamic] &cThe Beast's Sanctuary","&2[Dynamic] &cSvatyně Bestie"
"beasts_sanctuary_lair.playerInfo","&aDynamic Lair
$bossCount boss encounters
&cA dark sanctuary corrupted
&cby the terrifying Beast.","Obtížnost: &4Dynamický obsah!"
"beasts_sanctuary_lair.regionEnterMessage","&8[EM] &aYou have entered the Beast Sanctuary! Beware of what prowls here!","&8[EM] &aVstoupil jsi do Svatyně Bestie! Dej si pozor na to, co se tu plíží!"
"beasts_sanctuary_lair.regionLeaveMessage","&8[EM] &aYou've left the Beast Sanctuary! Did you take trophies?","&8[EM] &aOpustil jsi Svatyni Bestie! Vzal sis trofeje?"
"beasts_sanctuary_teleporter.greetings[0]","",""
"beasts_sanctuary_teleporter.name","<g:#7A5A40:#8A6A50>Beast Warden</g>","<g:#7A5A40:#8A6A50>Strážce zvířat</g>"
"beasts_sanctuary_teleporter.role","<g:#6A4A30:#7A5A40><Beast's Sanctuary></g>","<g:#6A4A30:#7A5A40><Beast's Sanctuary></g>"
"berserker_charm.lore[0]","&aLose yourself in the face of","&aZtrať sám sebe tváří v tvář"
"berserker_charm.lore[1]","&aoverwhelming adversity in more","&adrtivé nepřízni, a to více"
"berserker_charm.lore[2]","&aways than one...","&azpůsoby než jedním..."
"berserker_charm.name","&bBerserker Charm","&bBerserkerův talisman"
"binder_of_worlds_sanctum.customInfo[0]","&5The ultimate challenge. Be prepared!","&5Nejvyšší výzva. Připrav se!"
"binder_of_worlds_sanctum.customInfo[1]","&6Credits: MagmaGuy, 69OzCanOfBepis & Frostcone","&6Autoři: MagmaGuy, 69OzCanOfBepis & Frostcone"
"binder_of_worlds_sanctum.difficulties.0.name","normal","normal"
"binder_of_worlds_sanctum.difficulties.1.name","hard","hard"
"binder_of_worlds_sanctum.difficulties.2.name","mythic","mythic"
"binder_of_worlds_sanctum.name","&2[lvl 100] &5The Binder Of Worlds","&2[lvl 100] &5Poutač světů"
"binder_of_worlds_sanctum.playerInfo","Difficulty: &6Nightmare
$bossCount level $highestTier final boss!
&5This is the hardest fight in EliteMobs!","Obtížnost: &6Noční můra
$bossCount finální Boss na úrovni $highestTier!
&5Toto je nejtěžší souboj v EliteMobs!"
"binder_of_worlds_sanctum.regionEnterMessage","&8[EM] &5Reality unravels around you. You face the final challenge. &4You are not prepared!","&8[EM] &5Realita se kolem tebe rozpadá. Čelíš poslední výzvě. &4Nejsi připraven!"
"binder_of_worlds_sanctum.regionLeaveMessage","&8[EM] &5You have left the unravelling. Did you find what you sought? Was it worth it?","&8[EM] &5Opustil jsi rozpad reality. Našel jsi, co jsi hledal? Stálo to za to?"
"binder_of_worlds_teleporter.dialog[0]","The things I've seen...\nYou wouldn't believe it.","Věci, které jsem viděl...\nTomu bys nevěřil."
"binder_of_worlds_teleporter.dialog[1]","The End is near...\nYou are not prepared.","Konec je blízko...\nNejsi připraven."
"binder_of_worlds_teleporter.dialog[2]","I give the greatest challenge of them all.\nExpect death.","Nabízím tu největší výzvu ze všech.\nOčekávej smrt."
"binder_of_worlds_teleporter.greetings[0]","You are not prepared.","Nejsi připraven."
"binder_of_worlds_teleporter.name","<g:#4A3A5A:#5A4A6A>Buði the Doomsayer</g>","<g:#4A3A5A:#5A4A6A>Buði the Doomsayer</g>"
"binder_of_worlds_teleporter.role","<g:#3A2A4A:#4A3A5A><[100] Binder of Worlds Teleport></g>","<g:#3A2A4A:#4A3A5A><[100] Binder of Worlds Teleport></g>"
"binding_curse.name","Curse of Binding","Kletba připoutání"
"blackjack_dealer.dialog[0]","Remember, getting closer to 21 is the goal.","Pamatuj, cílem je přiblížit se k 21."
"blackjack_dealer.dialog[1]","Hit or stand? The choice is yours.","Brát, nebo stát? Volba je na tobě."
"blackjack_dealer.dialog[2]","A blackjack pays extra!","Blackjack vyplácí navíc!"
"blackjack_dealer.dialog[3]","Don't go over 21...","Nepřekroč 21..."
"blackjack_dealer.farewell[0]","Good luck at the tables!","Hodně štěstí u stolů!"
"blackjack_dealer.farewell[1]","May the cards be in your favor!","Ať ti karty přejí!"
"blackjack_dealer.farewell[2]","Come back when you're feeling lucky!","Vrať se, až budeš mít šťastnou ruku!"
"blackjack_dealer.farewell[3]","The tables will be waiting...","Stoly budou čekat..."
"blackjack_dealer.greetings[0]","Care to try your luck at the tables?","Chceš zkusit štěstí u stolů?"
"blackjack_dealer.greetings[1]","Blackjack! Get 21 to win big!","Blackjack! Dej 21 a vyhraj ve velkém!"
"blackjack_dealer.greetings[2]","The house always wins... eventually.","Dům vždycky vyhraje... dříve či později."
"blackjack_dealer.greetings[3]","Step right up, test your fortune!","Přistup blíž, otestuj své štěstí!"
"blackjack_dealer.name","<g:#2F4F4F:#708090>Vincent</g>","<g:#2F4F4F:#708090>Vincent</g>"
"blackjack_dealer.role","<g:#696969:#A9A9A9><Blackjack Dealer></g>","<g:#696969:#A9A9A9><Dealer blackjacku></g>"
"blacksmith.dialog[0]","Higher level mobs drop\nhigher value items!","Moby na vyšší úrovni shazují\ncennější předměty!"
"blacksmith.dialog[1]","Items with lots of \nenchantments are worth more!","Předměty s mnoha \nočarováními mají vyšší cenu!"
"blacksmith.dialog[2]","Higher level mobs drop\nbetter items!","Moby na vyšší úrovni shazují\nlepší předměty!"
"blacksmith.dialog[3]","Higher level mobs have\na higher chance of dropping loot!","Moby na vyšší úrovni mají\nvyšší šanci na shození Kořisti!"
"blacksmith.dialog[4]","Elite mobs are attracted to\ngood armor, the better the\narmor the higher their level!","Elitní moby přitahuje\nkvalitní brnění, čím lepší\nbrnění, tím vyšší jejich úroveň!"
"blacksmith.dialog[5]","Some items have special\npotion effects!","Některé předměty mají speciální\nlektvarové efekty!"
"blacksmith.dialog[6]","Some items have unique\neffects!","Některé předměty mají unikátní\nefekty!"
"blacksmith.dialog[7]","The hunter enchantment\nattracts elite mobs to your\nlocation!","Očarování lovce\npřitahuje elitní moby na tvou\npozici!"
"blacksmith.dialog[8]","Special weapons and armor\ndropped by elite mobs can\nbe sold here!","Speciální zbraně a brnění\nshozené elitními moby můžeš\ntady prodat!"
"blacksmith.dialog[9]","Higher guild ranks will\nincrease the quality of the\nloot from elite mobs!","Vyšší cechovní hodnosti\nzvyšují kvalitu\nKořisti z elitních mobů!"
"blacksmith.farewell[0]","Thank you for your business!","Děkujeme za nákup!"
"blacksmith.farewell[1]","Come back soon!","Vrať se brzy!"
"blacksmith.farewell[2]","Come back any time!","Vrať se kdykoliv!"
"blacksmith.farewell[3]","Recommend this shop to your\nfriends!","Doporuč tento obchod svým\npřátelům!"
"blacksmith.greetings[0]","Welcome to our shop!","Vítej v našem obchodě!"
"blacksmith.greetings[1]","Sell your goods here!","Prodej zde své zboží!"
"blacksmith.greetings[2]","Fresh goods, just for you!","Čerstvé zboží, jen pro tebe!"
"blacksmith.greetings[3]","Got something to sell?","Máš něco na prodej?"
"blacksmith.greetings[4]","Want to buy something good?","Chceš koupit něco dobrého?"
"blacksmith.greetings[5]","Fresh goods every time!","Čerstvé zboží pokaždé!"
"blacksmith.name","<g:#8A6A4A:#9A7A5A>Greg</g>","<g:#8A6A4A:#9A7A5A>Greg</g>"
"blacksmith.role","<g:#7A5A3A:#8A6A4A><Blacksmith></g>","<g:#7A5A3A:#8A6A4A><Kovář></g>"
"blast_protection.name","Blast Protection","Ochrana proti výbuchu"
"blindness.name","Blindness","Slepota"
"bone_monastery_dungeon.customInfo[0]","&fSpooky skeletons await.","&fČekají tě strašidelné kostry."
"bone_monastery_dungeon.customInfo[1]","&6Credits: MagmaGuy, Matevagyok, Frostcone, 69OzCanOfBepis","&6Autoři: MagmaGuy, Matevagyok, Frostcone, 69OzCanOfBepis"
"bone_monastery_dungeon.difficulties.0.name","normal","normal"
"bone_monastery_dungeon.difficulties.1.name","hard","hard"
"bone_monastery_dungeon.difficulties.2.name","mythic","mythic"
"bone_monastery_dungeon.name","&2[Dynamic] &cThe Bone Monastery","&2[Dynamic] &cKostní klášter"
"bone_monastery_dungeon.playerInfo","&aDynamic Dungeon
$bossCount boss encounters
&cAn ancient monastery overrun
&cby the undead!","Obtížnost: &4Obsah pro 5 hráčů!"
"bone_monastery_dungeon.regionEnterMessage","&bWelcome to the bone monastery! Mind the skeletons.","&bVítej v kostním klášteře! Dávej pozor na kostry."
"bone_monastery_dungeon.regionLeaveMessage","&bYou have left the bone monastery!","&bOpustil jsi kostní klášter!"
"bone_monastery_teleporter.greetings[0]","",""
"bone_monastery_teleporter.name","<g:#C8B8A0:#D8C8B0>Sister Frieda</g>","<g:#C8B8A0:#D8C8B0>Sister Frieda</g>"
"bone_monastery_teleporter.role","<g:#B8A890:#C8B8A0><Bone Monastery></g>","<g:#B8A890:#C8B8A0><Bone Monastery></g>"
"bows_barrage.description[0]","&7Consecutive hits build up","&7Opakované zásahy hromadí"
"bows_barrage.description[1]","&7damage. Stacks up to 5x.","&7poškození. Maximálně 5x."
"bows_barrage.formattedBonusTemplate","+$bonusPerStack% per stack (max $maxStacks)","+$bonusPerStack% za vrstvu (max $maxStacks)"
"bows_barrage.loreTemplates[0]","&7Bonus per Stack: &f$bonusPerStack%","&7Bonus za vrstvu: &f$bonusPerStack%"
"bows_barrage.loreTemplates[1]","&7Max Stacks: &f$maxStacks","&7Max. vrstev: &f$maxStacks"
"bows_barrage.loreTemplates[2]","&7Stack Decay: &f3 seconds","&7Zánik vrstev: &f3 sekundy"
"bows_barrage.name","&cBarrage","&cPalba"
"bows_dead_eye.description[0]","&7Critical hits deal massive","&7Kritické zásahy způsobují obrovské"
"bows_dead_eye.description[1]","&7bonus damage. 45s cooldown.","&7bonusové poškození. Cooldown 45 s."
"bows_dead_eye.formattedBonusTemplate","$damageMultiplierx critical damage","$damageMultiplierx kritické poškození"
"bows_dead_eye.loreTemplates[0]","&7Damage Multiplier: &f$damageMultiplierx","&7Násobitel poškození: &f$damageMultiplierx"
"bows_dead_eye.loreTemplates[1]","&7Cooldown: &f$cooldowns","&7Prodleva: &f$cooldowns"
"bows_dead_eye.loreTemplates[2]","&7Triggers on critical hits","&7Spouští se při kritických zásazích"
"bows_dead_eye.name","&4Dead Eye","&4Mrtvé oko"
"bows_frostbite.description[0]","&7Arrows can freeze enemies,","&7Šípy mohou zmrazit nepřátele,"
"bows_frostbite.description[1]","&7slowing their movement.","&7zpomalující jejich pohyb."
"bows_frostbite.formattedBonusTemplate","$procChance% proc chance","$procChance% šance na aktivaci"
"bows_frostbite.loreTemplates[0]","&7Proc Chance: &f$procChance%","&7Šance na aktivaci: &f$procChance%"
"bows_frostbite.loreTemplates[1]","&7Applies: &bSlowness &7and &8Mining Fatigue","&7Aplikuje: &bZpomalení &7a &8Únavu z těžby"
"bows_frostbite.name","&bFrostbite","&bOmrzliny"
"bows_hunters_mark.description[0]","&7Mark enemies with your arrows.","&7Označte nepřátele svými šípy."
"bows_hunters_mark.description[1]","&7Marked targets take bonus damage.","&7Označené cíle přijímají bonusové poškození."
"bows_hunters_mark.formattedBonusTemplate","+$markBonus% to marked targets","+$markBonus% na označené cíle"
"bows_hunters_mark.loreTemplates[0]","&7Proc Chance: &f$procChance%","&7Šance na aktivaci: &f$procChance%"
"bows_hunters_mark.loreTemplates[1]","&7Mark Bonus: &f$markBonus% damage","&7Bonus označení: &f$markBonus% poškození"
"bows_hunters_mark.loreTemplates[2]","&7Duration: &f10 seconds","&7Trvání: &f10 sekund"
"bows_hunters_mark.name","&eHunter's Mark","&eLovcovo označení"
"bows_multishot.description[0]","&7Chance to fire additional","&7Šance vystřelit další"
"bows_multishot.description[1]","&7arrows on each shot.","&7šípy při každém výstřelu."
"bows_multishot.formattedBonusTemplate","$procChance% chance for extra arrows","$procChance% šance na extra šípy"
"bows_multishot.loreTemplates[0]","&7Proc Chance: &f$procChance%","&7Šance na aktivaci: &f$procChance%"
"bows_multishot.loreTemplates[1]","&7Extra Arrows: &f$extraArrows","&7Extra šípy: &f$extraArrows"
"bows_multishot.loreTemplates[2]","&7Arrow Damage: &f50% of original","&7Poškození šípu: &f50 % originálu"
"bows_multishot.name","&dMultishot","&dVícenásobný výstřel"
"bows_overdraw.description[0]","&7Hold your bow longer for","&7Drž luk déle pro"
"bows_overdraw.description[1]","&7increased damage.","&7zvýšené poškození."
"bows_overdraw.formattedBonusTemplate","+$baseBonus% damage (overdraw)","+$baseBonus% poškození (přetažení)"
"bows_overdraw.loreTemplates[0]","&7Base Bonus: &f$baseBonus%","&7Základní bonus: &f$baseBonus%"
"bows_overdraw.loreTemplates[1]","&7Max Overdraw: &f3x bonus","&7Max. přetažení: &f3× bonus"
"bows_overdraw.loreTemplates[2]","&7Requires full draw","&7Vyžaduje plné natažení"
"bows_overdraw.name","&cOverdraw","&cPřetažení"
"bows_pack_hunter.description[0]","&7Deal bonus damage while","&7Způsobuj bonusové poškození, když"
"bows_pack_hunter.description[1]","&7another player is within 10 blocks.","&7jsou nablízku spojenci."
"bows_pack_hunter.formattedBonusTemplate","+$bonusPercent% damage near another player","+$bonusPerAlly% poškození za spojence"
"bows_pack_hunter.loreTemplates[0]","&7Bonus: &f+$bonusPercent%","&7Bonus za spojence: &f$bonusPerAlly%"
"bows_pack_hunter.loreTemplates[1]","&7Requires: &f1 nearby player","&7Max. spojenců: &f3"
"bows_pack_hunter.loreTemplates[2]","&7Range: &f$range blocks","&7Dosah: &f$range bloků"
"bows_pack_hunter.name","&6Pack Hunter","&6Smečkový lovec"
"bows_rangers_focus.description[0]","&7Focus on one target for","&7Soustřeď se na jeden cíl pro"
"bows_rangers_focus.description[1]","&7stacking damage. Stacks up to 8x.","&7hromadící poškození. Až 8×."
"bows_rangers_focus.formattedBonusTemplate","+$bonusPerStack% per stack (max $maxStacks)","+$bonusPerStack% za vrstvu (max $maxStacks)"
"bows_rangers_focus.loreTemplates[0]","&7Bonus per Stack: &f$bonusPerStack%","&7Bonus za vrstvu: &f$bonusPerStack%"
"bows_rangers_focus.loreTemplates[1]","&7Max Stacks: &f$maxStacks","&7Max. vrstev: &f$maxStacks"
"bows_rangers_focus.loreTemplates[2]","&7Stacks reset when switching targets","&7Vrstvy se resetují při změně cíle"
"bows_rangers_focus.name","&6Ranger's Focus","&6Lesní soustředění"
"bows_ricochet.description[0]","&7Arrows can bounce to","&7Šípy mohou odskočit a"
"bows_ricochet.description[1]","&7hit nearby enemies.","&7zasáhnout blízké nepřátele."
"bows_ricochet.formattedBonusTemplate","$ricochetDamage% ricochet damage","$ricochetDamage% poškození odrazem"
"bows_ricochet.loreTemplates[0]","&7Proc Chance: &f$procChance%","&7Šance na aktivaci: &f$procChance%"
"bows_ricochet.loreTemplates[1]","&7Ricochet Damage: &f$ricochetDamage%","&7Poškození odrazem: &f$ricochetDamage%"
"bows_ricochet.loreTemplates[2]","&7Range: &f$range blocks","&7Dosah: &f$range bloků"
"bows_ricochet.name","&aRicochet","&aRikoše"
"bows_wind_runner.description[0]","&7Gain speed boost when","&7Získej zrychlení při"
"bows_wind_runner.description[1]","&7hitting enemies with arrows.","&7zasažení nepřátel šípy."
"bows_wind_runner.formattedBonusTemplate","Speed $speedLevel on hit","Rychlost $speedLevel při zásahu"
"bows_wind_runner.loreTemplates[0]","&7Speed Level: &f$speedLevel","&7Úroveň rychlosti: &f$speedLevel"
"bows_wind_runner.loreTemplates[1]","&7Duration: &f5 seconds","&7Trvání: &f5 sekund"
"bows_wind_runner.loreTemplates[2]","&7Triggers on hit","&7Spouští se při zásahu"
"bows_wind_runner.name","&fWind Runner","&fVětrný běžec"
"breach.name","Breach","Průlom"
"buy_or_sell_menu.buyCustomItems.name","Buy custom items","Buy custom items"
"buy_or_sell_menu.buyProcedurallyGeneratedItems.name","Buy items","Buy items"
"buy_or_sell_menu.informationButton.lore[0]","&8Support the plugins you enjoy!","&8Support the plugins you enjoy!"
"buy_or_sell_menu.informationButton.lore[1]","&aClick on the emerald to buy items!","&aClick on the emerald to buy items!"
"buy_or_sell_menu.informationButton.lore[2]","&cClick on the redstone to sell items!","&cClick on the redstone to sell items!"
"buy_or_sell_menu.informationButton.name","&4&lEliteMobs &cby &4&lMagmaGuy","&4&lEliteMobs &cby &4&lMagmaGuy"
"buy_or_sell_menu.sellItems.name","Sell items","Sell items"
"buy_or_sell_menu.shopName","[EM] Buy or Sell","[EM] Koupit nebo prodat"
"card_shark.dialog[0]","Each correct guess multiplies your winnings!","Každý správný odhad násobí tvou výhru!"
"card_shark.dialog[1]","Cash out anytime, or push your luck...","Vyber si výhru kdykoli, nebo pokoušej štěstí..."
"card_shark.dialog[2]","One wrong guess and it's all gone!","Jeden špatný odhad a je po všem!"
"card_shark.dialog[3]","How long can your streak last?","Jak dlouho vydrží tvoje série?"
"card_shark.farewell[0]","The cards will be waiting!","Karty na tebe budou čekat!"
"card_shark.farewell[1]","Trust your instincts!","Věř svým instinktům!"
"card_shark.farewell[2]","May the odds ever be in your favor!","Ať je štěstí vždy na tvé straně!"
"card_shark.farewell[3]","Higher... or lower... only the cards know.","Vyšší... nebo nižší... to vědí jen karty."
"card_shark.greetings[0]","Higher or lower? How far can you go?","Vyšší nebo nižší? Jak daleko se dostaneš?"
"card_shark.greetings[1]","Risk it all or cash out smart...","Riskuj všechno, nebo si chytře vyber výhru..."
"card_shark.greetings[2]","The cards don't lie. Do you trust them?","Karty nelžou. Důvěřuješ jim?"
"card_shark.greetings[3]","A simple game with big rewards!","Jednoduchá hra s velkými odměnami!"
"card_shark.name","<g:#6A3A3A:#7A4A4A>Ace Morgan</g>","<g:#6A3A3A:#7A4A4A>Ace Morgan</g>"
"card_shark.role","<g:#5A2A2A:#6A3A3A><Card Shark></g>","<g:#5A2A2A:#6A3A3A><Karetní hráč></g>"
"catacombs_lair.customInfo[0]","&fA great starter lair for players!","&fSkvělé startovní doupě pro hráče!"
"catacombs_lair.customInfo[1]","&6Credits: Realm of Lotheridon, MagmaGuy, Dali, Frost","&6Autoři: Realm of Lotheridon, MagmaGuy, Dali, Frost"
"catacombs_lair.difficulties.0.name","normal","normal"
"catacombs_lair.difficulties.1.name","hard","hard"
"catacombs_lair.difficulties.2.name","mythic","mythic"
"catacombs_lair.name","&2[Dynamic] &8The Catacombs","&2[Dynamic] &8Katakomby"
"catacombs_lair.playerInfo","Difficulty: &cHard
$bossCount bosses, from tier $lowestTier to $highestTier
&2A great Lair challenge for groups of beginners!","Obtížnost: &cTěžká
$bossCount bossů, od úrovně $lowestTier do $highestTier
&2Skvělá výzva doupěte pro skupiny začátečníků!"
"catacombs_lair.regionEnterMessage","&8[EM] &8Now entering the Catacombs. Be careful with what dwells below...","&8[EM] &8Právě vstupuješ do Katakomb. Dávej pozor na to, co přebývá dole..."
"catacombs_lair.regionLeaveMessage","&8[EM] &8You have left the Catacombs. Was it worth it?","&8[EM] &8Opustil jsi Katakomby. Stálo to za to?"
"catacombs_teleporter.greetings[0]","",""
"catacombs_teleporter.name","<g:#6A6A6A:#7A7A7A>Crypt Keeper</g>","<g:#6A6A6A:#7A7A7A>Strážce krypty</g>"
"catacombs_teleporter.role","<g:#5A5A5A:#6A6A6A><Catacombs></g>","<g:#5A5A5A:#6A6A6A><Catacombs></g>"
"chameleon_charm.lore[0]","&aThe colorful Chameleon can","&aBarevný chameleon se dokáže"
"chameleon_charm.lore[1]","&ablend in just about anywhere,","&azamaskovat téměř kdekoli,"
"chameleon_charm.lore[2]","&aslowly creeping around...","&apomalu se plížit kolem..."
"chameleon_charm.name","&bChameleon Charm","&bChameleoní talisman"
"channeling.name","Channeling","Kanalizace"
"check_tier.message1","&7[EM] Your combat tier is $tier","&7[EM] Tvá bojová úroveň je $tier"
"check_tier.message2","&7[EM] Your guild tier bonus is $tier","&7[EM] Bonus úrovně cechu je $tier"
"check_tier.message3","&7[EM] &aYour total threat tier is $tier","&7[EM] &aTvá celková úroveň hrozby je $tier"
"check_tier_others.message1","&7[EM] $player's combat tier is $tier","&7[EM] Bojová úroveň hráče $player je $tier"
"check_tier_others.message2","&7[EM] $player's guild tier bonus is $tier","&7[EM] Bonus úrovně cechu hráče $player je $tier"
"check_tier_others.message3","&7[EM] &a$player's total threat tier is $tier","&7[EM] &aCelková úroveň hrozby hráče $player je $tier"
"cheetah_charm.lore[0]","&aCheetahs can reach speeds of","&aGepardi dokážou běžet rychlostí"
"cheetah_charm.lore[1]","&a120 km/h... for about 60","&a120 km/h... asi po dobu 60"
"cheetah_charm.lore[2]","&aseconds. Make them count!","&asekund. Využij je naplno!"
"cheetah_charm.name","&bCheetah Charm","&bGepardí talisman"
"coin_flipper.dialog[0]","50/50 chance, pure luck!","50/50 šance, čisté štěstí!"
"coin_flipper.dialog[1]","Pick your side wisely...","Vyber si stranu moudře..."
"coin_flipper.dialog[2]","The coin decides all.","Mince rozhoduje o všem."
"coin_flipper.dialog[3]","Fortune favors the bold!","Štěstí přeje odvážným!"
"coin_flipper.farewell[0]","May fortune smile upon you!","Ať se na tebe usměje štěstí!"
"coin_flipper.farewell[1]","Better luck next time!","Příště víc štěstí!"
"coin_flipper.farewell[2]","The coin awaits your return!","Mince čeká na tvůj návrat!"
"coin_flipper.farewell[3]","Heads... or tails... which will it be?","Panna... nebo orel... co to bude?"
"coin_flipper.greetings[0]","Heads or tails? Simple as that!","Panna nebo orel? Tak jednoduché!"
"coin_flipper.greetings[1]","Flip a coin, double your money!","Hoď mincí a zdvojnásob své peníze!"
"coin_flipper.greetings[2]","Feeling lucky, adventurer?","Cítíš štěstí, dobrodruhu?"
"coin_flipper.greetings[3]","A simple coin flip can change your fortune!","Jednoduchý hod mincí může změnit tvé štěstí!"
"coin_flipper.name","<g:#9A7A40:#AA8A50>Lucky Pete</g>","<g:#9A7A40:#AA8A50>Lucky Pete</g>"
"coin_flipper.role","<g:#8A6A30:#9A7A40><Coin Flipper></g>","<g:#8A6A30:#9A7A40><Hráč s mincí></g>"
"colosseum_teleporter.greetings[0]","",""
"colosseum_teleporter.name","<g:#A89040:#B8A050>Arena Master</g>","<g:#A89040:#B8A050>Mistr arény</g>"
"colosseum_teleporter.role","<g:#988030:#A89040><Colosseum></g>","<g:#988030:#A89040><Colosseum></g>"
"combat_instructor.dialog[0]","The items around Elite Mobs\nshow what powers they have.","Předměty kolem Elite Mobs\nukazují, jaké mají schopnosti."
"combat_instructor.dialog[1]","The higher the level of\nthe Elite Mob, the\nmore powers they can have","Čím vyšší je úroveň\nElite Moba, tím\nvíce schopností může mít"
"combat_instructor.dialog[2]","The higher the level of\nthe Elite Mob, the\nbetter the loot they can drop","Čím vyšší je úroveň\nElite Moba, tím\nlepší Kořist může padat"
"combat_instructor.dialog[3]","Higher level Elite Mobs\nhave higher chances\nof dropping special items","Elite Mobs s vyšší úrovní\nmají vyšší šanci\nna speciální předměty"
"combat_instructor.dialog[4]","Elite Mobs with floating\narrows fire arrows at\nnearby players","Elite Mobs s vznášejícími se\nšípy střílí šípy na\nblízké hráče"
"combat_instructor.dialog[5]","Elite Mobs with floating\nender eyes blind you\nwhen they hit you","Elite Mobs s vznášejícími se\nender očima vás oslepí,\nkdyž vás zasáhnou"
"combat_instructor.dialog[6]","Elite Mobs with floating\nspell particles confuse you\nwhen they hit you","Elite Mobs s vznášejícími se\nkouzelnými částicemi vás zmatou,\nkdyž vás zasáhnou"
"combat_instructor.dialog[7]","Elite Mobs with floating\nlava buckets set you on fire\nwhen they hit you","Elite Mobs s vznášejícími se\nkbelíky lávy vás zapálí,\nkdyž vás zasáhnou"
"combat_instructor.dialog[8]","Elite Mobs with floating\nfireballs fire fireballs
at nearby players","Elite Mobs s vznášejícími se\nohnivými koulemi střílí ohnivé koule
na blízké hráče"
"combat_instructor.dialog[9]","Elite Mobs with floating\npacked ice freeze you\nwhen they hit you","Elite Mobs s vznášejícím se\nudusaným ledem vás zmrazí,\nkdyž vás zasáhnou"
"combat_instructor.dialog[10]","Elite Mobs with floating\nelytras make you float\nwhen they hit you","Elite Mobs s vznášejícími se\nelytrami vás nechají levitovat,\nkdyž vás zasáhnou"
"combat_instructor.dialog[11]","Elite Mobs with floating\nemeralds poison you\nwhen they hit you","Elite Mobs s vznášejícími se\nsmaragdy vás otráví,\nkdyž vás zasáhnou"
"combat_instructor.dialog[12]","Elite Mobs with floating\npistons push you\nwhen they hit you","Elite Mobs s vznášejícími se\npísty vás odtlačí,\nkdyž vás zasáhnou"
"combat_instructor.dialog[13]","Elite Mobs with floating\ntotems weaken you\nwhen they hit you","Elite Mobs s vznášejícími se\ntotemy vás oslabí,\nkdyž vás zasáhnou"
"combat_instructor.dialog[14]","Elite Mobs with floating\nwebs web you\nwhen they hit you","Elite Mobs s vznášejícími se\npavučinami vás zapletou,\nkdyž vás zasáhnou"
"combat_instructor.dialog[15]","Elite Mobs with floating\nskulls wither you\nwhen they hit you","Elite Mobs s vznášejícími se\nlebkami na vás uvalí wither,\nkdyž vás zasáhnou"
"combat_instructor.dialog[16]","Elite Mobs with floating\nchests drop bonus loot\nwhen you kill them","Elite Mobs s vznášejícími se\ntruhlami upustí bonusovou Kořist,\nkdyž je zabijete"
"combat_instructor.dialog[17]","Elite Mobs with floating\ngold boots are faster","Elite Mobs s vznášejícími se\nzlatými botami jsou rychlejší"
"combat_instructor.dialog[18]","Elite Mobs with floating\njukeboxes taunt you\nduring combat","Elite Mobs s vznášejícími se\njukeboxy vás provokují\nběhem boje"
"combat_instructor.dialog[19]","Elite Mobs with floating\nglass panes are invisible","Elite Mobs s vznášejícími se\nskleněnými tabulkami jsou neviditelní"
"combat_instructor.dialog[20]","Elite Mobs with floating\nspectral arrows are immune\nto arrows","Elite Mobs s vznášejícími se\nspektrálními šípy jsou imunní\nvůči šípům"
"combat_instructor.dialog[21]","Elite Mobs with floating\nfeathers are immune\nto fall damage","Elite Mobs s vznášejícím se\npeřím jsou imunní\nvůči poškození pádem"
"combat_instructor.dialog[22]","Elite Mobs with floating\nflames are immune\nto fire","Elite Mobs s vznášejícími se\nplameny jsou imunní\nvůči ohni"
"combat_instructor.dialog[23]","Elite Mobs with floating\nanvils are heavier\nthan usual","Elite Mobs s vznášejícími se\nkovadlinami jsou těžší\nnež obvykle"
"combat_instructor.dialog[24]","Elite Mobs with floating\nbone blocks leave their\ncorpses behind when killed","Elite Mobs s vznášejícími se\nkostěnými bloky nechávají své\nmrtvoly po zabití"
"combat_instructor.dialog[25]","Elite Mobs with floating\nslime blocks jump higher\nthan usual","Elite Mobs s vznášejícími se\nslizovými bloky skáčou výš\nnež obvykle"
"combat_instructor.dialog[26]","Elite Mobs with floating\nslime balls create a vaccum\nupon death","Elite Mobs s vznášejícími se\nslizovými koulemi vytvoří vakuum\npři smrti"
"combat_instructor.dialog[27]","Elite Mobs with floating\nleads pull you\nwhen they hit you","Elite Mobs s vznášejícími se\nvodítky vás přitáhnou,\nkdyž vás zasáhnou"
"combat_instructor.dialog[28]","Elite Mobs with floating\nbones create bone pillars\nduring combat","Elite Mobs s vznášejícími se\nkostmi vytvářejí kostěné pilíře\nběhem boje"
"combat_instructor.dialog[29]","Elite Mobs with floating\ntipped arrows fire tracking\narrows during combat","Elite Mobs s vznášejícími se\nšipkami s efektem střílí naváděcí\nšípy během boje"
"combat_instructor.dialog[30]","Elite Mobs with floating\nmushrooms bloat up to become giants\nwhen hit","Elite Mobs s vznášejícími se\nhoubami nabobtnají do podoby obrů,\nkdyž jsou zasaženi"
"combat_instructor.dialog[31]","Elite Mobs with floating\nskulls summon reinforcements\nwhen hit","Elite Mobs s vznášejícími se\nlebkami přivolají posily,\nkdyž jsou zasaženi"
"combat_instructor.dialog[32]","Elite Mobs with floating\nbooks summon reinforcements\nuntil you kill the summoner","Elite Mobs s vznášejícími se\nknihami přivolávají posily,\ndokud nezabijete vyvolávače"
"combat_instructor.dialog[33]","Elite Mobs with floating\neggs summon reinforcements\nwhen hit","Elite Mobs s vznášejícími se\nvejci přivolají posily,\nkdyž jsou zasaženi"
"combat_instructor.dialog[34]","Elite Mobs with floating\nfireworks summon Team Rocket\nwhen hit","Elite Mobs s vznášejícími se\nohňostroji přivolají Team Rocket,\nkdyž jsou zasaženi"
"combat_instructor.greetings[0]","Want to learn about combat?","Chceš se naučit něco o boji?"
"combat_instructor.greetings[1]","Need a combat lesson?","Potřebuješ lekci boje?"
"combat_instructor.greetings[2]","Want to know more about combat?","Chceš vědět víc o boji?"
"combat_instructor.greetings[3]","Ready to fight Elite Mobs?","Připraven bojovat proti Elite Mobs?"
"combat_instructor.name","<g:#8A4A4A:#9A5A5A>Charles</g>","<g:#8A4A4A:#9A5A5A>Charles</g>"
"combat_instructor.role","<g:#7A3A3A:#8A4A4A><Combat Instructor></g>","<g:#7A3A3A:#8A4A4A><Instruktor boje></g>"
"command_messages.alreadyInInstanceMessage","[EliteMobs] You're already in an instance! You will not be able to switch to another instance before you do /em quit","[EliteMobs] Už jsi v instanci! Do jiné instance se nemůžeš přepnout, dokud nezadáš /em quit"
"command_messages.bossNotValidRegionalMessage","&8[EliteMobs] &4Failed to add spawn location! Custom Boss $boss is not valid regional boss!","&8[EliteMobs] &4Nepodařilo se přidat lokaci spawnu! Vlastní Boss $boss není platný regionální boss!"
"command_messages.cheatSwordDisplayName","CHEAT SWORD","PODVÁDĚJÍCÍ MEČ"
"command_messages.contentUpdateEntry","&e- $name","&e- $name"
"command_messages.contentUpdatesAvailable","&e$count content update(s) available:","&eK dispozici je $count aktualizací obsahu:"
"command_messages.currencyAddedAllMessage","&8[EliteMobs] &2You have added $amount to all online players.","&8[EliteMobs] &2Přidal jsi $amount všem online hráčům."
"command_messages.currencyAddedMessage","&8[EliteMobs] &2You have added $amount to $player","&8[EliteMobs] &2Přidal jsi $amount hráči $player"
"command_messages.currencyCheckMessage","&8[EliteMobs]&f $player &2has $amount $currencyName","&8[EliteMobs]&f $player &2má $amount $currencyName"
"command_messages.currencyNowHasMessage","&8[EliteMobs] &2They now have $amount","&8[EliteMobs] &2Nyní mají $amount"
"command_messages.currencyPlayerNotValidMessage","&8[EliteMobs] &4Player $player is not valid!","&8[EliteMobs] &4Hráč $player není platný!"
"command_messages.currencySetMessage","You set $player's $currencyName to $amount","Nastavil jsi měnu $currencyName hráče $player na $amount"
"command_messages.currencySubtractedMessage","&8[EliteMobs] &2You have subtracted $amount from $player","&8[EliteMobs] &2Odečetl jsi $amount hráči $player"
"command_messages.debugDisabledMessage","&cDebug mode &4disabled&c.","&cRežim ladění je &4vypnut&c."
"command_messages.debugEnabledMessage","&aDebug mode &2enabled&a. Combat damage calculations will be logged to console.","&aRežim ladění je &2zapnut&a. Výpočty bojového poškození se budou zapisovat do konzole."
"command_messages.discordMessage","&6Discord room for support & downloads: &9","&6Discord místnost pro podporu a stahování: &9"
"command_messages.discordMessageSentMessage","&aAttempted to send a message to Discord!","&aPokus o odeslání zprávy na Discord!"
"command_messages.downloadAllAlreadyRunningMessage","&c[EliteMobs] A bulk download is already in progress! Please wait for it to finish.","&c[EliteMobs] Hromadné stahování už probíhá! Počkej, až skončí."
"command_messages.downloadAllCompleteMessage","&a[EliteMobs] Download complete! Downloaded: $completed, Failed: $failed","&a[EliteMobs] Stahování dokončeno! Staženo: $completed, Neúspěšné: $failed"
"command_messages.downloadAllDownloadedMessage","&a[EliteMobs] Downloaded $name!","&a[EliteMobs] Staženo $name!"
"command_messages.downloadAllDownloadedMoreMessage","&a[EliteMobs] Downloaded $name! &7Please hold on, $remaining more to go...","&a[EliteMobs] Staženo $name! &7Prosím vydrž, zbývá ještě $remaining..."
"command_messages.downloadAllFailedListMessage","&c[EliteMobs] Failed packages: $names","&c[EliteMobs] Neúspěšné balíčky: $names"
"command_messages.downloadAllFailedMessage","&c[EliteMobs] Failed to download: $name","&c[EliteMobs] Nepodařilo se stáhnout: $name"
"command_messages.downloadAllFoundMessage","&e[EliteMobs] Found $count packages to download. Starting...","&e[EliteMobs] Nalezeno $count balíčků ke stažení. Spouštím..."
"command_messages.downloadAllNoAccessMessage","&c[EliteMobs] No accessible content found. Connect this server and ensure you have access.","&c[EliteMobs] Nebyl nalezen žádný přístupný obsah. Propoj svůj Nightbreak účet a ověř, že máš přístup."
"command_messages.downloadAllNoTokenMessage","&c[EliteMobs] No account token registered. Use /nightbreaklogin <token> first.","&c[EliteMobs] Není registrován Nightbreak token. Nejprve použij /nightbreaklogin <token>."
"command_messages.downloadAllNothingMessage","&a[EliteMobs] No new content to download! All available packages are already downloaded.","&a[EliteMobs] Žádný nový obsah ke stažení! Všechny dostupné balíčky už jsou stažené."
"command_messages.downloadAllProgressMessage","&7[EliteMobs] ($current/$total) Downloading: $name...","&7[EliteMobs] ($current/$total) Stahuji: $name..."
"command_messages.downloadAllReloadingMessage","&a[EliteMobs] Reloading to apply downloads...","&a[EliteMobs] Znovunačítám pro použití staženého obsahu..."
"command_messages.downloadAllSetupClickHover","&eRuns /em downloadall","&eSpustí /em downloadall"
"command_messages.downloadAllSetupClickMessage","&a[Click to download all available content]","&a[Klikni pro stažení veškerého dostupného obsahu]"
"command_messages.dungeonLockoutPlayerNotValidMessage","[EliteMobs] Error - player name not valid! The player must be online.","[EliteMobs] Error - player name not valid! The player must be online."
"command_messages.dungeonLockoutResetSuccessMessage","[EliteMobs] Cleared $amount dungeon boss lockout(s) for player $player","[EliteMobs] Cleared $amount dungeon boss lockout(s) for player $player"
"command_messages.dungeonNotInstalledMessage","[EliteMobs] That dungeon isn't installed, ask an admin to install it!","[EliteMobs] Tento Žalář není nainstalován, požádej admina o instalaci!"
"command_messages.dungeonNotValidMessage","[EliteMobs] That dungeon isn't valid!","[EliteMobs] Tento Žalář není platný!"
"command_messages.dungeonTeleportNotSetMessage","[EliteMobs] Can't teleport you to the dungeon because the teleport location isn't set! If you are an admin, check the DungeonPackager config for this content and manually set the teleport location.","[EliteMobs] Nelze tě teleportovat do Žaláře, protože lokace teleportu není nastavená! Pokud jsi admin, zkontroluj konfiguraci DungeonPackager pro tento obsah a lokaci teleportu nastav ručně."
"command_messages.dungeonsOutdatedMessage","&cThe following dungeons are outdated:","&cNásledující Žaláře jsou zastaralé:"
"command_messages.eliteScrollConfigMessage","Elite Scrolls are not currently enabled on this server! They should only be used if the server uses an item system other than EliteMobs' built in item system. To enable elite scrolls, an admin has to set them to true in the ~/plugins/EliteMobs/ItemSettings.yml and set useEliteItemScrolls to true.","Elite Scrolls nyní na tomto serveru nejsou povoleny! Měly by se používat jen pokud server používá jiný systém předmětů než vestavěný systém předmětů EliteMobs. Pro povolení Elite Scrolls musí admin nastavit v ~/plugins/EliteMobs/ItemSettings.yml hodnotu true a nastavit useEliteItemScrolls na true."
"command_messages.eventCancelledMessage","&8[EliteMobs] &4Event $event was cancelled by another plugin!","&8[EliteMobs] &4Událost $event byla zrušena jiným pluginem!"
"command_messages.eventInvalidSpawnTypeMessage","&8[EliteMobs] &4Event $event failed to start because its spawnType '$spawnType' is not a valid custom spawn file! Make sure the file exists in the customspawns folder and is enabled.","&8[EliteMobs] &4Událost $event se nepodařilo spustit, protože její spawnType '$spawnType' není platný soubor vlastního spawnu! Ujisti se, že soubor existuje ve složce customspawns a je povolen."
"command_messages.eventNoSpawnTypeMessage","&8[EliteMobs] &4Event $event has no spawnType set! Add a valid custom spawn filename to the event config.","&8[EliteMobs] &4Událost $event nemá nastavený spawnType! Přidej do konfigurace události platný název souboru vlastního spawnu."
"command_messages.eventNoValidBossesMessage","&8[EliteMobs] &4Event $event failed to start because none of its boss filenames are valid! Check that the bossFilenames in the event config point to existing custom boss files.","&8[EliteMobs] &4Událost $event se nepodařilo spustit, protože žádný z názvů souborů bossů není platný! Zkontroluj, že bossFilenames v konfiguraci události odkazují na existující soubory vlastních bossů."
"command_messages.eventQueuedMessage","&8[EliteMobs] Queued event $event for the next valid time it can spawn. &cThis might take a while depending on the start conditions of the event.","&8[EliteMobs] Událost $event byla zařazena do fronty na nejbližší platný čas spawnu. &cTo může chvíli trvat podle podmínek spuštění události."
"command_messages.farmingCapMessage","&c[EliteMobs] &7You're temporarily capped from earning rewards from natural elites in this area. Time until reset: &e$time &7seconds.","&c[EliteMobs] &7Dočasně máš omezené získávání odměn z přirozených elit v této oblasti. Čas do resetu: &e$time &7sekund."
"command_messages.farmingResetMessage","&a[EliteMobs] &7Your natural elite kill limit has been reset!","&a[EliteMobs] &7Tvůj limit zabití přirozených elit byl resetován!"
"command_messages.farmingWarningMessage","&c[EliteMobs] &7You've been farming natural elites too quickly! No drops or XP will be awarded. Spread out your farming area or wait for the timeout to reset. Time until reset: &e$time &7seconds.","&c[EliteMobs] &7Příliš rychle farmíš přirozené elity! Nebudou uděleny žádné dropy ani XP. Rozšiř oblast farmení nebo počkej na reset časovače. Čas do resetu: &e$time &7sekund."
"command_messages.filenameNotValidMessage","Filename $filename is not valid! Make sure you are writing the name of a configuration file in the custombosses folder!","Název souboru $filename není platný! Ujisti se, že zadáváš název konfiguračního souboru ve složce custombosses!"
"command_messages.gaveItemMessage","[EliteMobs] Successfully gave $player item $item","[EliteMobs] Úspěšně předán předmět $item hráči $player"
"command_messages.getTierCheatSwordMessage","&7The &cCHEAT SWORD &7has Sharpness 100 - use it only to skip fights!","&7&cCHEAT SWORD &7má Sharpness 100 - používej ho jen pro přeskočení soubojů!"
"command_messages.getTierGaveGearMessage","&aGave level $level test gear and set all skills to level $level.","&aPředáno testovací vybavení úrovně $level a všechny schopnosti nastaveny na úroveň $level."
"command_messages.getTierIronSwordMessage","&7Use the &fIron Sword &7for balanced damage testing.","&7Použij &fIron Sword &7pro vyvážené testování poškození."
"command_messages.helpHeaderMessage","Commands:","Příkazy:"
"command_messages.invalidAnchorPointMessage","&8[EliteMobs] &4Something went wrong and made the anchor point not valid!","&8[EliteMobs] &4Něco se pokazilo a kotevní bod není platný!"
"command_messages.invalidEliteTypeMessage","&8[EliteMobs] &cNot a valid entity type for EliteMobs!","&8[EliteMobs] &cNeplatný typ entity pro EliteMobs!"
"command_messages.invalidEntityTypeMessage","&8[EliteMobs] &4Entity type $type can't be an Elite!","&8[EliteMobs] &4Typ entity $type nemůže být Elite!"
"command_messages.invalidEventMessage","&8[EliteMobs] &4Event $event is not valid! Make sure the event file exists, is enabled and has eventType set to TIMED.","&8[EliteMobs] &4Událost $event není platná! Ujisti se, že soubor události existuje, je povolen a má eventType nastavený na TIMED."
"command_messages.invalidItemFilenameMessage","&8[EliteMobs] &cFile name $filename is not a valid custom item file name!","&8[EliteMobs] &cNázev souboru $filename není platný název souboru vlastního předmětu!"
"command_messages.invalidMinidungeonMessage","&8[EliteMobs] &4Minidungeons name $name isn't valid!","&8[EliteMobs] &4Název minidungeonu $name není platný!"
"command_messages.invalidNpcFilenameMessage","[EliteMobs] Invalid NPC filename.","[EliteMobs] Neplatný název souboru NPC."
"command_messages.invalidPlayerForItemMessage","&8[EliteMobs] &cTried to give item to invalid player!","&8[EliteMobs] &cPokus o předání předmětu neplatnému hráči!"
"command_messages.invalidPowerMessage","[EliteMobs] Power $power is not a valid power! Valid powers:","[EliteMobs] Schopnost $power není platná schopnost! Platné schopnosti:"
"command_messages.invalidTreasureChestFilename","&c[EliteMobs] Invalid Treasure Chest file name!","&c[EliteMobs] Neplatný název souboru Treasure Chest!"
"command_messages.killedEliteTypeMessage","&8[EliteMobs] &4Killed $count Elite $type.","&8[EliteMobs] &4Zabito $count Elite $type."
"command_messages.killedElitesMessage","&8[EliteMobs] &4Killed $count Elite Mobs.","&8[EliteMobs] &4Zabito $count Elite Mobs."
"command_messages.languageDownloadFailedMessage","&cFailed to download $language.csv. Language not changed.","&cNepodařilo se stáhnout $language.csv. Jazyk nebyl změněn."
"command_messages.languageDownloadSuccessMessage","&2Downloaded $language.csv successfully.","&2Soubor $language.csv byl úspěšně stažen."
"command_messages.languageDownloadingMessage","&eDownloading $language.csv...","&eStahuji $language.csv..."
"command_messages.languageGenerateFailedMessage","&cFailed to generate custom.csv. Language not changed.","&cNepodařilo se vygenerovat custom.csv. Jazyk nebyl změněn."
"command_messages.languageGenerateSuccessMessage","&2Generated custom.csv! Edit it to customize text or add translations.","&2Vygenerován custom.csv! Uprav ho pro přizpůsobení textu nebo přidání překladů."
"command_messages.languageGeneratingCustomMessage","&eGenerating custom.csv template...","&eVytvářím šablonu custom.csv..."
"command_messages.languageListPrefix","  - ","  - "
"command_messages.languageNotFoundMessage","&cLanguage not found. Valid options:","&cJazyk nebyl nalezen. Platné možnosti:"
"command_messages.languageSetCustomMessage","&2Language set to custom! &eEdit plugins/EliteMobs/translations/custom.csv to customize text. New keys will be added automatically as the plugin runs.","&2Jazyk nastaven na custom! &eUprav plugins/EliteMobs/translations/custom.csv pro přizpůsobení textu. Nové klíče se budou přidávat automaticky při běhu pluginu."
"command_messages.languageSetEnglishMessage","&2Language set to English! Using plugin defaults.","&2Jazyk nastaven na English! Používají se výchozí hodnoty pluginu."
"command_messages.languageSetMessage","&2Language set to $language! &eTranslations are community-managed. Use at your own discretion.","&2Jazyk nastaven na $language! &ePřeklady spravuje komunita. Používej je podle vlastního uvážení."
"command_messages.leashRadiusFailedMessage","&8[EliteMobs] &4Failed set the leash radius! Was the boss a valid regional boss?","&8[EliteMobs] &4Nepodařilo se nastavit radius vodítka! Byl boss platný regionální boss?"
"command_messages.lootGreedMessage","$player &2has selected greed for $item!","$player &2zvolil chamtivost pro $item!"
"command_messages.lootNeedMessage","$player &chas selected need for $item!","$player &czvolil potřebu pro $item!"
"command_messages.lootStatsAttackSpeed","Item attack speed: ","Rychlost útoku předmětu: "
"command_messages.lootStatsBonusEdps","Item bonus EDPS: ","Bonusové EDPS předmětu: "
"command_messages.lootStatsDamage","Item damage: ","Poškození předmětu: "
"command_messages.lootStatsEdps","Item EDPS: ","EDPS předmětu: "
"command_messages.lootStatsHeader","[EliteMobs] Item Stats:","[EliteMobs] Statistiky předmětu:"
"command_messages.lootStatsLevel","Item level: ","Úroveň předmětu: "
"command_messages.lootVoteMessage","&8[EliteMobs] &6Loot vote! Click ","&8[EliteMobs] &6Hlasování o Kořist! Pro hlasování o $count předmětech použij &9/em loot &6!""command_messages.lootVoteMessageSuffix"
"command_messages.lootVoteMessageSuffix"," &6to vote on $count items!"," &6pro hlasování o $count předmětech!"
"command_messages.lootVoteSeparator","<g:#8B0000:#CC4400:#DAA520>▬▬▬▬▬▬▬▬▬▬▬▬▬▬▬▬▬▬▬▬▬▬▬▬▬▬▬▬▬▬▬▬▬▬▬▬▬▬▬▬▬▬▬▬▬▬▬▬▬▬▬▬▬▬▬▬▬▬▬▬▬▬▬▬▬▬▬▬▬▬▬▬▬▬▬▬▬▬▬▬</g>","&e&l---------------------------------------------"
"command_messages.lootWinnerMessage","$player &areceived $item !","$player &areceived $item !"
"command_messages.minidungeonNotInstalledMessage","&8[EliteMobs] &4Minidungeon isn't installed! Can't get the relative location for uninstalled Minidungeons!","&8[EliteMobs] &4Minidungeon není nainstalovaný! Nelze získat relativní pozici pro nenainstalované Minidungeony!"
"command_messages.missingPermissionMessage","Missing permission: elitemobs.adventurersguild.command / elitemobs.adventurersguild.teleport","Chybějící oprávnění: elitemobs.adventurersguild.command / elitemobs.adventurersguild.teleport"
"command_messages.noActiveQuestsMessage","You have no active quests.","Nemáš žádné aktivní úkoly."
"command_messages.noSafeSpawnMessage","[EliteMobs] No safe spawn location found! Make sure the area is passable!","[EliteMobs] Nebylo nalezeno bezpečné místo spawnu! Ujisti se, že je oblast průchozí!"
"command_messages.notQueuedForInstanceMessage","You are not queued for instanced content!","Nejsi zařazen do fronty na instancovaný obsah!"
"command_messages.npcCannotRenameMessage","[EliteMobs] You can't rename NPCs using name tags!","[EliteMobs] Nemůžeš přejmenovat NPC pomocí jmenovek!"
"command_messages.npcFeatureComingSoonMessage","[EliteMobs] This feature is coming soon!","[EliteMobs] Tato funkce bude brzy dostupná!"
"command_messages.npcFeatureReplacedMessage","&8[EliteMobs] &cThis feature has been replaced! This NPC should be removed by an admin as soon as possible.","&8[EliteMobs] &cTato funkce byla nahrazena! Toto NPC by měl admin co nejdříve odstranit."
"command_messages.npcRemoveInstructions","&2To remove this NPC, use the command &6/em remove &2and hit the NPC!","&2Pro odstranění tohoto NPC použij příkaz &6/em remove &2a udeř do NPC!"
"command_messages.packageDoneMessage","&8[EliteMobs] &2Done! You can find your package in &9~/plugins/EliteMobs/exports &2. &6If you are making a dungeon, make sure to create your own dungeonpackages file!","&8[EliteMobs] &2Hotovo! Balíček najdeš v &9~/plugins/EliteMobs/exports &2. &6Pokud vytváříš žalář, nezapomeň si vytvořit vlastní soubor dungeonpackages!"
"command_messages.packageDontForgetMessage","&8[EliteMobs] &6Don't forget to add your world and schematic files to the package if needed!","&8[EliteMobs] &6Nezapomeň v případě potřeby přidat do balíčku soubory světa a schematu!"
"command_messages.packageFailedDirectoryMessage","[EliteMobs] Failed to create directory $path","[EliteMobs] Nepodařilo se vytvořit adresář $path"
"command_messages.packageNeedsDungeonNameMessage","[EliteMobs] This commands needs a valid dungeon name!","[EliteMobs] Tento příkaz potřebuje platný název žaláře!"
"command_messages.packageNeedsNumberMessage","This command needs a valid natural number! (1, 2, 3, 4...)","Tento příkaz potřebuje platné přirozené číslo! (1, 2, 3, 4...)"
"command_messages.packageNoSubdirectoryMessage","[EliteMobs] Could not find any $subdirectory for this dungeon. This might be normal depending on your setup.","[EliteMobs] Pro tento žalář se nepodařilo najít žádný $subdirectory. To může být podle tvého nastavení normální."
"command_messages.packageZipFailedMessage","&4[EliteMobs] Failed to zip package!","&4[EliteMobs] Nepodařilo se zazipovat balíček!"
"command_messages.packageZippedMessage","&8[EliteMobs] &6Zipped files for your convenience. Don't forget any additional files like the dungeonpackager or world/schematics files before distributing!","&8[EliteMobs] &6Soubory byly pro tvé pohodlí zazipovány. Před distribucí nezapomeň na další soubory, jako je dungeonpackager nebo world/schematics soubory!"
"command_messages.payNiceTryMessage","&4[EliteMobs]Nice try.","&4[EliteMobs]Pěkný pokus."
"command_messages.payPlayerNotOnlineMessage","&8[EliteMobs] &4Player $player is not online and can therefore not get a payment.","&8[EliteMobs] &4Hráč $player není online a proto nemůže dostat platbu."
"command_messages.protectionBypassMessage","Bypassing dungeon protections is now $status","Obcházení ochran žaláře je nyní $status"
"command_messages.questBypassOffMessage","No longer bypassing quest permission requirements!","Už neobcházíš požadavky oprávnění úkolů!"
"command_messages.questBypassOnMessage","Now bypassing quest permission requirements!","Nyní obcházíš požadavky oprávnění úkolů!"
"command_messages.questCompletedSuccessMessage","[EliteMobs] Successfully quest $quest for player $player","[EliteMobs] Úspěšně nastaven úkol $quest pro hráče $player"
"command_messages.questInvalidIdMessage","&c[EliteMobs] Invalid quest ID!","&c[EliteMobs] Neplatné ID úkolu!"
"command_messages.questNameNotValidMessage","[EliteMobs] Error - quest filename $quest is not valid!","[EliteMobs] Chyba - název souboru úkolu $quest není platný!"
"command_messages.questNotFoundMessage","Quest not found.","Úkol nebyl nalezen."
"command_messages.questPlayerNotValidMessage","[EliteMobs] Error - player name not valid!","[EliteMobs] Chyba - jméno hráče není platné!"
"command_messages.questResetSuccessMessage","[EliteMobs] Successfully reset quests for player $player","[EliteMobs] Úspěšně resetovány úkoly hráče $player"
"command_messages.regionalBossStatsMessage","&7[EM] &2There are &c$total &2Regional Bosses installed, of which &c$loaded &2are currently loaded.","&7[EM] &2Je nainstalováno &c$total &2regionálních Bossů, z nichž je aktuálně načteno &c$loaded&2."
"command_messages.relativePositionMessage","&8[EliteMobs] &fRelative position to anchor point of &2$filename&f is &2$coordinates","&8[EliteMobs] &fRelativní pozice vůči kotevnímu bodu &2$filename&f je &2$coordinates"
"command_messages.reloadStartMessage","Plugin reloading...","Plugin se znovu načítá..."
"command_messages.reloadSuccessMessage","Plugin reloaded!","Plugin znovu načten!"
"command_messages.removeElitesOffMessage","&8[EliteMobs] &aYou are no longer removing elites!","&8[EliteMobs] &aUž neodstraňuješ elity!"
"command_messages.removeElitesOnMessage","&8[EliteMobs] &cYou are now removing elites when you punch them! Run &a/em remove &cagain to stop removing elites!","&8[EliteMobs] &cNyní odstraňuješ elity, když je udeříš! Zadej znovu &a/em remove &cpro ukončení odstraňování elit!"
"command_messages.removedHijackedMessage","&8[EliteMobs] If the entity is supposed to be an EliteMobs entity, it is highly likely some other plugin hijacked the entity and changed it in a way that made EliteMobs unable to recognize it anymore.","&8[EliteMobs] Pokud má být tato entita entitou EliteMobs, je velmi pravděpodobné, že ji převzal jiný plugin a změnil ji tak, že ji EliteMobs už nedokáže rozpoznat."
"command_messages.removedNotEliteMobsMessage","&8[EliteMobs] The entity you just removed was not an EliteMobs entity. EliteMobs will still attempt to remove it though.","&8[EliteMobs] Entita, kterou jsi právě odstranil, nebyla entitou EliteMobs. EliteMobs se ji přesto pokusí odstranit."
"command_messages.removedSpawnLocationMessage","&8[EliteMobs] &cRemoved a spawn location for boss $boss","&8[EliteMobs] &cOdstraněno místo spawnu pro Bosse $boss"
"command_messages.removedTreasureChestMessage","[EliteMobs] Removed treasure chest!","[EliteMobs] Odstraněna truhla s pokladem!"
"command_messages.resourcePackUpdatedMessage","&8[EliteMobs] &cThe EliteMobs resource pack has updated! This means that the current resource pack will not fully work until you restart your server. You only need to restart once!","&8[EliteMobs] &cResource pack EliteMobs byl aktualizován! To znamená, že aktuální resource pack nebude plně fungovat, dokud nerestartuješ server. Stačí restartovat jen jednou!"
"command_messages.scrollAmountZeroMessage","Amount must be greater than zero.","Počet musí být větší než nula."
"command_messages.scrollGaveMessage","Gave $amount level $level Elite Scroll(s) to $player.","Předáno $amount svitek(ů) Elite Scroll úrovně $level hráči $player."
"command_messages.scrollInvalidNumberMessage","Level and amount must be valid integers.","Úroveň a počet musí být platná celá čísla."
"command_messages.scrollLevelZeroMessage","Scroll level must be greater than zero.","Úroveň svitku musí být větší než nula."
"command_messages.scrollsNotEnabledMessage","Elite Scrolls are not currently enabled on this server! Ask the admin to enable them in the EliteMobs DefaultConfig.yml","Elite Scrolly nejsou na tomto serveru momentálně povoleny! Požádej admina, aby je povolil v EliteMobs DefaultConfig.yml"
"command_messages.setupDoneDisableMessage","&aEliteMobs will no longer send messages on login. You can do [/em setup done] again to revert this.","&aEliteMobs už nebude při přihlášení posílat zprávy. Pro vrácení můžeš znovu použít [/em setup done]."
"command_messages.setupDoneEnableMessage","&aEliteMobs will once again send messages on login. You can do [/em setup done] again to revert this.","&aEliteMobs bude při přihlášení znovu posílat zprávy. Pro vrácení můžeš znovu použít [/em setup done]."
"command_messages.setupInstalledMessage","Successfully installed content!","Obsah byl úspěšně nainstalován!"
"command_messages.setupNotValidPackageMessage","Not a valid em package!","Neplatný em balíček!"
"command_messages.setupUninstalledMessage","Successfully uninstalled content!","Obsah byl úspěšně odinstalován!"
"command_messages.shopPlayerNotFoundMessage","Failed to get player with that username!","Nepodařilo se najít hráče s tímto uživatelským jménem!"
"command_messages.simLootCouldNotSend","&c[EliteMobs] Could not send item to player $player - player with this name was not found!","&c[EliteMobs] Položku nešlo poslat hráči $player - hráč s tímto jménem nebyl nalezen!"
"command_messages.simLootFinishedMultiple","[EliteMobs] Finished running simulation command for player $player $times times at level $level .","[EliteMobs] Dokončeno spuštění simulačního příkazu pro hráče $player $times krát na úrovni $level ."
"command_messages.simLootFinishedSingle","[EliteMobs] Finished running simulation command for player $player at level $level .","[EliteMobs] Dokončeno spuštění simulačního příkazu pro hráče $player na úrovni $level ."
"command_messages.simLootPlayerNotFound","[EliteMobs] Failed to get a player named ""$player""!","[EliteMobs] Nepodařilo se najít hráče jménem ""$player""!"
"command_messages.skillCheckEntryFormat","&7$skill: &aLevel $level &7($xpProgress/$xpNeeded XP, $progress%)","&7$skill: &aÚroveň $level &7($xpProgress/$xpNeeded XP, $progress%)"
"command_messages.skillCheckHeaderMessage","&6=== $player's Skills ===","&6=== Dovednosti hráče $player ==="
"command_messages.skillInvalidTypeMessage","&cInvalid skill type: $type","&cNeplatný typ dovednosti: $type"
"command_messages.skillLevelMinMessage","&cLevel must be at least 1!","&cÚroveň musí být alespoň 1!"
"command_messages.skillLevelWarningMessage","&eWarning: Level $level is above the soft cap of 100.","&eVarování: Úroveň $level je nad měkkým limitem 100."
"command_messages.skillPlayerNotFoundMessage","&cPlayer not found: $player","&cHráč nenalezen: $player"
"command_messages.skillSetAllSuccessMessage","&aSet all of $player's skills to level $level ($xp XP)","&aNastaveny všechny dovednosti hráče $player na úroveň $level ($xp XP)"
"command_messages.skillSetSuccessMessage","&aSet $player's $skill skill to level $level ($xp XP)","&aNastavena dovednost $skill hráče $player na úroveň $level ($xp XP)"
"command_messages.skillTestAlreadyRunningMessage","&cA test is already running! Use &e/em skill test cancel &cto stop it.","&cTest už běží! Použij &e/em skill test cancel &ck jeho zastavení."
"command_messages.skillTestCancelNoTestMessage","&cNo active test to cancel.","&cŽádný aktivní test ke zrušení."
"command_messages.skillTestCancelSuccessMessage","&aTest cancelled and player state restored.","&aTest zrušen a stav hráče obnoven."
"command_messages.skillTestInfoMessage1","&7This will temporarily modify your skill levels and selections.","&7Toto dočasně upraví tvoje úrovně dovedností a výběry."
"command_messages.skillTestInfoMessage2","&7Your original state will be restored after the test.","&7Po testu bude tvůj původní stav obnoven."
"command_messages.skillTestOnlyPlayerMessage","&cThis command can only be run by a player!","&cTento příkaz může spustit pouze hráč!"
"command_messages.skillTestStartMessage","&a[Test] Starting skill system test...","&a[Test] Spouštím test systému dovedností..."
"command_messages.skillValidTypesMessage","&7Valid types: $types","&7Platné typy: $types"
"command_messages.statsAverageThreatMessage","&7[EM] &2Average threat tier: &a$average","&7[EM] &2Průměrná úroveň hrozby: &a$average"
"command_messages.statsBreakdownPrefix","&2Breakdown: &a","&2Rozpis: &a"
"command_messages.statsEntityCountMessage","&7[EM] &2There are currently &l&6$total &f&2EliteMobs entities in the world.","&7[EM] &2Ve světě je momentálně &l&6$total &f&2entit mobů EliteMobs, z toho &a$aggressive &2jsou Elite Mobs a &a$passive &2jsou Super Mobs."
"command_messages.statsHighestThreatMessage","&7[EM] &2Highest online threat tier: &a$player &2at total threat tier &a$threat","&7[EM] &2Nejvyšší online úroveň hrozby: &a$player &2na celkové úrovni hrozby &a$threat"
"command_messages.statsSeparator","<g:#8B0000:#CC4400:#DAA520>▬▬▬▬▬▬▬▬▬▬▬▬▬▬▬▬▬▬▬▬▬▬▬▬▬▬▬▬▬▬▬▬▬▬▬▬▬▬▬▬▬▬▬▬▬▬▬▬▬▬▬▬▬▬▬▬▬▬▬▬▬▬▬▬▬▬▬▬▬▬▬▬▬▬▬▬▬▬▬▬</g>","&5&m-----------------------------------------------------"
"command_messages.statsVersionHeader","&7[EM] &a&lEliteMobs v. $version stats:","&7[EM] &a&lStatistiky EliteMobs v. $version:"
"command_messages.trackedBossCountMessage","Tracked boss count: ","Sledovaný počet Bossů: "
"command_messages.trackedNpcCountMessage","Tracked NPC count: ","Sledovaný počet NPC: "
"command_messages.transitiveBlockCancelCommandMessage","&6[EliteMobs] Or run the command /em cancelblocks to cancel the registration!","&6[EliteMobs] Nebo zadej příkaz /em cancelblocks pro zrušení registrace!"
"command_messages.transitiveBlockCancelledMessage","&c[EliteMobs] Block registration successfully cancelled!","&c[EliteMobs] Registrace bloků byla úspěšně zrušena!"
"command_messages.transitiveBlockCancellingMessage","&c[EliteMobs] Cancelling block registration!","&c[EliteMobs] Ruším registraci bloků!"
"command_messages.transitiveBlockCorner1Message","Set corner 1!","Nastaven roh 1!"
"command_messages.transitiveBlockCorner2Message","Set corner 2!","Nastaven roh 2!"
"command_messages.transitiveBlockIgnoreWarningMessage","&aIgnore this warning if you are setting blocks for a phase boss whose first phase is a regional boss!","&aToto varování ignoruj, pokud nastavuješ bloky pro fázového Bosse, jehož první fáze je regionální Boss!"
"command_messages.transitiveBlockInvalidBossMessage","Boss file isn't valid! Try again with a valid filename for your custom boss.","Soubor Bosse není platný! Zkus to znovu s platným názvem souboru pro vlastního Bosse."
"command_messages.transitiveBlockInvalidTypeMessage","Not a valid transitive block type, use ON_SPAWN or ON_REMOVE !","Neplatný typ transitivního bloku, použij ON_SPAWN nebo ON_REMOVE !"
"command_messages.transitiveBlockLocationsFailedMessage","Failed to commit locations!","Nepodařilo se uložit lokace!"
"command_messages.transitiveBlockLocationsRegisteredMessage","Locations registered correctly!","Lokace byly správně zaregistrovány!"
"command_messages.transitiveBlockMultipleBossesHintMessage","&c[EliteMobs] If want multiple bosses to have transitive blocks, you will need one configuration file per boss that has them!","&c[EliteMobs] Pokud chceš, aby více Bossů mělo transitivní bloky, budeš potřebovat jeden konfigurační soubor pro každého Bosse, který je má!"
"command_messages.transitiveBlockMultipleBossesMessage","&c[EliteMobs] Transitive blocks require having ONLY one Regional Boss from the configuration files to be placed in order to add transitive blocks relative to the spawn coordinates of that boss. If there is more than one boss, the plugin can't determine which boss specifically should be getting the transitive blocks","&c[EliteMobs] Transitivní bloky vyžadují, aby byl umístěn POUZE jeden regionální Boss z konfiguračních souborů, aby šlo přidat transitivní bloky relativně ke spawn souřadnicím tohoto Bosse. Pokud je Bossů více, plugin nedokáže určit, kterému konkrétnímu Bossovi mají transitivní bloky patřit"
"command_messages.transitiveBlockNotRegionalMessage","&cBoss file isn't for a regional boss! This feature only works for regional bosses.","&cSoubor Bosse není pro regionálního Bosse! Tato funkce funguje pouze pro regionální Bossy."
"command_messages.transitiveBlockNowRegisteringMessage","&a[EliteMobs] Now registering $type blocks! &2Punch blocks to register air at that location, or right click blocks to register the block you right clicked!","&a[EliteMobs] Nyní registruji bloky typu $type! &2Udeř do bloku pro registraci vzduchu na dané pozici, nebo klikni pravým na blok pro registraci bloku, na který jsi klikl!"
"command_messages.transitiveBlockNowSavingMessage","&a[EliteMobs] Now saving $type blocks!","&a[EliteMobs] Nyní ukládám bloky typu $type!"
"command_messages.transitiveBlockRegisteredAirMessage","Registered air block!","Zaregistrován vzduchový blok!"
"command_messages.transitiveBlockRegisteredCornerMessage","Successfully registered $count blocks between your corners!","Úspěšně zaregistrováno $count bloků mezi tvými rohy!"
"command_messages.transitiveBlockRegisteredMessage","Registered $type block!","Zaregistrován blok typu $type!"
"command_messages.transitiveBlockRequiresRegionalMessage","&c[EliteMobs] Transitive blocks require one Regional Boss from the configuration files to be placed in order to add transitive blocks relative to the spawn coordinates of that boss.","&c[EliteMobs] Transitivní bloky vyžadují jeden regionální Boss z konfiguračních souborů, který musí být umístěn, aby šlo přidat transitivní bloky relativně ke spawn souřadnicím tohoto Bosse."
"command_messages.transitiveBlockRunSameCommandMessage","&6[EliteMobs] Run the same command to stop registering blocks and save!","&6[EliteMobs] Spusť stejný příkaz pro zastavení registrace bloků a uložení!"
"command_messages.transitiveBlockSelectionCountMessage","[EliteMobs] Current selection has $count blocks selected. For performance reasons, it is recommended you don't go over $limit blocks!","[EliteMobs] Aktuální výběr má vybráno $count bloků. Z výkonových důvodů se doporučuje nepřekročit $limit bloků!"
"command_messages.transitiveBlockStartMessage","[EliteMobs] Now registering large selection for transitive blocks! Left click to set corner 1, right click to set corner 2! Run the same command again to stop registering blocks and run /em cancelblocks to cancel!","[EliteMobs] Nyní registruji velký výběr pro transitivní bloky! Levým kliknutím nastav roh 1, pravým kliknutím nastav roh 2! Opětovným spuštěním stejného příkazu registraci zastavíš a příkazem /em cancelblocks ji zrušíš!"
"command_messages.transitiveBlockTooManyMessage","[EliteMobs] You registered more than $limit blocks at once. For performance reasons, it is recommended you keep the selections low. Avoid things like selecting a lot of unnecessary air blocks!","[EliteMobs] Najednou jsi zaregistroval více než $limit bloků. Z výkonových důvodů se doporučuje udržovat výběry malé. Vyhni se například výběru velkého množství zbytečných vzduchových bloků!"
"command_messages.transitiveBlockUnregisteredMessage","Unregistered block!","Blok odregistrován!"
"command_messages.updateAllUpToDateMessage","&a[EliteMobs] All content is up to date!","&a[EliteMobs] Veškerý obsah je aktuální!"
"command_messages.updateCompleteMessage","&a[EliteMobs] Update complete! Downloaded: $completed, Failed: $failed","&a[EliteMobs] Aktualizace dokončena! Staženo: $completed, Selhalo: $failed"
"command_messages.updateDownloadedMessage","&a[EliteMobs] Downloaded $name!","&a[EliteMobs] Staženo $name!"
"command_messages.updateDownloadedMoreMessage","&a[EliteMobs] Downloaded $name! &7Please hold on, $remaining more to go...","&a[EliteMobs] Staženo $name! &7Prosím vydrž, zbývá ještě $remaining..."
"command_messages.updateFailedMessage","&c[EliteMobs] Failed to download: $name","&c[EliteMobs] Nepodařilo se stáhnout: $name"
"command_messages.updateFoundOutdatedMessage","&e[EliteMobs] Found $count outdated packages. Starting updates...","&e[EliteMobs] Nalezeno $count zastaralých balíčků. Spouštím aktualizace..."
"command_messages.updateNoTokenMessage","&c[EliteMobs] No account token registered. Use /nightbreaklogin <token> first.","&c[EliteMobs] Není registrován žádný Nightbreak token. Nejprve použij /nightbreaklogin <token>."
"command_messages.updateProgressMessage","&7[EliteMobs] ($current/$total) Downloading: $name...","&7[EliteMobs] ($current/$total) Stahování: $name..."
"command_messages.updateReloadingMessage","&a[EliteMobs] Reloading to apply updates...","&a[EliteMobs] Znovu načítám pro použití aktualizací..."
"command_messages.versionAutoUpdateHover","&eRuns /em updatecontent","&eSpustí /em updatecontent"
"command_messages.versionAutoUpdateMessage","&a[Click here to update all content automatically]","&a[Klikni sem pro automatickou aktualizaci veškerého obsahu]"
"command_messages.versionCheckConnectionWarning","&8[EliteMobs] &eWarning: Could not connect to update servers. Version checking is currently unavailable. Check your internet connection or try again later.","&8[EliteMobs] &eVarování: Nepodařilo se připojit k aktualizačním serverům. Kontrola verze je momentálně nedostupná. Zkontroluj internetové připojení nebo to zkus později."
"command_messages.versionClickDownloadHover","&9Click to go to download link!","&9Klikni pro přechod na odkaz ke stažení!"
"command_messages.versionClickHereLabel","&9&nClick here","&9&nKlikni zde"
"command_messages.versionDiscordHover","Discord support link","Odkaz na Discord podporu"
"command_messages.versionDownloadAtMessage","&8[EliteMobs]&f You can download the update at ","&8[EliteMobs]&f Aktualizaci můžeš stáhnout na "
"command_messages.versionHereLabel","&9&nhere","&9&nzde"
"command_messages.versionInstallInfoMessage"," &2for info on how to install updates and "," &2pro informace, jak nainstalovat aktualizace, a "
"command_messages.versionNightbreakHover","Click for the content page","Klikni pro odkaz na Nightbreak"
"command_messages.versionNoDownloadLink"," &7(no download link available)"," &7(odkaz ke stažení není dostupný)"
"command_messages.versionOutdatedEntryPrefix","&c- ","&c- "
"command_messages.versionOutdatedMessage","&cYour version of EliteMobs is outdated. &aYou can download the latest version from ","&cTvoje verze EliteMobs je zastaralá. &aNejnovější verzi si můžeš stáhnout z &3&n&ohttps://nightbreak.io/plugin/elitemobs/"
"command_messages.versionSupportRoomMessage"," &2for the support room."," &2pro místnost podpory."
"command_messages.versionUpdateEasyMessage","&2Updating is quick & easy! ","&2Aktualizace je rychlá a snadná! "
"command_messages.versionUseSetupMessage","&7Use ","&7Použij &e/em setup &7pro zobrazení a aktualizaci, nebo "
"command_messages.versionWikiHover","Click for wiki link","Klikni pro odkaz na wiki"
"command_messages.worldNotValidMessage","[EliteMobs] World argument was not valid!","[EliteMobs] Argument světa nebyl platný!"
"command_messages.wormholeAgSpawnRecommendation","&8[EliteMobs - OP-only message] &fThe official recommendation is to place this at your server's spawn so players can access the Adventurer's Guild through this portal!","&8[EliteMobs - zpráva pouze pro OP] &fOficiální doporučení je umístit to na spawn tvého serveru, aby hráči mohli přes tento portál vstoupit do Adventurer's Guild!"
"command_messages.wormholeInvalidOptionMessage","Not a valid wormhole option! Pick 1 or 2 to set either end of the wormhole.","Neplatná možnost wormhole! Vyber 1 nebo 2 pro nastavení jednoho z konců wormhole."
"command_messages.wormholeOpDownloadMessage","&8[OP] &7This content is not installed. Use ","&8[EliteMobs - zpráva pouze pro OP] &fPropoj svůj Nightbreak účet pomocí &a/nightbreaklogin &fa použij &a/em downloadall &fpro instalaci obsahu! Podpora a info: "
"command_messages.wormholeOpSetupMessage","&8[EliteMobs - OP-only message] &fTo set up this portal, stand at the desired destination and run: &a/em place wormhole $filename $number","&8[EliteMobs - zpráva pouze pro OP] &fPro nastavení tohoto portálu se postav na požadované místo určení a zadej: &a/em place wormhole $filename $number"
"command_messages.wormholeSetFailedMessage","Failed to set location for this wormhole.","Nepodařilo se nastavit lokaci pro tento wormhole."
"conduit_power.name","Conduit Power","Síla mořského kanálu"
"config.bossAlreadyGoneMessage","&c[EliteMobs] Sorry, this boss is already gone!","&c[EliteMobs] Promiň, tento Boss už je pryč!"
"config.chestCooldownMessage","&7[EM] &cYou've already opened this chest recently! Wait $time!","&7[EM] &cTuto truhlu jsi už nedávno otevřel! Počkej $time!"
"config.dismissEMMessage","&8[EliteMobs] &2/elitemobs &fmenu not working for you? Try &2/elitemobs alt &fto see an alternative version of the menu! &cDon't want to see this message again? &4/em dismiss","&8[EliteMobs] &2/elitemobs &fnabídka ti nefunguje? Zkus &2/elitemobs alt &fpro zobrazení alternativní verze nabídky! &cNechceš tuto zprávu znovu vidět? &4/em dismiss"
"config.enchantmentChallengeConsequencesMessage","&cThere's a 10% chance of losing your item if you lose the fight! Leaving the arena counts as losing.","&cJe 10% šance, že o svůj předmět přijdeš, pokud prohraješ boj! Opuštění arény se počítá jako prohra."
"config.enchantmentChallengeCriticalFailureMessage","&8[EliteMobs] &4Critical failure! You lost the item!","&8[EliteMobs] &4Kritické selhání! Ztratil jsi předmět!"
"config.enchantmentChallengeFailureMessage","&8[EliteMobs] &cFailed enchantment! The enchantment did not bind to the item.","&8[EliteMobs] &cOčarování selhalo! Očarování se na předmět nenavázalo."
"config.enchantmentChallengeInventoryFullMessage","&8[EliteMobs] &cYour inventory was full so the item you were trying to upgrade has been deleted! It will be restored if your item is not full by the time you leave the instanced dungeon.","&8[EliteMobs] &cTvůj inventář byl plný, takže předmět, který jsi se pokoušel vylepšit, byl smazán! Bude obnoven, pokud tvůj inventář nebude plný v době, kdy opustíš instancovaný žalář."
"config.enchantmentChallengeStartMessage","&8[EliteMobs] &6Challenge! Defeat the boss to get your upgraded item!","&8[EliteMobs] &6Výzva! Poraz Bosse a získej svůj vylepšený předmět!"
"config.enchantmentChallengeSuccessMessage","&8[EliteMobs] &2Successful enchantment!","&8[EliteMobs] &2Očarování úspěšné!"
"config.switchEMStyleMessage","&8[EliteMobs] &2/elitemobs &fmenu style changed! Check it out!","&8[EliteMobs] &2/elitemobs &fstyl menu byl změněn! Podívej se na to!"
"config.trackMessage","Track the $name","Sledovat $name"
"config.treasureChestNoDropMessage","&8[EliteMobs] &cYou didn't get anything! Better luck next time!","&8[EliteMobs] &cNic jsi nezískal! Více štěstí příště!"
"craftenmines_lab_sanctum.customInfo[0]","&aFace the creator of the devious creations!","&aPostav se tvůrci zákeřných výtvorů!"
"craftenmines_lab_sanctum.customInfo[1]","&6Credits: MagmaGuy, 69OzCanOfBepis","&6Autoři: MagmaGuy, 69OzCanOfBepis"
"craftenmines_lab_sanctum.difficulties.0.name","normal","normal"
"craftenmines_lab_sanctum.difficulties.1.name","hard","hard"
"craftenmines_lab_sanctum.difficulties.2.name","mythic","mythic"
"craftenmines_lab_sanctum.name","&2[Dynamic] &aCraftenmines Sanctum","&aSvatyně Craftenminea"
"craftenmines_lab_sanctum.playerInfo","&aDynamic Sanctum
$bossCount boss encounters
&aFace the creator of the
&adevious creations!","Obtížnost: &6Těžká
Obtížnost: &4Těžký obsah pro 5 hráčů!"
"craftenmines_lab_sanctum.regionEnterMessage","&8[EM] &5Someone must stop Dr. Craftenmine and his horrific creations!","&8[EM] &5Někdo musí zastavit Dr. Craftenminea a jeho děsivé výtvory!"
"craftenmines_lab_sanctum.regionLeaveMessage","&8[EM] &5You have left Dr. Craftenmine's laboratory!","&8[EM] &5Opustil jsi laboratoř Dr. Craftenminea!"
"craftenmines_lab_sanctum_teleporter.greetings[0]","",""
"craftenmines_lab_sanctum_teleporter.name","<g:#4A8A8A:#5A9A9A>Sonio the Speedy</g>","<g:#4A8A8A:#5A9A9A>Sonio the Speedy</g>"
"craftenmines_lab_sanctum_teleporter.role","<g:#3A7A7A:#4A8A8A><Craftenmine's Lab></g>","<g:#3A7A7A:#4A8A8A><Craftenmine's Lab></g>"
"critical_strikes.criticalHitPopup","&5Critical Hit!","&5Kritický zásah!"
"critical_strikes.name","Critical Strikes","Kritické zásahy"
"crossbows_arrow_rain.description[0]","&7Rain arrows on your target.","&7Sesílej déšť šípů na svůj cíl."
"crossbows_arrow_rain.description[1]","&730s cooldown.","&730s obnovení."
"crossbows_arrow_rain.formattedBonusTemplate","$arrowDamage% arrow damage","$arrowDamage% poškození šípem"
"crossbows_arrow_rain.loreTemplates[0]","&7Arrow Damage: &f$arrowDamage%","&7Poškození šípem: &f$arrowDamage%"
"crossbows_arrow_rain.loreTemplates[1]","&7Arrows: &f15 total (3x5 waves)","&7Šípy: &f15 celkem (3x5 vln)"
"crossbows_arrow_rain.loreTemplates[2]","&7Cooldown: &f$cooldowns","&7Obnovení: &f$cooldowns"
"crossbows_arrow_rain.name","&9Arrow Rain","&9Déšť šípů"
"crossbows_explosive_tip.description[0]","&7Chance for bolts to explode","&7Šance, že střely vybuchnou"
"crossbows_explosive_tip.description[1]","&7on impact, damaging nearby enemies.","&7při dopadu a zraní blízké nepřátele."
"crossbows_explosive_tip.formattedBonusTemplate","$aoeDamage% AoE damage","$aoeDamage% AoE poškození"
"crossbows_explosive_tip.loreTemplates[0]","&7Proc Chance: &f$procChance%","&7Šance na aktivaci: &f$procChance%"
"crossbows_explosive_tip.loreTemplates[1]","&7AoE Damage: &f$aoeDamage%","&7AoE poškození: &f$aoeDamage%"
"crossbows_explosive_tip.loreTemplates[2]","&7Radius: &f$radius blocks","&7Poloměr: &f$radius bloků"
"crossbows_explosive_tip.name","&cExplosive Tip","&cVýbušný hrot"
"crossbows_first_blood.description[0]","&7Deal massive bonus damage","&7Způsob obrovské bonusové poškození"
"crossbows_first_blood.description[1]","&7with the first hit on an enemy.","&7prvním zásahem nepřítele."
"crossbows_first_blood.formattedBonusTemplate","+$value% first hit damage","+$value% poškození prvního zásahu"
"crossbows_first_blood.loreTemplates[0]","&7First Hit Bonus: &f$value%","&7Bonus prvního zásahu: &f$value%"
"crossbows_first_blood.loreTemplates[1]","&7Triggers on full health targets","&7Spouští se na cílech s plným zdravím"
"crossbows_first_blood.name","&4First Blood","&4První krev"
"crossbows_heavy_bolts.description[0]","&7Bolts deal bonus damage","&7Střely způsobují bonusové poškození"
"crossbows_heavy_bolts.description[1]","&7and increased knockback.","&7a zvýšený odhoz."
"crossbows_heavy_bolts.formattedBonusTemplate","+$damage% damage + knockback","+$damage% poškození + odhoz"
"crossbows_heavy_bolts.loreTemplates[0]","&7Bonus Damage: &f$damage%","&7Bonusové poškození: &f$damage%"
"crossbows_heavy_bolts.loreTemplates[1]","&7Knockback: &f$knockback","&7Odhoz: &f$knockback"
"crossbows_heavy_bolts.name","&8Heavy Bolts","&8Těžké střely"
"crossbows_hunters_prey.description[0]","&7Deal bonus damage to enemies","&7Uděl bonusové poškození nepřátelům"
"crossbows_hunters_prey.description[1]","&7below 50% health.","&7pod 50 % zdraví."
"crossbows_hunters_prey.formattedBonusTemplate","+$value% to low HP targets","+$value% proti cílům s nízkým HP"
"crossbows_hunters_prey.loreTemplates[0]","&7Bonus Damage: &f$value%","&7Bonusové poškození: &f$value%"
"crossbows_hunters_prey.loreTemplates[1]","&7Threshold: &fBelow 50% HP","&7Práh: &fPod 50 % HP"
"crossbows_hunters_prey.name","&4Hunter's Prey","&4Lovcova kořist"
"crossbows_quick_reload.description[0]","&7Gain haste after hitting","&7Po zásahu získáš spěch"
"crossbows_quick_reload.description[1]","&7for faster reloading.","&7pro rychlejší nabíjení."
"crossbows_quick_reload.formattedBonusTemplate","Haste $hasteLevel on hit","Spěch $hasteLevel při zásahu"
"crossbows_quick_reload.loreTemplates[0]","&7Haste Level: &f$hasteLevel","&7Úroveň spěchu: &f$hasteLevel"
"crossbows_quick_reload.loreTemplates[1]","&7Duration: &f3 seconds","&7Trvání: &f3 sekundy"
"crossbows_quick_reload.loreTemplates[2]","&7Triggers on hit","&7Spouští se při zásahu"
"crossbows_quick_reload.name","&eQuick Reload","&eRychlé nabití"
"crossbows_steady_aim.description[0]","&7Stand still for bonus damage.","&7Stůj na místě pro bonusové poškození."
"crossbows_steady_aim.description[1]","&7Damage increases over time.","&7Poškození se časem zvyšuje."
"crossbows_steady_aim.formattedBonusTemplate","+$value% when stationary","+$value% při nehybnosti"
"crossbows_steady_aim.loreTemplates[0]","&7Base Bonus: &f$value%","&7Základní bonus: &f$value%"
"crossbows_steady_aim.loreTemplates[1]","&7Max Bonus: &f3x base","&7Max bonus: &f3x základ"
"crossbows_steady_aim.loreTemplates[2]","&7Stand still for 1.5s to activate","&7Stůj 1.5 s bez pohybu pro aktivaci"
"crossbows_steady_aim.name","&aSteady Aim","&aPevné míření"
"crossbows_suppressing_fire.description[0]","&7Chance to weaken and slow","&7Šance oslabit a zpomalit"
"crossbows_suppressing_fire.description[1]","&7enemies with your bolts.","&7nepřátele tvými střelami."
"crossbows_suppressing_fire.formattedBonusTemplate","$procChance% suppress chance","$procChance% šance na potlačení"
"crossbows_suppressing_fire.loreTemplates[0]","&7Proc Chance: &f$procChance%","&7Šance na aktivaci: &f$procChance%"
"crossbows_suppressing_fire.loreTemplates[1]","&7Applies: &8Weakness &7and &bSlowness","&7Aplikuje: &8Slabost &7a &bZpomalení"
"crossbows_suppressing_fire.loreTemplates[2]","&7Duration: &f4 seconds","&7Trvání: &f4 sekundy"
"crossbows_suppressing_fire.name","&7Suppressing Fire","&7Potlačující palba"
"custom_quest_screen.acceptHoverLines","&aClick to 
&aaccept quest!","&aKlikni pro 
&apřijetí úkolu!"
"custom_quest_screen.acceptTextLines","&a&l[Accept!]","&a&l[Přijmout!]"
"custom_quest_screen.acceptedHoverLines","&aClick to abandon quest!","&aKlikni pro opuštění úkolu!"
"custom_quest_screen.acceptedTextLines","&2&lAccepted! &aTurn in with $npcName &4[Abandon]","&2&lPřijato! &aOdevzdej u $npcName &4[Opustit]"
"custom_quest_screen.arenaQuestDefaultSummaryLine","&c➤Complete $arenaName","&c➤Dokonči $arenaName"
"custom_quest_screen.completedHoverLines","&aClick to turn quest in!","&aKlikni pro odevzdání úkolu!"
"custom_quest_screen.completedTextLines","&2&l[Turn in!]","&2&l[Odevzdat!]"
"custom_quest_screen.dialogQuestDefaultSummaryLine","&c➤Go talk to $name $location","&c➤Běž si promluvit s $name $location"
"custom_quest_screen.fetchQuestDefaultSummaryLine","&c➤Get $name:$color&$current&0/$color$target","&c➤Získej $name:$color&$current&0/$color$target"
"custom_quest_screen.headerTextLines2","&a&l『&c&l$questName&a&l』
","&a&l『&c&l$questName&a&l』
"
"custom_quest_screen.killQuestDefaultSummaryLine","&c➤Kill $name:$color$current&0/$color$target","&c➤Zabij $name:$color$current&0/$color$target"
"custom_quest_screen.objectivesLine","&c&lObjectives:","&c&lCíle:"
"custom_quest_screen.rewardsDefaultSummaryLine","&2➤$amountx $rewardName &8($chance%)","&2➤$amountx $rewardName &8($chance%)"
"custom_quest_screen.rewardsLine","&2&lRewards:","&2&lOdměny:"
"custom_quest_screen.trackHoverLines","&aClick to track quest!","&aKlikni pro sledování úkolu!"
"custom_quest_screen.trackTextLines","&2&l[Track]","&2&l[Sledovat]"
"custom_quest_screen.turnedInHoverLines","&8Already turned in!","&8Již odevzdáno!"
"custom_quest_screen.untrackHoverLines","&cClick to untrack quest!","&cKlikni pro zrušení sledování úkolu!"
"custom_quest_screen.untrackTextLines","&4&l[Untrack]","&4&l[Nesledovat]"
"custom_shop_menu.fullInventoryMessage","[EliteMobs] &4Your inventory is full! You can't buy items until you get some free space.","[EliteMobs] &4Tvůj inventář je plný! Nemůžeš kupovat předměty, dokud si neuvolníš místo."
"custom_shop_menu.rerollButton.lore[0]","&8Support the plugins you enjoy!","&8Support the plugins you enjoy!"
"custom_shop_menu.rerollButton.name","&4&lEliteMobs &cby &4&lMagmaGuy","&4&lEliteMobs &cby &4&lMagmaGuy"
"custom_shop_menu.shopName","[EM] Custom Shop","[EM] Vlastní obchod"
"damage_test_dummy.name","&8[&6Lv.50 &7Damage Test Dummy&8]","&8[&6Lv.50 &7Figurína pro test poškození&8]"
"dark_cathedral_lair.customInfo[0]","&fThe first ever EliteMobs Lair!","&fÚplně první doupě EliteMobs!"
"dark_cathedral_lair.customInfo[1]","&fA classic that all servers need!","&fKlasika, kterou potřebuje každý server!"
"dark_cathedral_lair.customInfo[2]","&6Credits: MagmaGuy, 69OzCanOfBepis, Frost, Dali","&6Zásluhy: MagmaGuy, 69OzCanOfBepis, Frost, Dali"
"dark_cathedral_lair.difficulties.0.name","normal","normal"
"dark_cathedral_lair.difficulties.1.name","hard","hard"
"dark_cathedral_lair.difficulties.2.name","mythic","mythic"
"dark_cathedral_lair.name","&2[Dynamic] &8The Dark Cathedral","&2[Dynamický] &8Temná katedrála"
"dark_cathedral_lair.playerInfo","Difficulty: &cHard
$bossCount level $highestTier Big Boss!
&cThe original minidungeon, a challenge for
&ca group of players or for veterans!","Obtížnost: &cTěžká
$bossCount úroveň $highestTier Velký Boss!
&cPůvodní minižalář, výzva pro
&cskupinu hráčů nebo veterány!"
"dark_cathedral_lair.regionEnterMessage","&8[EM] &1An invasion is in progress. &9Stop the insurrection!","&8[EM] &1Probíhá invaze. &9Zastavte povstání!"
"dark_cathedral_lair.regionLeaveMessage","&8[EM] &1You managed to hold them back. &9For now...","&8[EM] &1Podařilo se vám je zadržet. &9Prozatím..."
"dark_cathedral_teleporter.greetings[0]","",""
"dark_cathedral_teleporter.name","<g:#4A4A6A:#5A5A7A>Dark Acolyte</g>","<g:#4A4A6A:#5A5A7A>Temný akolyta</g>"
"dark_cathedral_teleporter.role","<g:#3A3A5A:#4A4A6A><Dark Cathedral></g>","<g:#3A3A5A:#4A4A6A><Dark Cathedral></g>"
"dark_spire_teleporter.greetings[0]","",""
"dark_spire_teleporter.name","<g:#3A3A5A:#4A4A6A>Dark Warlock</g>","<g:#3A3A5A:#4A4A6A>Temný čaroděj</g>"
"dark_spire_teleporter.role","<g:#2A2A4A:#3A3A5A><Dark Spire></g>","<g:#2A2A4A:#3A3A5A><Dark Spire></g>"
"darkness.name","Darkness","Temnota"
"debt_collector.name","$bossLevel <g:#8B0000:#DC143C>The Debt Collector</g>","$bossLevel <g:#8B0000:#DC143C>Výběrčí dluhů</g>"
"debt_collector.onDamageMessages[0]","&c[Debt Collector] &7Consider that... &einterest&7.","&c[Vymahač pohledávek] &7Berte to jako... &eúrok&7."
"debt_collector.onDamageMessages[1]","&c[Debt Collector] &7Every hit is a &6payment&7.","&c[Vymahač pohledávek] &7Každý zásah je &6splátka&7."
"debt_collector.onDamageMessages[2]","&c[Debt Collector] &7You can't escape your debts!","&c[Vymahač pohledávek] &7Svým dluhům neunikneš!"
"debt_collector.onDamagedMessages[0]","&c[Debt Collector] &7That all you got?","&c[Vymahač pohledávek] &7To je všechno?"
"debt_collector.onDamagedMessages[1]","&c[Debt Collector] &7You'll pay for that... literally.","&c[Vymahač pohledávek] &7Za to zaplatíš... doslova."
"debt_collector.onDamagedMessages[2]","&c[Debt Collector] &7Fighting back won't clear your debt!","&c[Vymahač pohledávek] &7Bránění ti dluh nesmaže!"
"default_items.customInfo[0]","All default custom items from EliteMobs!","Všechny výchozí vlastní předměty z EliteMobs!"
"default_items.name","&2Default EliteMobs Custom Items","&2Výchozí vlastní předměty EliteMobs"
"density.name","Density","Hustota"
"depth_strider.name","Depth Strider","Chodec po dně"
"diamond_league_arena.customInfo[0]","&fFace the Diamond League Arena!","&fPostavte se Aréně Diamantové ligy!"
"diamond_league_arena.name","&5[lvl 100-150] &fThe Diamond League Arena","&5[lvl 100-150] &fAréna Diamantové ligy"
"diamond_league_arena.playerInfo","Difficulty: &chard
Face 50 waves of the arena, from
level 100 to level 150!","Obtížnost: &ctěžká
Postavte se 50 Vlnám arény,
od úrovně 100 do úrovně 150!"
"diamond_league_arena.regionEnterMessage","&fAre you prepared to face the arena?","&fJste připraveni čelit aréně?"
"diamond_league_arena.regionLeaveMessage","&fNow leaving the diamond league arena!","&fNyní opouštíte arénu Diamantové ligy!"
"dolphins_grace.name","Dolphin's Grace","Delfíní milost"
"drilling.name","Drilling","Vrtání"
"dungeons.avatarFadesMessage","&7Avatar fades...","&7Avatar vyprchává..."
"dungeons.contentAccessClickMessage","&eClick to see how to get access.","&eKlikni pro zobrazení, jak získat přístup."
"dungeons.contentAccessFailedLink","&9https://nightbreak.io/plugin/elitemobs","&9https://nightbreak.io/plugin/elitemobs"
"dungeons.contentAccessFailedMessage","&c[EliteMobs] Failed to check access. Try again later or download manually:","&c[EliteMobs] Nepodařilo se ověřit přístup. Zkus to později nebo stáhni ručně:"
"dungeons.contentAvailableItch","&7Available via: &ditch.io","&7Dostupné přes: &ditch.io"
"dungeons.contentAvailablePatreon","&7Available via: &6Patreon","&7Dostupné přes: &6Patreon"
"dungeons.contentCheckingAccessMessage","&7[EliteMobs] Checking access for $name...","&7[EliteMobs] Kontroluji přístup pro $name..."
"dungeons.contentConfigurationSaveFailedMessage","&cCould not save all content configuration files. Check the console; EliteMobs was not reloaded.","&cCould not save all content configuration files. Check the console; EliteMobs was not reloaded."
"dungeons.contentDownloadLegacyMessage","&4Download this at &9$link &4!","&4Stáhni to zde: &9$link &4!"
"dungeons.contentDownloadSeparator","<g:#8B0000:#CC4400:#DAA520>▬▬▬▬▬▬▬▬▬▬▬▬▬▬▬▬▬▬▬▬▬▬▬▬▬▬▬▬▬▬▬▬▬▬▬▬▬▬▬▬▬▬▬▬▬▬▬▬▬▬▬▬▬▬▬▬▬▬▬▬▬▬▬▬▬▬▬▬▬▬▬▬▬▬▬▬▬▬▬▬</g>","----------------------------------------------------"
"dungeons.contentDownloadedReloadMessage","&a[EliteMobs] Content downloaded! Reloading EliteMobs...","&a[EliteMobs] Obsah stažen! Znovu načítám EliteMobs..."
"dungeons.contentGetAccessMessage","&eYou can get access through:","&ePřístup můžeš získat přes:"
"dungeons.contentInstalledLine1","&aContent is installed and up to date.","Obsah je nainstalován!"
"dungeons.contentInstalledLine2","&7Click to uninstall.","Klikni pro odinstalaci!"
"dungeons.contentInstalledMessage","[EliteMobs] Successfully installed $name! To uninstall, do /em setup again and click on this content again.","[EliteMobs] Obsah $name byl úspěšně nainstalován! Pro odinstalaci znovu použij /em setup a klikni na tento obsah znovu."
"dungeons.contentInvalidTokenInstructions","&7Get a new token here, then run &e/nightbreaklogin <token>&7: ","&7Get a new token here, then run &e/nightbreaklogin <token>&7: "
"dungeons.contentInvalidTokenMessage","&e[EliteMobs] The saved account token needs to be updated.","&e[EliteMobs] The saved account token needs to be updated."
"dungeons.contentItchLink","&d• itch.io: ","&d• itch.io: &9$link"
"dungeons.contentLinkAccountMessage","&7After purchasing, use &e/nightbreaklogin <token> &7to link your account.","&7Po zakoupení použij &e/nightbreaklogin <token> &7pro propojení účtu."
"dungeons.contentNeedAccessMessage","&cYou need access to download this content!","&cPro stažení tohoto obsahu potřebuješ přístup!"
"dungeons.contentNightbreakLink","&a• Plugin page: ","&a• Nightbreak: &9https://nightbreak.io/plugin/elitemobs"
"dungeons.contentNightbreakPromptLine1","&eThis content can be downloaded automatically after connecting this server.","&eTento obsah lze automaticky stáhnout pomocí účtu Nightbreak."
"dungeons.contentNightbreakPromptLine2","<g:#B8860B:#DAA520>Step 1:</g> &7Get your token at: ","&71. Získej svůj token na: &9https://nightbreak.io/account"
"dungeons.contentNightbreakPromptLine3","<g:#B8860B:#DAA520>Step 2:</g> &7Run: &e/nightbreaklogin <your-token>","&72. Spusť: &e/nightbreaklogin <your-token>"
"dungeons.contentNightbreakPromptLine4","&8Or download manually at: ","&7Nebo stáhni ručně na: &9https://nightbreak.io/plugin/elitemobs"
"dungeons.contentNoAccessMessage","&cYou don't have access to: &f$name","&cNemáš přístup k: &f$name"
"dungeons.contentNotDownloadedLine1","Content is not downloaded!","Obsah není stažen!"
"dungeons.contentNotDownloadedLine2","Click to download!","Klikni pro stažení!"
"dungeons.contentNotInstalledLine1","Content is not installed!","Obsah není nainstalován!"
"dungeons.contentNotInstalledLine2","Click to install!","Klikni pro instalaci!"
"dungeons.contentPartialLine1","Content partially installed!","Obsah je částečně nainstalován!"
"dungeons.contentPartialLine2","This is either because you haven't downloaded all of it,","Je to buď proto, že jsi nestáhl všechen obsah,"
"dungeons.contentPartialLine3","or because some elements have been manually disabled.","nebo protože některé prvky byly ručně vypnuty."
"dungeons.contentPartialLine4","Click to download!","Klikni pro stažení!"
"dungeons.contentPatreonLink","&6• Patreon: ","&6• Patreon: &9$link"
"dungeons.contentUninstallFailedMessage","&c[EliteMobs] Failed to uninstall $name! There may still be players in the world.","&c[EliteMobs] Nepodařilo se odinstalovat $name! Ve světě mohou stále být hráči."
"dungeons.contentUninstalledMessage","&a[EliteMobs] Successfully uninstalled $name!","&a[EliteMobs] $name byl úspěšně odinstalován!"
"dungeons.contentUpdateAccessClick","&7Click to see how to get access.","&7Klikni pro zobrazení, jak získat přístup."
"dungeons.contentUpdateAvailable","&eUpdate available!","&eDostupná aktualizace!"
"dungeons.contentUpdateClickMessage","&aClick to update automatically!","&aKlikni pro automatickou aktualizaci!"
"dungeons.contentUpdateNeedAccess","&cYou need access to download this update.","&cPro stažení této aktualizace potřebuješ přístup."
"dungeons.dungeonBrowserLevelLabel","&7Level: &e$level","&7Úroveň: &e$level"
"dungeons.dungeonBrowserPlayerEntryFormat","&f- $playerName","&f- $playerName"
"dungeons.dungeonBrowserPlayersLabel","&2Players:","&2Hráči:"
"dungeons.dungeonCancelledEventMessage","[EliteMobs] Something cancelled the instancing event! The dungeon will not start.","[EliteMobs] Něco zrušilo událost instancování! Žalář se nespustí."
"dungeons.dungeonCancelledShutdownMessage","[EliteMobs] Dungeon preparation cancelled due to server shutdown.","[EliteMobs] Příprava Žaláře byla zrušena kvůli vypnutí serveru."
"dungeons.dungeonCopyFailedMessage","[EliteMobs] Failed to copy the world! Report this to the dev. The dungeon will not start.","[EliteMobs] Nepodařilo se zkopírovat svět! Nahlas to vývojáři. Žalář se nespustí."
"dungeons.dungeonDataFailedMessage","[EliteMobs] Failed to get data for dungeon $dungeon! The dungeon will not start.","[EliteMobs] Nepodařilo se získat data pro žalář $dungeon! Žalář se nespustí."
"dungeons.dungeonDifficultyMessage","[EliteMobs] Dungeon difficulty is set to $difficulty! Level sync caps your item level to $levelSync.","[EliteMobs] Obtížnost Žaláře je nastavena na $difficulty! Synchronizace úrovně omezuje úroveň tvých předmětů na $levelSync."
"dungeons.dungeonLoadFailedMessage","[EliteMobs] Failed to load dungeon. Please try again.","[EliteMobs] Nepodařilo se načíst žalář. Zkus to prosím znovu."
"dungeons.dungeonLockoutChatMessage","&c[EliteMobs] &7You killed &c$bossName &7in the last lockout period and must wait another &e$remainingTime &7before it will drop loot for you again.","&c[EliteMobs] &7Zabil jsi &c$bossName &7v posledním období uzamčení a musíš počkat ještě &e$remainingTime &7, než ti znovu padne Kořist."
"dungeons.dungeonLockoutSubtitle","&cLockout!","&cUzamčení!"
"dungeons.dungeonNoPermissionMessage","[EliteMobs] You don't have the permission to go to this dungeon!","[EliteMobs] Nemáš oprávnění jít do tohoto žaláře!"
"dungeons.dungeonPrepareFailedMessage","[EliteMobs] Failed to prepare dungeon. Please try again.","[EliteMobs] Nepodařilo se připravit žalář. Zkus to prosím znovu."
"dungeons.dungeonPreparingMessage","[EliteMobs] Preparing your dungeon...","[EliteMobs] Připravuji tvůj žalář..."
"dungeons.dungeonPreparingQueueMessage","[EliteMobs] Preparing your dungeon... (Queue position: $position)","[EliteMobs] Připravuji tvůj žalář... (Pozice ve frontě: $position)"
"dungeons.dungeonWorldLoadFailedMessage","[EliteMobs] Failed to load the world! Report this to the dev. The dungeon will not start.","[EliteMobs] Nepodařilo se načíst svět! Nahlas to vývojáři. Žalář se nespustí."
"dungeons.dynamicDungeonAccessMessage1","&6Dynamic dungeons must be accessed either through the &a/em &6menu or an NPC! NPCs for premade EliteMobs content can be found at the Adventurer's Guild Hub map.","&6Dynamické žaláře musíš otevřít buď přes menu &a/em &6nebo přes NPC! NPC pro předpřipravený obsah EliteMobs najdeš na mapě Adventurer's Guild Hub."
"dungeons.dynamicDungeonAccessMessage2","Dynamic dungeons allow you to select the level before entering based on your guild rank!","Dynamické žaláře ti umožní vybrat úroveň před vstupem podle hodnosti tvé gildy!"
"dungeons.dynamicDungeonAccessMessage3","Remember that instanced dungeons create a world when you join them and remove that world when you are done playing in them!","Pamatuj, že instancované žaláře vytvoří svět, když se k nim připojíš, a po dohrání tento svět odstraní!"
"dungeons.dynamicDungeonDataFailedMessage","[EliteMobs] Failed to get data for dynamic dungeon $dungeon! The dungeon will not start.","[EliteMobs] Nepodařilo se získat data pro dynamický žalář $dungeon! Žalář se nespustí."
"dungeons.dynamicDungeonDifficultySelectionMenuTitle","&8Select Difficulty","&8Vyber obtížnost"
"dungeons.dynamicDungeonDifficultySelectionSelectedLevel","&7Selected Level: &e$level","&7Vybraná úroveň: &e$level"
"dungeons.dynamicDungeonInstalledMessage","&2Dynamic dungeon $name installed!","&2Dynamický žalář $name nainstalován!"
"dungeons.dynamicDungeonLevelSelectionClickToSelect","&7Click to select level &e$level","&7Klikni pro výběr úrovně &e$level"
"dungeons.dynamicDungeonLevelSelectionEasier","&eEasier than recommended","&eLehčí než doporučeno"
"dungeons.dynamicDungeonLevelSelectionHarder","&6Harder than recommended","&6Těžší než doporučeno"
"dungeons.dynamicDungeonLevelSelectionItemTitle","&fLevel $level","&fÚroveň $level"
"dungeons.dynamicDungeonLevelSelectionMenuTitle","&8Select Dungeon Level","&8Vyber úroveň žaláře"
"dungeons.dynamicDungeonLevelSelectionMobsWillBeLevel","&7All mobs will be level &e$level","&7Všichni mobové budou mít úroveň &e$level"
"dungeons.dynamicDungeonLevelSelectionRecommended","&a&lRecommended level!","&a&lDoporučená úroveň!"
"dungeons.dynamicDungeonLevelSetMessage","[EliteMobs] Dynamic dungeon level set to $level!","[EliteMobs] Úroveň dynamického Žaláře nastavena na $level!"
"dungeons.dynamicDungeonNoPermissionMessage","[EliteMobs] You don't have the permission to go to this dungeon!","[EliteMobs] Nemáš oprávnění vstoupit do tohoto Žaláře!"
"dungeons.dynamicDungeonWorldLoadFailedMessage","[EliteMobs] Failed to load the world! Report this to the dev. The dungeon will not start.","[EliteMobs] Nepodařilo se načíst svět! Nahlas to vývojáři. Žalář se nespustí."
"dungeons.enchantChallengeCompleteMessage","&8[EliteMobs] &2Challenge complete! Instance will close in 10 seconds. &6You can leave earlier by doing &9/em quit&6!","&8[EliteMobs] &2Výzva dokončena! Instance se uzavře za 10 sekund. &6Můžeš odejít dříve příkazem &9/em quit&6!"
"dungeons.enchantChallengeFailedMessage","&8[EliteMobs] &cYou have failed the enchantment challenge! Your item $item was not enchanted.","&8[EliteMobs] &cNeuspěl jsi v zaklínací výzvě! Tvůj předmět $item nebyl zakouzlen."
"dungeons.enchantChallengeSuccessMessage","&8[EliteMobs] &2You succeeded your item enchantment challenge! Your item has been successfully enchanted.","&8[EliteMobs] &2Uspěl jsi ve výzvě zakouzlení předmětu! Tvůj předmět byl úspěšně zakouzlen."
"dungeons.enchantCriticalFailureMessage","&8[EliteMobs] &4Critical enchantment failure! You have lost $item!","&8[EliteMobs] &4Kritické selhání zakouzlení! Ztratil jsi $item!"
"dungeons.enchantNoChallengeMessage","&8[EliteMobs] &cYou rolled challenge but your server has not installed any challenge dungeons! &2This will count as an automatic enchantment success.","&8[EliteMobs] &cPadla výzva, ale server nemá nainstalované žádné výzvové Žaláře! &2Tohle se započítá jako automatický úspěch zakouzlení."
"dungeons.enchantmentDungeonInstalledMessage","&8[EliteMobs] &2Enchantment instanced dungeon installed! This dungeon can only be accessed when attempting to enchant items and getting a challenge as a result!","&8[EliteMobs] &2Instanční Žalář zakouzlení nainstalován! Tento Žalář lze otevřít jen při pokusu o zakouzlení předmětů, když padne výzva!"
"dungeons.eventsInstallingMessage","&2Installing $count events...","&2Instaluji $count událostí..."
"dungeons.eventsReloadingMessage","Reloading EliteMobs to apply event changes!","Restartuji EliteMobs pro použití změn událostí!"
"dungeons.eventsSavingMessage","&2Saving $count event files...","&2Ukládám $count souborů událostí..."
"dungeons.eventsUninstallingMessage","&2Uninstalling $count events...","&2Odinstalovávám $count událostí..."
"dungeons.instanceLivesLeft","$amount lives left!","Zbývá $amount životů!"
"dungeons.instancePunchToRez","&2Punch to rez!","&2Udeř pro oživení!"
"dungeons.instancedDungeonAccessMessage","&6Instanced dungeons must be accessed either through the &a/em &6menu or an NPC! NPCs for premade EliteMobs content can be found at the Adventurer's Guild Hub map.","&6Instanční Žaláře jsou přístupné buď přes nabídku &a/em &6nebo přes NPC! NPC pro předpřipravený obsah EliteMobs najdeš na mapě Adventurer's Guild Hub."
"dungeons.instancedDungeonClosingInstanceMessage","[EliteMobs] Closing instance!","[EliteMobs] Zavírám instanci!"
"dungeons.instancedDungeonCompleteMessage","[EliteMobs] Dungeon completed! It will self-destruct in 2 minutes!","[EliteMobs] Žalář dokončen! Za 2 minuty se sám zničí!"
"dungeons.instancedDungeonDescription[0]","&fCreate a new instance of the dungeon","&fVytvoř novou instanci Žaláře"
"dungeons.instancedDungeonDescription[1]","$dungeonName &ffor yourself and maybe","$dungeonName &fpro sebe a možná"
"dungeons.instancedDungeonDescription[2]","&fsome friends!","&fpár přátel!"
"dungeons.instancedDungeonInstallNote","Remember that instanced dungeons create a world when you join them and remove that world when you are done playing in them!","Pamatuj, že instanční Žaláře při vstupu vytvoří svět a po dokončení hraní ho zase odstraní!"
"dungeons.instancedDungeonInstalledMessage","&2Dungeon $name installed!","&2Žalář $name nainstalován!"
"dungeons.instancedDungeonTitle","Start $difficulty difficulty dungeon!","Spustit Žalář na obtížnost $difficulty!"
"dungeons.invalidDynamicDungeonMessage","[EliteMobs] Not a valid dynamic dungeon!","[EliteMobs] Neplatný dynamický Žalář!"
"dungeons.invalidInstancedDungeonMessage","[EliteMobs] Not a valid instanced dungeon!","[EliteMobs] Neplatný instanční Žalář!"
"dungeons.itemsInstallingMessage","&2Installing $count items...","&2Instaluji $count předmětů..."
"dungeons.itemsReloadingMessage","Reloading EliteMobs to apply item changes!","Restartuji EliteMobs pro použití změn předmětů!"
"dungeons.itemsSavingMessage","&2Saving $count item files...","&2Ukládám $count souborů předmětů..."
"dungeons.itemsUninstallingMessage","&2Uninstalling $count items...","&2Odinstalovávám $count předmětů..."
"dungeons.joinDungeonAsPlayerText","&fJoin $dungeonName as a player!","&fPřipojit se do $dungeonName jako hráč!"
"dungeons.joinDungeonAsSpectatorText","&fJoin $dungeonName as a spectator!","&fPřipojit se do $dungeonName jako divák!"
"dungeons.legionsDisciplineBrokenMessage","&7Combat rhythm lost...","&7Disciplína porušena..."
"dungeons.matchAlreadyEndedMessage","[EliteMobs] This match already ended! Can't join it!","[EliteMobs] Tento zápas už skončil! Nelze se připojit!"
"dungeons.modelsAutoInstallMessage","Models are installed automatically, you can't do this manually!","Modely se instalují automaticky, tohle ručně udělat nejde!"
"dungeons.modelsCannotUninstallMessage","Models can't currently be uninstalled via this menu! Delete the Models folder in EliteMobs if you want to remove them.","Modely momentálně nelze přes toto menu odinstalovat! Pokud je chceš odstranit, smaž složku Models v EliteMobs."
"dungeons.skillActivationFormat","&6&l$skillName!","&6&l$skillName!"
"dungeons.skillLevelUpBroadcast","&6$player &7reached &e$skill &7level &a$level&7!","&6$player &7dosáhl úrovně &e$skill &7na &a$level&7!"
"dungeons.skillLevelUpSubtitle","&e$skill &7→ &aLevel $level","&e$skill &7→ &aÚroveň $level"
"dungeons.skillLevelUpTitle","&6&lLEVEL UP!","&6&lNOVÁ ÚROVEŇ!"
"dungeons.skillMigrationLine1","&7EliteMobs now uses a new skill leveling system!","&7EliteMobs nyní používá nový systém úrovní dovedností!"
"dungeons.skillMigrationLine2","&eYou now level individual skills by killing mobs:","&eJednotlivé dovednosti nyní zvyšuješ zabíjením mobů:"
"dungeons.skillMigrationLine3","&7- Swords, Axes, Bows, Crossbows, Tridents, Hoes","&7- Meče, Sekery, Luky, Kuše, Trojzubce, Motyky"
"dungeons.skillMigrationLine4","&7- Armor levels on every kill at 1/3 XP rate","&7- Zbroj se zvyšuje při každém zabití rychlostí 1/3 XP"
"dungeons.skillMigrationLine5","&cAll players start fresh with Level 1 in all skills.","&cVšichni hráči začínají znovu s úrovní 1 ve všech dovednostech."
"dungeons.skillMigrationLine6","&7Type ","&7Napiš &e/em &7a klikni na &5Dovednosti &7pro zobrazení postupu!"
"dungeons.skillMigrationLine6Suffix"," &7and click &5Skills &7to view your progress!"," &7a klikni na &5Dovednosti &7pro zobrazení postupu!"
"dungeons.skillMigrationSeparator","<g:#8B0000:#CC4400:#DAA520>▬▬▬▬▬▬▬▬▬▬▬▬▬▬▬▬▬▬▬▬▬▬▬▬▬▬▬▬▬▬▬▬▬▬▬▬▬▬▬▬▬▬▬▬▬▬▬▬▬▬▬▬▬▬▬▬▬▬▬▬▬▬▬▬▬▬▬▬▬▬▬▬▬▬▬▬▬▬▬▬</g>","<g:#8B0000:#CC4400:#DAA520>▬▬▬▬▬▬▬▬▬▬▬▬▬▬▬▬▬▬▬▬▬▬▬▬▬▬▬▬▬▬▬▬▬▬▬▬▬▬▬▬▬▬▬▬▬▬▬▬▬▬▬▬▬▬▬▬▬▬▬▬▬▬▬▬▬▬▬▬▬▬▬▬▬▬▬▬▬▬▬▬</g>"
"dungeons.skillMigrationTitle","<g:#7B2FBE:#A855F7>&lSKILL SYSTEM ACTIVATED</g>","&5&lSYSTÉM DOVEDNOSTÍ AKTIVOVÁN"
"dungeons.skillStackFormat","&6&l$skillName &7($current/$max stacks)","&6&l$skillName &7($current/$max stacků)"
"dungeons.skillXpCappedMessage","&7[&eEliteMobs&7] &6XP capped &7- this mob (level &f$mobLevel&7) is below your &e$skill &7level (&f$playerLevel&7). XP reduced to &f$xp&7.","&7[&eEliteMobs&7] &6XP omezeno &7- tento mob (úroveň &f$mobLevel&7) je pod úrovní tvé dovednosti &e$skill &7(&f$playerLevel&7). XP sníženo na &f$xp&7."
"dungeons.skillXpNoGainMessage","&7[&eEliteMobs&7] &cNo XP gained &7- this mob (level &f$mobLevel&7) is too far below your &e$skill &7level (&f$playerLevel&7). Fight stronger mobs!","&7[&eEliteMobs&7] &cŽádné XP nezískáno &7- tento mob (úroveň &f$mobLevel&7) je příliš pod úrovní tvé dovednosti &e$skill &7(&f$playerLevel&7). Bojuj se silnějšími moby!"
"dungeons.soulSiphonDecayMessage","&7Soul Siphon stacks decayed","&7Stacky Soul Siphon vyprchaly"
"dungeons.spectralScytheCooldownMessage","&cSpectral Scythe on cooldown: $times","&cSpectral Scythe je na cooldownu: $times"
"dungeons.tazeShockedSubtitle","Shocked!","Otřesen!"
"dungeons.vorpalStrikeReadyMessage","&6Vorpal Strike &aready!","&6Vorpal Strike &aje připraven!"
"dynamic_quest_screen.acceptHoverLines","&aClick to 
&aaccept quest!","&aKlikni pro 
&apřijetí úkolu!"
"dynamic_quest_screen.acceptTextLines","&a&lAccept!","&a&lPřijmout!"
"dynamic_quest_screen.acceptedHoverLines","&aClick to abandon quest!","&aKlikni pro opuštění úkolu!"
"dynamic_quest_screen.acceptedTextLines","&2&lAccepted! &4[Abandon]","&2&lPřijato! &4[Opustit]"
"dynamic_quest_screen.completedHoverLines","&aClick to turn quest in!","&aKlikni pro odevzdání úkolu!"
"dynamic_quest_screen.completedTextLines","&2&l[Turn in!]","&2&l[Odevzdat!]"
"dynamic_quest_screen.defaultLoreTextLines","&8Slay $amount $name!","&8Zabij $amount $name!"
"dynamic_quest_screen.headerTextLines2","&c&lGuild request!
","&c&lPožadavek cechu!
"
"dynamic_quest_screen.killQuestDefaultSummaryLine","&c➤Kill $name:$color$current&0/$color$target","&c➤Zabij $name:$color$current&0/$color$target"
"dynamic_quest_screen.objectivesLine","&c&lObjectives:","&c&lCíle:"
"dynamic_quest_screen.questName","Slay $amount $name","Zabij $amount $name"
"dynamic_quest_screen.rewardsDefaultSummaryLine","&2➤$amountx $rewardName &8($chance%)","&2➤$amountx $rewardName &8($chance%)"
"dynamic_quest_screen.rewardsLine","&2&lRewards:","&2&lOdměny:"
"earthquake.earthquakeActivationMessage","&8[EliteMobs] &aEarthquake triggered! &c2 min cooldown!","&8[EliteMobs] &aZemětřesení spuštěno! &cCooldown 2 min!"
"earthquake.earthquakeAvailableMessage","&8[EliteMobs] &2Earthquake cooldown over!","&8[EliteMobs] &2Cooldown zemětřesení skončil!"
"earthquake.name","Earthquake","Zemětřesení"
"efficiency.name","Efficiency","Efektivita"
"elephant_charm.lore[0]","&aGain the power of an elephant","&aZískej sílu slona"
"elephant_charm.lore[1]","&astampede, for the cost of the","&aútoku stáda, za cenu"
"elephant_charm.lore[2]","&aspeed of an elephant stampede!","&arychlosti sloního útoku!"
"elephant_charm.name","&bElephant Charm","&bSloní amulet"
"elite_bee.deathMessages[0]","$player &cwas stung by $entity!","$player &cbyl pobodán od $entity!"
"elite_bee.name","&fLvl &2$level &fElite &eBee","&fLvl &2$level &fElite &eVčela"
"elite_blaze.deathMessages[0]","$player &cwas lit ablaze by $entity!","$player &cbyl zapálen od $entity!"
"elite_blaze.name","&fLvl &2$level &fElite &eBlaze","&fÚr. &2$level &fElitní &eBlaze"
"elite_bogged.deathMessages[0]","$player &cwas poisoned by $entity!","$player &cbyl otráven od $entity!"
"elite_bogged.name","&2Lvl &2$level &2Elite &eBogged","&2Úr. &2$level &2Elitní &eBogged"
"elite_breeze.deathMessages[0]","$player &cwas blown away by $entity!","$player &cbyl odfouknut od $entity!"
"elite_breeze.name","&2Lvl &2$level &2Elite &eBreeze","&2Úr. &2$level &2Elitní &eBreeze"
"elite_cave_spider.deathMessages[0]","$player &cbecame entangled in $entity's &cweb!","$player &cse zapletl do pavučiny $entity!"
"elite_cave_spider.name","&fLvl &2$level &fElite &3Cave Spider","&fLvl &2$level &fElite &3Jeskynní pavouk"
"elite_creeper.deathMessages[0]","$player &cwas blasted away by $entity!","$player &cbyl odstřelen od $entity!"
"elite_creeper.deathMessages[1]","$entity &cjust oh man'd $player&c!","$entity &cprávě rozmetal $player&c!"
"elite_creeper.name","&fLvl &2$level &fElite &2Creeper","&fÚr. &2$level &fElitní &2Creeper"
"elite_drowned.deathMessages[0]","$player &chas been brought down to the depths by $entity!","$player &cbyl stažen do hlubin od $entity!"
"elite_drowned.deathMessages[1]","$player &chas been drowned by $entity!","$player &cbyl utopen od $entity!"
"elite_drowned.name","&fLvl &2$level &fElite &3Drowned","&fLvl &2$level &fElite &3Utopenec"
"elite_elder_guardian.deathMessages[0]","$entity &cprevented $player &cfrom exploring the depths!","$entity &czabránil $player &cprozkoumat hlubiny!"
"elite_elder_guardian.name","&fLvl &2$level &fElite &3Elder Guardian","&fLvl &2$level &fElite &3Prastarý strážce"
"elite_ender_dragon.deathMessages[0]","$entity &chas ended $player!","$entity &cukončil $player!"
"elite_ender_dragon.name","&fLvl &2$level &fElite &5Ender Dragon","&fLvl &2$level &fElite &5Ender drak"
"elite_enderman.deathMessages[0]","$entity &csent $player &cinto the void!","$entity &cposlal $player &cdo prázdnoty!"
"elite_enderman.deathMessages[1]","$player &clooked at $entity &cwrong!","$player &cse na $entity &cpodíval špatně!"
"elite_enderman.deathMessages[2]","$player &cand $entity &cbecame best friends!","$player &ca $entity &cse stali nejlepšími přáteli!"
"elite_enderman.name","&fLvl &2$level &fElite &5Enderman","&fÚr. &2$level &fElitní &5Enderman"
"elite_evoker.deathMessages[0]","$player &cwas enchanted by $entity&c!","$player &cbyl očarován od $entity&c!"
"elite_evoker.name","&fLvl &2$level &fElite &5Evoker","&fLvl &2$level &fElite &5Vyvolávač"
"elite_ghast.deathMessages[0]","$player &cdidn't dodge $entity&c &cfireballs!","$player &cse nevyhnul ohnivým koulím od $entity&c!"
"elite_ghast.deathMessages[1]","$player &cwas blown to bits $entity&c!","$player &cbyl rozmetán na kusy od $entity&c!"
"elite_ghast.deathMessages[2]","$entity &cgot $player's &cbacon!","$entity &cdostal $player's &cslaninu!"
"elite_ghast.name","&fLvl &2$level &fElite &fGhast","&fÚr. &2$level &fElitní &fGhast"
"elite_goat.deathMessages[0]","$player &cwas rammed by $entity&c!","$player &cbyl nabrán od $entity&c!"
"elite_goat.deathMessages[1]","$player &cwas run over by $entity&c!","$player &cbyl sražen od $entity&c!"
"elite_goat.deathMessages[2]","$player &cwas trampled by $entity&c!","$player &cbyl udupán od $entity&c!"
"elite_goat.deathMessages[3]","$player &cgot $entity&c horns!","$player &cschytal rohy od $entity&c!"
"elite_goat.name","&fLvl &2$level &fElite &5Goat","&fLvl &2$level &fElite &5Koza"
"elite_guardian.deathMessages[0]","$entity &cprevented $player &cfrom exploring the depths!","$entity &czabránil $player &cprozkoumat hlubiny!"
"elite_guardian.name","&fLvl &2$level &fElite &3Guardian","&fLvl &2$level &fElite &3Strážce"
"elite_hoglin.deathMessages[0]","$player &cmessed with the $entity &cand got the horns!","$player &czahrával si s $entity &ca schytal rohy!"
"elite_hoglin.deathMessages[1]","$entity &cgot $player's &cbacon!","$entity &cdostal $player's &cslaninu!"
"elite_hoglin.name","&fLvl &2$level &fElite &dHoglin","&fÚr. &2$level &fElitní &dHoglin"
"elite_husk.deathMessages[0]","$player &cwas hollowed out by $entity&c!","$player &cbyl vydlabán od $entity&c!"
"elite_husk.name","&fLvl &2$level &fElite &7Husk","&fÚr. &2$level &fElitní &7Husk"
"elite_illusioner.deathMessages[0]","$player&c fell for $entity's &cillusions!","$player&c naletěl iluzím $entity!"
"elite_illusioner.name","&fLvl &2$level &fElite &8Illusioner","&fLvl &2$level &fElite &8Iluzionista"
"elite_iron_golem.deathMessages[0]","$player &cmessed with the wrong $entity&c!","$player &csi začal s nesprávným $entity&c!"
"elite_iron_golem.deathMessages[1]","$player &chas been taught the way of fist by $entity&c!","$player &cse od $entity&c naučil cestu pěsti!"
"elite_iron_golem.name","&fLvl &2$level &fElite &fIron Golem","&fLvl &2$level &fElite &fŽelezný golem"
"elite_killer_bunny.deathMessages[0]","$entity &cmade $player &cgo live in a farm upstate!","$entity &cposlal $player &cna farmu za městem!"
"elite_killer_bunny.deathMessages[1]","$entity &ceducated $player using a stick and not a carrot!","$entity &cvzdělával $player holí místo mrkve!"
"elite_killer_bunny.name","&fLvl &2$level &fElite &cKiller Rabbit","&fLvl &2$level &fElite &cZabijácký králík"
"elite_llama.deathMessages[0]","$player &cwas spit on by $entity&c!","$player &cbyl oplivnut od $entity&c!"
"elite_llama.deathMessages[1]","$player &cwas made $entity&c angry!","$player &cnaštval $entity&c!"
"elite_llama.name","&fLvl &2$level &fElite &5Llama","&fLvl &2$level &fElite &5Lama"
"elite_lucky_ticket.lore[0]","&2Doubles the chance of successfully","&2Zdvojnásobuje šanci na úspěšné"
"elite_lucky_ticket.lore[1]","&2enchanting an item!","&2očarování předmětu!"
"elite_lucky_ticket.name","&6Elite Lucky Ticket","&6Elite Šťastný tiket"
"elite_magma_cube.deathMessages[0]","$player was incinerated by $entity&f!","$player byl zpopelněn od $entity&f!"
"elite_magma_cube.deathMessages[1]","$player got too close to $entity&f!","$player se dostal příliš blízko k $entity&f!"
"elite_magma_cube.name","&2Lvl &2$level &fElite &6Magma Cube","&2Lvl &2$level &fElite &6Magmová kostka"
"elite_phantom.deathMessages[0]","$player &cjust had a bad nightmare about $entity&c!","$player &cměl zrovna noční můru o $entity&c!"
"elite_phantom.deathMessages[1]","$player &cwill be having nightmares about $entity&c!","$player &cbude mít noční můry o $entity&c!"
"elite_phantom.deathMessages[2]","$entity &chas taught $player &cthe value of sleep!","$entity &cnaučil $player &chodnotě spánku!"
"elite_phantom.name","&fLvl &2$level &fElite &9Phantom","&fLvl &2$level &fElite &9Fantom"
"elite_piglin.deathMessages[0]","$entity &cwill fetch a good price for $player's remains!","$entity &cza ostatky $player's &cdostane dobrou cenu!"
"elite_piglin.deathMessages[1]","$entity &ctaught $player &cthe value of gold!","$entity &cnaučil $player &chodnotě zlata!"
"elite_piglin.name","&fLvl &2$level &fElite &ePiglin","&fÚr. &2$level &fElitní &ePiglin"
"elite_piglin_brute.deathMessages[0]","$entity &ctenderized $player!","$entity &cnaklepal $player!"
"elite_piglin_brute.deathMessages[1]","$entity &cbrutalized $player!","$entity &czmasakroval $player!"
"elite_piglin_brute.name","&fLvl &2$level &fElite &cPiglin Brute","&fÚr. &2$level &fElitní &cPiglin Brute"
"elite_pillager.deathMessages[0]","$entity &cplundered $player&c!","$entity &cvyplenil $player&c!"
"elite_pillager.deathMessages[1]","$entity &cpillaged $player&c!","$entity &cvydrancoval $player&c!"
"elite_pillager.name","&fLvl &2$level &fElite &8Pillager","&fLvl &2$level &fElite &8Nájezdník"
"elite_polar_bear.deathMessages[0]","$player &cwas clawed to death by $entity&c!","$player &cbyl rozdrápán k smrti od $entity&c!"
"elite_polar_bear.deathMessages[1]","$player &cwas mauled to death by $entity&c!","$player &cbyl rozsápán k smrti od $entity&c!"
"elite_polar_bear.name","&fLvl &2$level &fElite &fPolar Bear","&fLvl &2$level &fElite &fLední medvěd"
"elite_ravager.deathMessages[0]","$entity &cshowed $player &cwho's in charge!","$entity &cukázal $player &ckdo tu velí!"
"elite_ravager.name","&fLvl &2$level &fElite &6Ravager","&fLvl &2$level &fElite &6Pustošitel"
"elite_scrap_huge.lore[0]","&fUsed to repair Elite items!","&fPoužívá se k opravě Elite předmětů!"
"elite_scrap_huge.lore[1]","&fFully repairs an item!","&fPlně opraví předmět!"
"elite_scrap_huge.name","&5Huge Elite Scrap","&5Obří Elite šrot"
"elite_scrap_large.lore[0]","&fUsed to repair Elite items!","&fPoužívá se k opravě Elite předmětů!"
"elite_scrap_large.lore[1]","&fRepairs a huge amount!","&fOpraví obrovské množství!"
"elite_scrap_large.name","&9Large Elite Scrap","&9Velký Elite šrot"
"elite_scrap_medium.lore[0]","&fUsed to repair Elite items!","&fPoužívá se k opravě Elite předmětů!"
"elite_scrap_medium.lore[1]","&fRepairs a large amount!","&fOpraví velké množství!"
"elite_scrap_medium.name","&9Medium Elite Scrap","&9Střední Elite šrot"
"elite_scrap_small.lore[0]","&fUsed to repair Elite items!","&fPoužívá se k opravě Elite předmětů!"
"elite_scrap_small.lore[1]","&fRepairs a medium amount!","&fOpraví střední množství!"
"elite_scrap_small.name","&9Small Elite Scrap","&9Malý Elite šrot"
"elite_scrap_tiny.lore[0]","&fUsed to repair Elite items!","&fPoužívá se k opravě Elite předmětů!"
"elite_scrap_tiny.lore[1]","&fRepairs a small amount!","&fOpraví malé množství!"
"elite_scrap_tiny.name","&fTiny Elite Scrap","&fDrobný Elite šrot"
"elite_scroll_menu.cancelButton.lore[0]","&cCancel!","&cCancel!"
"elite_scroll_menu.cancelButton.name","&4Cancel","&4Cancel"
"elite_scroll_menu.confirmButton.name","&2Apply!","&2Apply!"
"elite_scroll_menu.eliteScrollItemInfoButton.lore[0]","&aPut your elite scroll here!","&aPut your elite scroll here!"
"elite_scroll_menu.eliteScrollItemInfoButton.name","&2Elite Scroll Input slot","&2Elite Scroll Input slot"
"elite_scroll_menu.infoButton.lore[0]","&2This menu converts non-elite items into elite items!","&2This menu converts non-elite items into elite items!"
"elite_scroll_menu.infoButton.lore[1]","&2Elite items have elite dps or elite defense which applies","&2Elite items have elite dps or elite defense which applies"
"elite_scroll_menu.infoButton.lore[2]","&2to elite mobs.","&2to elite mobs."
"elite_scroll_menu.infoButton.lore[3]","&2To convert a non-elite item into an elite item, place","&2To convert a non-elite item into an elite item, place"
"elite_scroll_menu.infoButton.lore[4]","&2your non-elite item below, as well as a Elite Scroll!","&2your non-elite item below, as well as a Elite Scroll!"
"elite_scroll_menu.infoButton.name","&2Elite Scroll info:","&2Elite Scroll info:"
"elite_scroll_menu.itemInfoButton.lore[0]","&aPut your non-elite item here!","&aPut your non-elite item here!"
"elite_scroll_menu.itemInfoButton.name","&2Non-Elite Item Input slot","&2Non-Elite Item Input slot"
"elite_scroll_menu.menuName","&6Elite Scroll Menu","&6Elite Menu svitků"
"elite_scroll_menu.outputInfoButton.name","&2Result","&2Výsledek"
"elite_shulker.deathMessages[0]","$entity &cshowed $player &cnew heights!","$entity &cukázal $player &cnové výšky!"
"elite_shulker.name","&fLvl &2$level &fElite &5Shulker","&fÚr. &2$level &fElitní &5Shulker"
"elite_silverfish.deathMessages[0]","$player &cmistook $entity &cfor a stone block!","$player &csi spletl $entity &cse kamenným blokem!"
"elite_silverfish.name","&fLvl &2$level &fElite &7Silverfish","&fLvl &2$level &fElite &7Rybenka"
"elite_skeleton.deathMessages[0]","$player &cbecame $entity's &cpin cushion!","$player &cse stal jehelníčkem $entity!"
"elite_skeleton.deathMessages[1]","$entity &cwanted to see $player's &cbones!","$entity &cchtěl vidět $player's &ckosti!"
"elite_skeleton.name","&fLvl &2$level &fElite &fSkeleton","&fLvl &2$level &fElite &fKostlivec"
"elite_slime.deathMessages[0]","$player was squished by $entity&f!","$player byl rozmáčknut od $entity&f!"
"elite_slime.name","&2Lvl &2$level &fElite &2Slime","&2Lvl &2$level &fElite &2Sliz"
"elite_spider.deathMessages[0]","$player &cbecame entangled in $entity's &cweb!","$player &cse zapletl do pavučiny $entity!"
"elite_spider.deathMessages[1]","$entity &chas devoured $player&c!","$entity &csežral $player&c!"
"elite_spider.name","&fLvl &2$level &fElite &7Spider","&fLvl &2$level &fElite &7Pavouk"
"elite_stray.deathMessages[0]","$player &cwas led astray by $entity&c!","$player &cbyl sveden z cesty od $entity&c!"
"elite_stray.name","&fLvl &2$level &fElite &bStray","&fLvl &2$level &fElite &bTulák"
"elite_vex.deathMessages[0]","$entity &chas vexed $player&c!","$entity &cpotrápil $player&c!"
"elite_vex.name","&fLvl &2$level &fElite &bVex","&fÚr. &2$level &fElitní &bVex"
"elite_vindicator.deathMessages[0]","$entity &cvindicated his fighting skills over $player&c!","$entity &cpotvrdil své bojové schopnosti na $player&c!"
"elite_vindicator.name","&fLvl &2$level &fElite &8Vindicator","&fLvl &2$level &fElite &8Mstitel"
"elite_warden.deathMessages[0]","$entity &csensed $player &cwas nearby!","$entity &cucítil, že je $player &cblízko!"
"elite_warden.name","&fLvl &2$level &fElite &3Warden","&fÚr. &2$level &fElitní &3Warden"
"elite_witch.deathMessages[0]","$player &cbecame $entity's &ctest subject!","$player &cse stal testovacím subjektem $entity!"
"elite_witch.deathMessages[1]","$player &chas been bewitched by $entity&c!","$player &cbyl očarován od $entity&c!"
"elite_witch.name","&fLvl &2$level &fElite &5Witch","&fLvl &2$level &fElite &5Čarodějnice"
"elite_wither.deathMessages[0]","$player &cangered $entity&c!","$player &crozzlobil $entity&c!"
"elite_wither.deathMessages[1]","$player &chas met $entity's &cfury!","$player &cpoznal zuřivost $entity's &c!"
"elite_wither.name","&fLvl &2$level &7Elite &5Wither","&fÚr. &2$level &7Elitní &5Wither"
"elite_wither_skeleton.deathMessages[0]","$entity's &carrows withered away $player&c!","$entity's &cšípy rozložily $player&c!"
"elite_wither_skeleton.deathMessages[1]","$entity's &chas withered $player &caway!","$entity's &cusoužil $player &ck smrti!"
"elite_wither_skeleton.name","&fLvl &2$level &fElite &8Wither Skeleton","&fLvl &2$level &fElite &8Wither kostlivec"
"elite_wolf.deathMessages[0]","$entity tore $player apart!","$entity roztrhal $player na kusy!"
"elite_wolf.deathMessages[1]","$player was torn to shreds by $entity!","$player byl roztrhán na cáry od $entity!"
"elite_wolf.name","[$level] Elite Wolf","[$level] Elite Vlk"
"elite_zoglin.deathMessages[0]","$player &cmessed with the $entity &cand got the horns!","$player &czahrával si s $entity &ca schytal rohy!"
"elite_zoglin.deathMessages[1]","$entity &cgot $player's &cbacon!","$entity &cdostal $player's &cslaninu!"
"elite_zoglin.name","&fLvl &2$level &fElite &dZoglin","&fÚr. &2$level &fElitní &dZoglin"
"elite_zombie.deathMessages[0]","$player &cwas devoured by $entity&c!","$player &cbyl sežrán od $entity&c!"
"elite_zombie.deathMessages[1]","$entity &cgot to $player's &cbrains!","$entity &cdostal se k $player's &cmozku!"
"elite_zombie.name","&fLvl &2$level &fElite &2Zombie","&fÚr. &2$level &fElitní &2Zombie"
"elite_zombified_piglin.deathMessages[0]","$player &cwas mobbed to death by $entity&c!","$player &cbyl umlácen k smrti od $entity&c!"
"elite_zombified_piglin.deathMessages[1]","$entity &cgot $player's &cbacon!","$entity &czískal $player's &cslaninu!"
"elite_zombified_piglin.name","&fLvl &2$level &fElite &6Zombified Piglin","&fÚr. &2$level &fElitní &6Zombifikovaný piglin"
"elitemob_endermite.deathMessages[0]","$entity &cis to $player &cwhat David is to Goliath!","$entity &cje pro $player &ctím, čím je David pro Goliáše!"
"elitemob_endermite.name","&fLvl &2$level &fElite &7Endermite","&fÚr. &2$level &fElitní &7Endermit"
"enchanted.dialog[0]","Enchantment results are\nnot guaranteed!","Výsledky očarování\nnejsou zaručené!"
"enchanted.dialog[1]","Don't complain if it fails!","Nestěžuj si, když to selže!"
"enchanted.dialog[2]","Got an enchanted book?","Máš očarovanou knihu?"
"enchanted.dialog[3]","Higher quality items are\nriskier to enchant!","Předměty vyšší kvality jsou\nrizikovější na očarování!"
"enchanted.farewell[0]","Got what you wanted!","Dostal jsi, co jsi chtěl!"
"enchanted.farewell[1]","How's your karma?","Jaká je tvoje karma?"
"enchanted.farewell[2]","If at first you fail,\ntry and try again!","Když to napoprvé nevyjde,\nzkoušej to znovu a znovu!"
"enchanted.greetings[0]","Need something enchanted?","Potřebuješ něco očarovat?"
"enchanted.greetings[1]","Feeling lucky?","Cítíš se šťastně?"
"enchanted.greetings[2]","Got an item to improve?","Máš předmět ke vylepšení?"
"enchanted.greetings[3]","Got enchanted books?","Máš očarované knihy?"
"enchanted.name","<g:#6A4A7A:#7A5A8A>Eden</g>","<g:#6A4A7A:#7A5A8A>Eden</g>"
"enchanted.role","<g:#5A3A6A:#6A4A7A><Enchanter></g>","<g:#5A3A6A:#6A4A7A><Zaklínač></g>"
"enchanted_book_arrow_damage.lore[0]","&2Used to enchant items at the enchanter!","&2Používá se k očarování předmětů u očarovávače!"
"enchanted_book_arrow_damage.name","&5Elite Power Enchanted Book","&5Elitní očarovaná kniha Síly"
"enchanted_book_arrow_fire.lore[0]","&2Used to enchant items at the enchanter!","&2Používá se k očarování předmětů u očarovávače!"
"enchanted_book_arrow_fire.name","&5Elite Flame Enchanted Book","&5Elitní očarovaná kniha Plamene"
"enchanted_book_arrow_infinite.lore[0]","&2Used to enchant items at the enchanter!","&2Používá se k očarování předmětů u očarovávače!"
"enchanted_book_arrow_infinite.name","&5Elite Infinity Enchanted Book","&5Elitní očarovaná kniha Nekonečna"
"enchanted_book_arrow_knockback.lore[0]","&2Used to enchant items at the enchanter!","&2Používá se k očarování předmětů u očarovávače!"
"enchanted_book_arrow_knockback.name","&5Elite Punch Enchanted Book","&5Elitní očarovaná kniha Odhazování"
"enchanted_book_channeling.lore[0]","&2Used to enchant items at the enchanter!","&2Používá se k očarování předmětů u očarovávače!"
"enchanted_book_channeling.name","&5Elite Channeling Enchanted Book","&5Elitní očarovaná kniha Channeling"
"enchanted_book_critical_strikes.lore[0]","&2Used to enchant items at the enchanter!","&2Používá se k očarování předmětů u očarovávače!"
"enchanted_book_critical_strikes.name","&5Elite Critical Strikes Enchanted Book","&5Elitní očarovaná kniha Kritických zásahů"
"enchanted_book_damage_all.lore[0]","&2Used to enchant items at the enchanter!","&2Používá se k očarování předmětů u očarovávače!"
"enchanted_book_damage_all.name","&5Elite Sharpness Enchanted Book","&5Elitní očarovaná kniha Ostrosti"
"enchanted_book_damage_arthropods.lore[0]","&2Used to enchant items at the enchanter!","&2Používá se k očarování předmětů u očarovávače!"
"enchanted_book_damage_arthropods.name","&5Elite Bane of Arthropods Enchanted Book","&5Elitní očarovaná kniha Zhouby členovců"
"enchanted_book_damage_undead.lore[0]","&2Used to enchant items at the enchanter!","&2Používá se k očarování předmětů u očarovávače!"
"enchanted_book_damage_undead.name","&5Elite Smite Enchanted Book","&5Elitní očarovaná kniha Trestání"
"enchanted_book_depth_strider.lore[0]","&2Used to enchant items at the enchanter!","&2Používá se k očarování předmětů u očarovávače!"
"enchanted_book_depth_strider.name","&5Elite Depth Strider Enchanted Book","&5Elitní očarovaná kniha Chodce po dně"
"enchanted_book_dig_speed.lore[0]","&2Used to enchant items at the enchanter!","&2Používá se k očarování předmětů u očarovávače!"
"enchanted_book_dig_speed.name","&5Elite Efficiency Enchanted Book","&5Elitní očarovaná kniha Efektivity"
"enchanted_book_drilling.lore[0]","&2Used to enchant items at the enchanter!","&2Používá se k očarování předmětů u očarovávače!"
"enchanted_book_drilling.name","&5Elite Drilling Enchanted Book","&5Elitní očarovaná kniha Vrtání"
"enchanted_book_durability.lore[0]","&2Used to enchant items at the enchanter!","&2Používá se k očarování předmětů u očarovávače!"
"enchanted_book_durability.name","&5Elite Unbreaking Enchanted Book","&5Elitní očarovaná kniha Nezlomnosti"
"enchanted_book_earthquake.lore[0]","&2Used to enchant items at the enchanter!","&2Používá se k očarování předmětů u očarovávače!"
"enchanted_book_earthquake.name","&5Elite Earthquake Enchanted Book","&5Elitní očarovaná kniha Zemětřesení"
"enchanted_book_flamethrower.lore[0]","&2Used to enchant items at the enchanter!","&2Používá se k očarování předmětů u očarovávače!"
"enchanted_book_flamethrower.name","&5Elite Flamethrower Enchanted Book","&5Elitní očarovaná kniha Plamenometu"
"enchanted_book_frost_walker.lore[0]","&2Used to enchant items at the enchanter!","&2Používá se k očarování předmětů u očarovávače!"
"enchanted_book_frost_walker.name","&5Elite Frost Walker Enchanted Book","&5Elitní očarovaná kniha Ledového chodce"
"enchanted_book_hunter.lore[0]","&2Used to enchant items at the enchanter!","&2Používá se k očarování předmětů u očarovávače!"
"enchanted_book_hunter.name","&5Elite Hunter Enchanted Book","&5Elitní očarovaná kniha Lovce"
"enchanted_book_ice_breaker.lore[0]","&2Used to enchant items at the enchanter!","&2Používá se k očarování předmětů u očarovávače!"
"enchanted_book_ice_breaker.name","&5Elite Ice Breaker Enchanted Book","&5Elitní očarovaná kniha Lamače ledu"
"enchanted_book_impaling.lore[0]","&2Used to enchant items at the enchanter!","&2Používá se k očarování předmětů u očarovávače!"
"enchanted_book_impaling.name","&5Elite Impaling Enchanted Book","&5Elitní očarovaná kniha Napichování"
"enchanted_book_knockback.lore[0]","&2Used to enchant items at the enchanter!","&2Používá se k očarování předmětů u očarovávače!"
"enchanted_book_knockback.name","&5Elite Knockback Enchanted Book","&5Elitní očarovaná kniha Odhazování"
"enchanted_book_lightning.lore[0]","&2Used to enchant items at the enchanter!","&2Používá se k očarování předmětů u očarovávače!"
"enchanted_book_lightning.name","&5Elite Lightning Enchanted Book","&5Elitní očarovaná kniha Blesku"
"enchanted_book_loot_bonus_blocks.lore[0]","&2Used to enchant items at the enchanter!","&2Používá se k očarování předmětů u očarovávače!"
"enchanted_book_loot_bonus_blocks.name","&5Elite Fortune Enchanted Book","&5Elitní očarovaná kniha Štěstí"
"enchanted_book_loot_bonus_mobs.lore[0]","&2Used to enchant items at the enchanter!","&2Používá se k očarování předmětů u očarovávače!"
"enchanted_book_loot_bonus_mobs.name","&5Elite Looting Enchanted Book","&5Elitní očarovaná kniha Kořisti"
"enchanted_book_loud_strikes.lore[0]","&2Used to enchant items at the enchanter!","&2Používá se k očarování předmětů u očarovávače!"
"enchanted_book_loud_strikes.name","&5Elite Loud Strikes Enchanted Book","&5Elitní očarovaná kniha Hlučných úderů"
"enchanted_book_loyalty.lore[0]","&2Used to enchant items at the enchanter!","&2Používá se k očarování předmětů u očarovávače!"
"enchanted_book_loyalty.name","&5Elite Loyalty Enchanted Book","&5Elitní očarovaná kniha Věrnosti"
"enchanted_book_luck.lore[0]","&2Used to enchant items at the enchanter!","&2Používá se k očarování předmětů u očarovávače!"
"enchanted_book_luck.name","&5Elite Luck of the Sea Enchanted Book","&5Elitní očarovaná kniha Štěstí moře"
"enchanted_book_lure.lore[0]","&2Used to enchant items at the enchanter!","&2Používá se k očarování předmětů u očarovávače!"
"enchanted_book_lure.name","&5Elite Lure Enchanted Book","&5Elitní očarovaná kniha Návnady"
"enchanted_book_mending.lore[0]","&2Used to enchant items at the enchanter!","&2Používá se k očarování předmětů u očarovávače!"
"enchanted_book_mending.name","&5Elite Mending Enchanted Book","&5Elitní očarovaná kniha Opravy"
"enchanted_book_meteor_shower.lore[0]","&2Used to enchant items at the enchanter!","&2Používá se k očarování předmětů u očarovávače!"
"enchanted_book_meteor_shower.name","&5Elite Meteor Shower Enchanted Book","&5Elitní očarovaná kniha Meteorického deště"
"enchanted_book_multishot.lore[0]","&2Used to enchant items at the enchanter!","&2Používá se k očarování předmětů u očarovávače!"
"enchanted_book_multishot.name","&5Elite Multishot Enchanted Book","&5Elitní očarovaná kniha Vícenásobného výstřelu"
"enchanted_book_oxygen.lore[0]","&2Used to enchant items at the enchanter!","&2Používá se k očarování předmětů u očarovávače!"
"enchanted_book_oxygen.name","&5Elite Respiration Enchanted Book","&5Elitní očarovaná kniha Dýchání"
"enchanted_book_piercing.lore[0]","&2Used to enchant items at the enchanter!","&2Používá se k očarování předmětů u očarovávače!"
"enchanted_book_piercing.name","&5Elite Piercing Enchanted Book","&5Elitní očarovaná kniha Proražení"
"enchanted_book_plasma_boots.lore[0]","&2Used to enchant items at the enchanter!","&2Používá se k očarování předmětů u očarovávače!"
"enchanted_book_plasma_boots.name","&5Elite Plasma Boots Enchanted Book","&5Elitní očarovaná kniha Plazmových bot"
"enchanted_book_protection_environmental.lore[0]","&2Used to enchant items at the enchanter!","&2Používá se k očarování předmětů u očarovávače!"
"enchanted_book_protection_environmental.name","&5Elite Protection Enchanted Book","&5Elitní očarovaná kniha Ochrany"
"enchanted_book_protection_explosions.lore[0]","&2Used to enchant items at the enchanter!","&2Používá se k očarování předmětů u očarovávače!"
"enchanted_book_protection_explosions.name","&5Elite Blast Protection Enchanted Book","&5Elitní očarovaná kniha Ochrany proti výbuchu"
"enchanted_book_protection_fall.lore[0]","&2Used to enchant items at the enchanter!","&2Používá se k očarování předmětů u očarovávače!"
"enchanted_book_protection_fall.name","&5Elite Feather Falling Enchanted Book","&5Elitní očarovaná kniha Lehkého pádu"
"enchanted_book_protection_fire.lore[0]","&2Used to enchant items at the enchanter!","&2Používá se k očarování předmětů u očarovávače!"
"enchanted_book_protection_fire.name","&5Elite Fire Protection Enchanted Book","&5Elitní očarovaná kniha Ochrany proti ohni"
"enchanted_book_protection_projectile.lore[0]","&2Used to enchant items at the enchanter!","&2Používá se k očarování předmětů u očarovávače!"
"enchanted_book_protection_projectile.name","&5Elite Projectile Protection Enchanted Book","&5Elitní očarovaná kniha Ochrany proti střelám"
"enchanted_book_quick_charge.lore[0]","&2Used to enchant items at the enchanter!","&2Používá se k očarování předmětů u očarovávače!"
"enchanted_book_quick_charge.name","&5Elite Quick Charge Enchanted Book","&5Elitní očarovaná kniha Rychlého nabití"
"enchanted_book_riptide.lore[0]","&2Used to enchant items at the enchanter!","&2Používá se k očarování předmětů u očarovávače!"
"enchanted_book_riptide.name","&5Elite Riptide Enchanted Book","&5Elitní očarovaná kniha Trhajícího přílivu"
"enchanted_book_silk_touch.lore[0]","&2Used to enchant items at the enchanter!","&2Používá se k očarování předmětů u očarovávače!"
"enchanted_book_silk_touch.name","&5Elite Silk Touch Enchanted Book","&5Elitní očarovaná kniha Hedvábného doteku"
"enchanted_book_soul_speed.lore[0]","&2Used to enchant items at the enchanter!","&2Používá se k očarování předmětů u očarovávače!"
"enchanted_book_soul_speed.name","&5Elite Soul Speed Enchanted Book","&5Elitní očarovaná kniha Rychlosti duší"
"enchanted_book_sweeping_edge.lore[0]","&2Used to enchant items at the enchanter!","&2Používá se k očarování předmětů u očarovávače!"
"enchanted_book_sweeping_edge.name","&5Elite Sweeping Edge Enchanted Book","&5Elitní očarovaná kniha Širokého seku"
"enchanted_book_thorns.lore[0]","&2Used to enchant items at the enchanter!","&2Používá se k očarování předmětů u očarovávače!"
"enchanted_book_thorns.name","&5Elite Thorns Enchanted Book","&5Elitní očarovaná kniha Trnů"
"enchanted_book_water_worker.lore[0]","&2Used to enchant items at the enchanter!","&2Používá se k očarování předmětů u očarovávače!"
"enchanted_book_water_worker.name","&5Elite Aqua Affinity Enchanted Book","&5Elitní očarovaná kniha Vodní afinity"
"enchanted_source.name","Enchanted Source","Očarovaný zdroj"
"enchantment_challenge_10_sanctum.customInfo[0]","&fAn enchantment challenge dungeon!","&fŽalář zaklínací výzvy!"
"enchantment_challenge_10_sanctum.difficulties.0.name","normal","normal"
"enchantment_challenge_10_sanctum.name","&2[lvl 000-200] &fEnchantment Challenge 10","&2[lvl 000-200] &fZaklínací výzva 10"
"enchantment_challenge_10_sanctum.playerInfo","Difficulty: &4solo hard content!","Obtížnost: &4těžký obsah pro sólo hráče!"
"enchantment_challenge_10_sanctum.regionEnterMessage","&bChallenge time!","&bČas na výzvu!"
"enchantment_challenge_10_sanctum.regionLeaveMessage","&bYou have left the enchantment challenge!","&bOpustil jsi zaklínací výzvu!"
"enchantment_challenge_11_sanctum.customInfo[0]","&fAn enchantment challenge dungeon!","&fŽalář zaklínací výzvy!"
"enchantment_challenge_11_sanctum.difficulties.0.name","normal","normal"
"enchantment_challenge_11_sanctum.name","&2[lvl 000-200] &6Enchantment Challenge 11","&2[lvl 000-200] &6Zaklínací výzva 11"
"enchantment_challenge_11_sanctum.playerInfo","Difficulty: &4solo hard content!","Obtížnost: &4těžký obsah pro sólo hráče!"
"enchantment_challenge_11_sanctum.regionEnterMessage","&bChallenge time!","&bČas na výzvu!"
"enchantment_challenge_11_sanctum.regionLeaveMessage","&bYou have left the enchantment challenge!","&bOpustil jsi zaklínací výzvu!"
"enchantment_challenge_12_sanctum.customInfo[0]","&fAn enchantment challenge dungeon!","&fŽalář zaklínací výzvy!"
"enchantment_challenge_12_sanctum.difficulties.0.name","normal","normal"
"enchantment_challenge_12_sanctum.name","&2[lvl 000-200] &6Enchantment Challenge 12","&2[lvl 000-200] &6Zaklínací výzva 12"
"enchantment_challenge_12_sanctum.playerInfo","Difficulty: &4solo hard content!","Obtížnost: &4těžký obsah pro sólo hráče!"
"enchantment_challenge_12_sanctum.regionEnterMessage","&bChallenge time!","&bČas na výzvu!"
"enchantment_challenge_12_sanctum.regionLeaveMessage","&bYou have left the enchantment challenge!","&bOpustil jsi zaklínací výzvu!"
"enchantment_challenge_13_sanctum.customInfo[0]","&fAn enchantment challenge dungeon!","&fŽalář zaklínací výzvy!"
"enchantment_challenge_13_sanctum.difficulties.0.name","normal","normal"
"enchantment_challenge_13_sanctum.name","&2[lvl 000-200] &6Enchantment Challenge 13","&2[lvl 000-200] &6Zaklínací výzva 13"
"enchantment_challenge_13_sanctum.playerInfo","Difficulty: &4solo hard content!","Obtížnost: &4těžký obsah pro sólo hráče!"
"enchantment_challenge_13_sanctum.regionEnterMessage","&bChallenge time!","&bČas na výzvu!"
"enchantment_challenge_13_sanctum.regionLeaveMessage","&bYou have left the enchantment challenge!","&bOpustil jsi zaklínací výzvu!"
"enchantment_challenge_14_sanctum.customInfo[0]","&fAn enchantment challenge dungeon!","&fŽalář zaklínací výzvy!"
"enchantment_challenge_14_sanctum.difficulties.0.name","normal","normal"
"enchantment_challenge_14_sanctum.name","&2[lvl 000-200] &6Enchantment Challenge 14","&2[lvl 000-200] &6Zaklínací výzva 14"
"enchantment_challenge_14_sanctum.playerInfo","Difficulty: &4solo hard content!","Obtížnost: &4těžký obsah pro sólo hráče!"
"enchantment_challenge_14_sanctum.regionEnterMessage","&bChallenge time!","&bČas na výzvu!"
"enchantment_challenge_14_sanctum.regionLeaveMessage","&bYou have left the enchantment challenge!","&bOpustil jsi zaklínací výzvu!"
"enchantment_challenge_15_sanctum.customInfo[0]","&fAn enchantment challenge dungeon!","&fŽalář zaklínací výzvy!"
"enchantment_challenge_15_sanctum.difficulties.0.name","normal","normal"
"enchantment_challenge_15_sanctum.name","&2[lvl 000-200] &6Enchantment Challenge 15","&2[lvl 000-200] &6Zaklínací výzva 15"
"enchantment_challenge_15_sanctum.playerInfo","Difficulty: &4solo hard content!","Obtížnost: &4těžký obsah pro sólo hráče!"
"enchantment_challenge_15_sanctum.regionEnterMessage","&bChallenge time!","&bČas na výzvu!"
"enchantment_challenge_15_sanctum.regionLeaveMessage","&bYou have left the enchantment challenge!","&bOpustil jsi zaklínací výzvu!"
"enchantment_challenge_16_sanctum.customInfo[0]","&fAn enchantment challenge dungeon!","&fŽalář zaklínací výzvy!"
"enchantment_challenge_16_sanctum.difficulties.0.name","normal","normal"
"enchantment_challenge_16_sanctum.name","&2[lvl 000-200] &6Enchantment Challenge 16","&2[lvl 000-200] &6Zaklínací výzva 16"
"enchantment_challenge_16_sanctum.playerInfo","Difficulty: &4solo hard content!","Obtížnost: &4těžký obsah pro sólo hráče!"
"enchantment_challenge_16_sanctum.regionEnterMessage","&bChallenge time!","&bČas na výzvu!"
"enchantment_challenge_16_sanctum.regionLeaveMessage","&bYou have left the enchantment challenge!","&bOpustil jsi zaklínací výzvu!"
"enchantment_challenge_17_sanctum.customInfo[0]","&fAn enchantment challenge dungeon!","&fŽalář zaklínací výzvy!"
"enchantment_challenge_17_sanctum.difficulties.0.name","normal","normal"
"enchantment_challenge_17_sanctum.name","&2[lvl 000-200] &6Enchantment Challenge 17","&2[lvl 000-200] &6Zaklínací výzva 17"
"enchantment_challenge_17_sanctum.playerInfo","Difficulty: &4solo hard content!","Obtížnost: &4těžký obsah pro sólo hráče!"
"enchantment_challenge_17_sanctum.regionEnterMessage","&bChallenge time!","&bČas na výzvu!"
"enchantment_challenge_17_sanctum.regionLeaveMessage","&bYou have left the enchantment challenge!","&bOpustil jsi zaklínací výzvu!"
"enchantment_challenge_18_sanctum.customInfo[0]","&fAn enchantment challenge dungeon!","&fŽalář zaklínací výzvy!"
"enchantment_challenge_18_sanctum.difficulties.0.name","normal","normal"
"enchantment_challenge_18_sanctum.name","&2[lvl 000-200] &6Enchantment Challenge 18","&2[lvl 000-200] &6Zaklínací výzva 18"
"enchantment_challenge_18_sanctum.playerInfo","Difficulty: &4solo hard content!","Obtížnost: &4těžký obsah pro sólo hráče!"
"enchantment_challenge_18_sanctum.regionEnterMessage","&bChallenge time!","&bČas na výzvu!"
"enchantment_challenge_18_sanctum.regionLeaveMessage","&bYou have left the enchantment challenge!","&bOpustil jsi zaklínací výzvu!"
"enchantment_challenge_19_sanctum.customInfo[0]","&fAn enchantment challenge dungeon!","&fŽalář zaklínací výzvy!"
"enchantment_challenge_19_sanctum.difficulties.0.name","normal","normal"
"enchantment_challenge_19_sanctum.name","&2[lvl 000-200] &6Enchantment Challenge 19","&2[lvl 000-200] &6Zaklínací výzva 19"
"enchantment_challenge_19_sanctum.playerInfo","Difficulty: &4solo hard content!","Obtížnost: &4těžký obsah pro sólo hráče!"
"enchantment_challenge_19_sanctum.regionEnterMessage","&bChallenge time!","&bČas na výzvu!"
"enchantment_challenge_19_sanctum.regionLeaveMessage","&bYou have left the enchantment challenge!","&bOpustil jsi zaklínací výzvu!"
"enchantment_challenge_1_sanctum.customInfo[0]","&fAn enchantment challenge dungeon!","&fŽalář zaklínací výzvy!"
"enchantment_challenge_1_sanctum.difficulties.0.name","normal","normal"
"enchantment_challenge_1_sanctum.name","&2[lvl 000-200] &fEnchantment Challenge 01","&2[lvl 000-200] &fZaklínací výzva 01"
"enchantment_challenge_1_sanctum.playerInfo","Difficulty: &4solo hard content!","Obtížnost: &4těžký obsah pro sólo hráče!"
"enchantment_challenge_1_sanctum.regionEnterMessage","&bChallenge time!","&bČas na výzvu!"
"enchantment_challenge_1_sanctum.regionLeaveMessage","&bYou have left the enchantment challenge!","&bOpustil jsi zaklínací výzvu!"
"enchantment_challenge_20_sanctum.customInfo[0]","&fAn enchantment challenge dungeon!","&fŽalář zaklínací výzvy!"
"enchantment_challenge_20_sanctum.difficulties.0.name","normal","normal"
"enchantment_challenge_20_sanctum.name","&2[lvl 000-200] &6Enchantment Challenge 20","&2[lvl 000-200] &6Zaklínací výzva 20"
"enchantment_challenge_20_sanctum.playerInfo","Difficulty: &4solo hard content!","Obtížnost: &4těžký obsah pro sólo hráče!"
"enchantment_challenge_20_sanctum.regionEnterMessage","&bChallenge time!","&bČas na výzvu!"
"enchantment_challenge_20_sanctum.regionLeaveMessage","&bYou have left the enchantment challenge!","&bOpustil jsi zaklínací výzvu!"
"enchantment_challenge_2_sanctum.customInfo[0]","&fAn enchantment challenge dungeon!","&fŽalář zaklínací výzvy!"
"enchantment_challenge_2_sanctum.difficulties.0.name","normal","normal"
"enchantment_challenge_2_sanctum.name","&2[lvl 000-200] &fEnchantment Challenge 02","&2[lvl 000-200] &fZaklínací výzva 02"
"enchantment_challenge_2_sanctum.playerInfo","Difficulty: &4solo hard content!","Obtížnost: &4těžký obsah pro sólo hráče!"
"enchantment_challenge_2_sanctum.regionEnterMessage","&bChallenge time!","&bČas na výzvu!"
"enchantment_challenge_2_sanctum.regionLeaveMessage","&bYou have left the enchantment challenge!","&bOpustil jsi zaklínací výzvu!"
"enchantment_challenge_3_sanctum.customInfo[0]","&fAn enchantment challenge dungeon!","&fŽalář zaklínací výzvy!"
"enchantment_challenge_3_sanctum.difficulties.0.name","normal","normal"
"enchantment_challenge_3_sanctum.name","&2[lvl 000-200] &fEnchantment Challenge 03","&2[lvl 000-200] &fZaklínací výzva 03"
"enchantment_challenge_3_sanctum.playerInfo","Difficulty: &4solo hard content!","Obtížnost: &4těžký obsah pro sólo hráče!"
"enchantment_challenge_3_sanctum.regionEnterMessage","&bChallenge time!","&bČas na výzvu!"
"enchantment_challenge_3_sanctum.regionLeaveMessage","&bYou have left the enchantment challenge!","&bOpustil jsi zaklínací výzvu!"
"enchantment_challenge_4_sanctum.customInfo[0]","&fAn enchantment challenge dungeon!","&fŽalář zaklínací výzvy!"
"enchantment_challenge_4_sanctum.difficulties.0.name","normal","normal"
"enchantment_challenge_4_sanctum.name","&2[lvl 000-200] &fEnchantment Challenge 04","&2[lvl 000-200] &fZaklínací výzva 04"
"enchantment_challenge_4_sanctum.playerInfo","Difficulty: &4solo hard content!","Obtížnost: &4těžký obsah pro sólo hráče!"
"enchantment_challenge_4_sanctum.regionEnterMessage","&bChallenge time!","&bČas na výzvu!"
"enchantment_challenge_4_sanctum.regionLeaveMessage","&bYou have left the enchantment challenge!","&bOpustil jsi zaklínací výzvu!"
"enchantment_challenge_5_sanctum.customInfo[0]","&fAn enchantment challenge dungeon!","&fŽalář zaklínací výzvy!"
"enchantment_challenge_5_sanctum.difficulties.0.name","normal","normal"
"enchantment_challenge_5_sanctum.name","&2[lvl 000-200] &fEnchantment Challenge 05","&2[lvl 000-200] &fZaklínací výzva 05"
"enchantment_challenge_5_sanctum.playerInfo","Difficulty: &4solo hard content!","Obtížnost: &4těžký obsah pro sólo hráče!"
"enchantment_challenge_5_sanctum.regionEnterMessage","&bChallenge time!","&bČas na výzvu!"
"enchantment_challenge_5_sanctum.regionLeaveMessage","&bYou have left the enchantment challenge!","&bOpustil jsi zaklínací výzvu!"
"enchantment_challenge_6_sanctum.customInfo[0]","&fAn enchantment challenge dungeon!","&fŽalář zaklínací výzvy!"
"enchantment_challenge_6_sanctum.difficulties.0.name","normal","normal"
"enchantment_challenge_6_sanctum.name","&2[lvl 000-200] &fEnchantment Challenge 06","&2[lvl 000-200] &fZaklínací výzva 06"
"enchantment_challenge_6_sanctum.playerInfo","Difficulty: &4solo hard content!","Obtížnost: &4těžký obsah pro sólo hráče!"
"enchantment_challenge_6_sanctum.regionEnterMessage","&bChallenge time!","&bČas na výzvu!"
"enchantment_challenge_6_sanctum.regionLeaveMessage","&bYou have left the enchantment challenge!","&bOpustil jsi zaklínací výzvu!"
"enchantment_challenge_7_sanctum.customInfo[0]","&fAn enchantment challenge dungeon!","&fŽalář zaklínací výzvy!"
"enchantment_challenge_7_sanctum.difficulties.0.name","normal","normal"
"enchantment_challenge_7_sanctum.name","&2[lvl 000-200] &fEnchantment Challenge 07","&2[lvl 000-200] &fZaklínací výzva 07"
"enchantment_challenge_7_sanctum.playerInfo","Difficulty: &4solo hard content!","Obtížnost: &4těžký obsah pro sólo hráče!"
"enchantment_challenge_7_sanctum.regionEnterMessage","&bChallenge time!","&bČas na výzvu!"
"enchantment_challenge_7_sanctum.regionLeaveMessage","&bYou have left the enchantment challenge!","&bOpustil jsi zaklínací výzvu!"
"enchantment_challenge_8_sanctum.customInfo[0]","&fAn enchantment challenge dungeon!","&fŽalář zaklínací výzvy!"
"enchantment_challenge_8_sanctum.difficulties.0.name","normal","normal"
"enchantment_challenge_8_sanctum.name","&2[lvl 000-200] &fEnchantment Challenge 08","&2[lvl 000-200] &fZaklínací výzva 08"
"enchantment_challenge_8_sanctum.playerInfo","Difficulty: &4solo hard content!","Obtížnost: &4těžký obsah pro sólo hráče!"
"enchantment_challenge_8_sanctum.regionEnterMessage","&bChallenge time!","&bČas na výzvu!"
"enchantment_challenge_8_sanctum.regionLeaveMessage","&bYou have left the enchantment challenge!","&bOpustil jsi zaklínací výzvu!"
"enchantment_challenge_9_sanctum.customInfo[0]","&fAn enchantment challenge dungeon!","&fŽalář zaklínací výzvy!"
"enchantment_challenge_9_sanctum.difficulties.0.name","normal","normal"
"enchantment_challenge_9_sanctum.name","&2[lvl 000-200] &fEnchantment Challenge 09","&2[lvl 000-200] &fZaklínací výzva 09"
"enchantment_challenge_9_sanctum.playerInfo","Difficulty: &4solo hard content!","Obtížnost: &4těžký obsah pro sólo hráče!"
"enchantment_challenge_9_sanctum.regionEnterMessage","&bChallenge time!","&bČas na výzvu!"
"enchantment_challenge_9_sanctum.regionLeaveMessage","&bYou have left the enchantment challenge!","&bOpustil jsi zaklínací výzvu!"
"feather_falling.name","Feather Falling","Pírka"
"fire_aspect.name","Fire Aspect","Ohnivý aspekt"
"fire_protection.name","Fire Protection","Ochrana proti ohni"
"fire_resistance.name","Fire Resistance","Odolnost vůči ohni"
"firefly_charm.lore[0]","&aLight up the night!","&aRozsviť noc!"
"firefly_charm.name","&bFirefly Charm","&bAmulet světlušky"
"fireworks_lair.customInfo[0]","&fThe 2021 4th of July map!","&fMapa 4. července 2021!"
"fireworks_lair.customInfo[1]","&6Credits: MagmaGuy","&6Zásluhy: MagmaGuy"
"fireworks_lair.difficulties.0.name","normal","normal"
"fireworks_lair.difficulties.1.name","hard","hard"
"fireworks_lair.difficulties.2.name","mythic","mythic"
"fireworks_lair.name","&2[Dynamic] &aThe Fireworks","&2[Dynamic] &aOhňostroje"
"fireworks_lair.playerInfo","Difficulty: &cHard
$bossCount level $lowestTier Big Boss!
&6An encounter full of explosions!","Obtížnost: &cTěžká
$bossCount úroveň $lowestTier Velký Boss!
&6Střet plný výbuchů!"
"fireworks_lair.regionEnterMessage","&8[EM] &eWelcome to the fireworks show!","&8[EM] &eVítej na ohňostrojové show!"
"fireworks_lair.regionLeaveMessage","&8[EM] &eYou've left the party!","&8[EM] &eOpustil jsi oslavu!"
"fireworks_teleporter.greetings[0]","",""
"fireworks_teleporter.name","<g:#AA7A40:#BA8A50>Pyrotechnician Pete</g>","<g:#AA7A40:#BA8A50>Pyrotechnik Pete</g>"
"fireworks_teleporter.role","<g:#9A6A30:#AA7A40><Fireworks></g>","<g:#9A6A30:#AA7A40><Fireworks></g>"
"fishy_charm.lore[0]","&aThere's just something not","&aNa tomhle je prostě něco"
"fishy_charm.lore[1]","&aquite right with this one...","&aco úplně nesedí..."
"fishy_charm.name","&bFishy Charm","&bRybí amulet"
"flame.name","Flame","Plamen"
"flamethrower.name","Flamethrower","Plamenomet"
"fletcher.dialog[0]","My arrows fly true.","Mé šípy létají přesně."
"fletcher.dialog[1]","Tipped arrows for the discerning archer.","Šípy s hrotem pro náročného lučištníka."
"fletcher.dialog[2]","Spectral arrows to mark your prey.","Spektrální šípy k označení tvé kořisti."
"fletcher.farewell[0]","May your aim be true!","Ať je tvá muška přesná!"
"fletcher.farewell[1]","Happy hunting!","Úspěšný lov!"
"fletcher.farewell[2]","Don't shoot your eye out!","Nevystřel si oko!"
"fletcher.farewell[3]","One shot, one kill.","Jeden výstřel, jeden zásah."
"fletcher.greetings[0]","Looking for arrows?","Hledáš šípy?"
"fletcher.greetings[1]","I've got the sharpest arrows in town!","Mám nejostřejší šípy ve městě!"
"fletcher.greetings[2]","Need ammunition?","Potřebuješ munici?"
"fletcher.greetings[3]","An arrow can be worth more than a sword in the right hands.","V těch správných rukou může mít šíp větší cenu než meč."
"fletcher.name","<g:#5A7A4A:#6A8A5A>Robin</g>","<g:#5A7A4A:#6A8A5A>Robin</g>"
"fletcher.role","<g:#4A6A3A:#5A7A4A><Fletcher></g>","<g:#4A6A3A:#5A7A4A><Fletnar></g>"
"fortune.name","Fortune","Štěstí"
"free_enchantment_challenges.customInfo[0]","All free enchantment challenges!","Všechny bezplatné výzvy očarování!"
"free_enchantment_challenges.name","&2Free Enchantment Challenges","&2Bezplatné výzvy očarování"
"free_goblins_event_pack.customInfo[0]","Unleash annoying little goblins all across your server!","Unleash annoying little goblins all across your server!"
"free_goblins_event_pack.name","&2Free Goblins Events Pack","&2Free Goblins Events Pack"
"free_story_mode_dungeon_meta_pack.customInfo[0]","The perfect set of story dungeons","Dokonalá sada příběhových žalářů"
"free_story_mode_dungeon_meta_pack.customInfo[1]","for players new to EliteMobs!","pro hráče nové v EliteMobs!"
"free_story_mode_dungeon_meta_pack.name","&2[010-055] Story Mode Dungeons: Chapter One!","&2[010-055] Žaláře příběhového režimu: Kapitola první!"
"frost_palace_sanctum.customInfo[0]","&fA 7 phase fight against","&f7fázový souboj proti"
"frost_palace_sanctum.customInfo[1]","the queen of ice!","královně ledu!"
"frost_palace_sanctum.customInfo[2]","&6Credits: MagmaGuy, Delio","&6Zásluhy: MagmaGuy, Delio"
"frost_palace_sanctum.difficulties.0.name","normal","normal"
"frost_palace_sanctum.difficulties.1.name","hard","hard"
"frost_palace_sanctum.difficulties.2.name","mythic","mythic"
"frost_palace_sanctum.name","&2[Dynamic] &3The Frost Palace","&2[Dynamický] &3Mrazivý palác"
"frost_palace_sanctum.playerInfo","&aDynamic Sanctum
$bossCount boss encounters
&bA 7 phase fight against
&bthe queen of ice!","Obtížnost: &4náročný obsah pro 5 hráčů!"
"frost_palace_sanctum.regionEnterMessage","&bYou are stepping into the Frost Palace! Stay frosty!","&bVstupuješ do Mrazivého paláce! Zůstaň ledově klidný!"
"frost_palace_sanctum.regionLeaveMessage","&bYou have left the Frost Palace!","&bOpustil jsi Mrazivý palác!"
"frost_queen_teleporter.greetings[0]","",""
"frost_queen_teleporter.name","<g:#8AB8C8:#A0D0E0>Ishard the Frostbitten</g>","<g:#8AB8C8:#A0D0E0>Ishard Omrzlý</g>"
"frost_queen_teleporter.role","<g:#6A98A8:#8AB8C8><Frost Palace></g>","<g:#6A98A8:#8AB8C8><Frost Palace></g>"
"frost_walker.name","Frost Walker","Ledový krok"
"gambling_den_owner.dialog[0]","My dealers are the best in the realm!","Moji dealeři jsou nejlepší v celé říši!"
"gambling_den_owner.dialog[1]","Blackjack, slots, cards... take your pick!","Blackjack, automaty, karty... vyber si!"
"gambling_den_owner.dialog[2]","Don't worry about debt, we're... flexible.","S dluhy si nedělej starosti, jsme... flexibilní."
"gambling_den_owner.dialog[3]","The odds are fair, I promise!","Šance jsou férové, slibuji!"
"gambling_den_owner.farewell[0]","Come back soon, I enjoy your... patronage.","Vrať se brzy, užívám si tvou... přízeň."
"gambling_den_owner.farewell[1]","May luck be on your side! Or not...","Ať stojí štěstí na tvé straně! Nebo ne..."
"gambling_den_owner.farewell[2]","The tables will be waiting!","Stoly budou čekat!"
"gambling_den_owner.farewell[3]","Remember: you can't win if you don't play!","Pamatuj: nevyhraješ, když nebudeš hrát!"
"gambling_den_owner.greetings[0]","Welcome to my humble establishment!","Vítej v mém skromném podniku!"
"gambling_den_owner.greetings[1]","The house always wins, they say...","Říká se, že dům vždy vyhrává..."
"gambling_den_owner.greetings[2]","Care to test your luck today?","Chceš dnes vyzkoušet své štěstí?"
"gambling_den_owner.greetings[3]","Fortune favors the bold!","Štěstí přeje odvážným!"
"gambling_den_owner.name","<g:#9A7A40:#AA8A50>The Baron</g>","<g:#9A7A40:#AA8A50>The Baron</g>"
"gambling_den_owner.role","<g:#8A6A30:#9A7A40><Gambling Den Owner></g>","<g:#8A6A30:#9A7A40><Majitel herny></g>"
"get_loot_menu.infoButton.lore[0]","&8Support the plugins you enjoy!","&8Support the plugins you enjoy!"
"get_loot_menu.infoButton.name","&4&lEliteMobs &cby &4&lMagmaGuy","&4&lEliteMobs &cby &4&lMagmaGuy"
"get_loot_menu.itemFilterTranslation","Filter by items of this level.","Filtrovat podle předmětů této úrovně."
"get_loot_menu.leftButton.lore[0]","",""
"get_loot_menu.leftButton.name","Previous Item Ranks","Previous Item Ranks"
"get_loot_menu.menuName","[EM] Getloot menu","[EM] Nabídka kořisti"
"get_loot_menu.nextLoot.lore[0]","",""
"get_loot_menu.nextLoot.name","Next Loot Page","Next Loot Page"
"get_loot_menu.previousLoot.lore[0]","",""
"get_loot_menu.previousLoot.name","Previous Loot Page","Previous Loot Page"
"get_loot_menu.rightButton.lore[0]","",""
"get_loot_menu.rightButton.name","Next Item Ranks","Next Item Ranks"
"get_loot_menu.tierTranslation","Level","Úroveň"
"glowing.name","Glowing","Svítící"
"grappling_arrow.lore[0]","&eFire at a TARGET BLOCK to grapple!","&eVystřel na CÍLOVÝ BLOK a přitáhni se!"
"grappling_arrow.name","&6Grappling Arrow","&6Hákovací šíp"
"grappling_hook.name","Grappling Hook","Hákovací hák"
"guide_0.dialog[0]","Heard about the AG?","Slyšel jsi o AG?"
"guide_0.dialog[1]","Been to the AG?","Byl jsi v AG?"
"guide_0.dialog[2]","Heard of the Adventurer's Guild?","Slyšel jsi o Cechu dobrodruhů?"
"guide_0.dialog[3]","Know about the Adventurer's Guild?","Víš o Cechu dobrodruhů?"
"guide_0.farewell[0]","Come back anytime","Vrať se kdykoli"
"guide_0.farewell[1]","I'll be here if you need me!","Budu tady, kdybys mě potřeboval!"
"guide_0.farewell[2]","I'll be around!","Budu poblíž!"
"guide_0.farewell[3]","See you later!","Uvidíme se později!"
"guide_0.greetings[0]","Heard about the AG?","Slyšel jsi o AG?"
"guide_0.greetings[1]","Been to the AG?","Byl jsi v AG?"
"guide_0.greetings[2]","Heard of the Adventurer's Guild?","Slyšel jsi o Cechu dobrodruhů?"
"guide_0.greetings[3]","Know about the Adventurer's Guild?","Víš o Cechu dobrodruhů?"
"guide_0.name","Dux","Dux"
"guide_0.role","<Guide>","<Průvodce>"
"guide_1.dialog[0]","I know everything about\nthis place!","Vím všechno o\ntomto místě!"
"guide_1.dialog[1]","Want to meet the other members\nof the Adventurer's Guild?","Chceš poznat ostatní členy\nCechu dobrodruhů?"
"guide_1.dialog[2]","Need to learn your way around\nthis place?","Potřebuješ se naučit orientovat\nna tomto místě?"
"guide_1.farewell[0]","Come back anytime","Vrať se kdykoli"
"guide_1.farewell[1]","I'll be here if you need me!","Budu tady, kdybys mě potřeboval!"
"guide_1.farewell[2]","I'll be around!","Budu poblíž!"
"guide_1.farewell[3]","See you later!","Uvidíme se později!"
"guide_1.greetings[0]","Need guidance?","Potřebuješ vedení?"
"guide_1.greetings[1]","Need a hint","Potřebuješ nápovědu"
"guide_1.greetings[2]","Are you lost?","Ztratil ses?"
"guide_1.greetings[3]","Need help?","Potřebuješ pomoc?"
"guide_1.name","Casus","Casus"
"guide_1.role","<Guide>","<Průvodce>"
"guild_attendant.dialog[0]","Check the questboard to\nsee active quests!","Podívej se na nástěnku úkolů,\nať vidíš aktivní úkoly!"
"guild_attendant.dialog[1]","You can talk to me to\nchange your guild rank!","Můžeš se mnou mluvit,\nabys změnil svou cechovní hodnost!"
"guild_attendant.dialog[2]","You can sell items to the\nblacksmith for coins!","Můžeš prodávat předměty\nkováři za mince!"
"guild_attendant.dialog[3]","You can talk to the arena\nmaster to take the arena on!","Můžeš mluvit s mistrem\narény a přijmout výzvu arény!"
"guild_attendant.dialog[4]","You can buy equipment from\nthe blacksmith!","Můžeš si koupit vybavení\nod kováře!"
"guild_attendant.dialog[5]","You can talk to the combat\nmaster to check your combat level!","Můžeš mluvit s mistrem\nboje a zkontrolovat svou bojovou úroveň!"
"guild_attendant.dialog[6]","Unlocking new guid tiers\nincreases your maximum health!","Odemknutí nových cechovních úrovní\nzvyšuje tvé maximální zdraví!"
"guild_attendant.farewell[0]","See you soon!","Brzy na viděnou!"
"guild_attendant.farewell[1]","Thanks for stopping by!","Díky, že ses zastavil!"
"guild_attendant.farewell[2]","Happy hunting!","Úspěšný lov!"
"guild_attendant.greetings[0]","Welcome to the\nAdventurer's Guild!","Vítej v\nCechu dobrodruhů!"
"guild_attendant.greetings[1]","Welcome!","Vítej!"
"guild_attendant.name","<g:#A89040:#B8A050>Gillian</g>","<g:#A89040:#B8A050>Gillian</g>"
"guild_attendant.role","<g:#988030:#A89040><Guild Attendant></g>","<g:#988030:#A89040><Asistent cechu></g>"
"hallosseum_lair.customInfo[0]","&fThe 2020 spooky halloween encounter!","&fStrašidelné halloweenské setkání 2020!"
"hallosseum_lair.customInfo[1]","&6Credits: MagmaGuy & 69OzCanOfBepis","&6Autoři: MagmaGuy & 69OzCanOfBepis"
"hallosseum_lair.difficulties.0.name","normal","normal"
"hallosseum_lair.difficulties.1.name","hard","hard"
"hallosseum_lair.difficulties.2.name","mythic","mythic"
"hallosseum_lair.name","&2[Dynamic] &cThe Hallosseum","&2[Dynamic] &cHallosseum"
"hallosseum_lair.playerInfo","Difficulty: &chard
$bossCount level $lowestTier Big Boss!
&6A fun Halloween challenge!","Obtížnost: &ctěžká
$bossCount Boss úrovně $lowestTier!
&6Zábavná halloweenská výzva!"
"hallosseum_lair.regionEnterMessage","&8[EM] &4Trick or treat! &8Your soul is mine!","&8[EM] &4Koledu, nebo ti něco provedu! &8Tvoje duše je má!"
"hallosseum_lair.regionLeaveMessage","&8[EM] &4You've escaped with your soul intact.","&8[EM] &4Utekl jsi s neporušenou duší."
"hallosseum_teleporter.greetings[0]","",""
"hallosseum_teleporter.name","<g:#9A5A30:#AA6A40>Haunted Harbinger</g>","<g:#9A5A30:#AA6A40>Pronásledovaný věštec</g>"
"hallosseum_teleporter.role","<g:#8A4A20:#9A5A30><Hallosseum></g>","<g:#8A4A20:#9A5A30><Hallosseum></g>"
"hallowed_haunt_teleporter.greetings[0]","",""
"hallowed_haunt_teleporter.name","<g:#9A8AAA:#AA9ABA>Alaric Greystone</g>","<g:#9A8AAA:#AA9ABA>Alaric Greystone</g>"
"hallowed_haunt_teleporter.role","<g:#8A7A9A:#9A8AAA><Hallowed Haunt></g>","<g:#8A7A9A:#9A8AAA><Hallowed Haunt></g>"
"haste.name","Haste","Spěch"
"health_boost.name","Health Boost","Posílení zdraví"
"hoes_death_mark.description[0]","&7Mark enemies for death.","&7Označ nepřátele k smrti."
"hoes_death_mark.description[1]","&7Marked targets take bonus damage.","&7Označené cíle dostávají bonusové poškození."
"hoes_death_mark.formattedBonusTemplate","+$damageBonus% vs Marked","+$damageBonus% proti Označeným"
"hoes_death_mark.loreTemplates[0]","&7Chance: &f$procChance%","&7Šance: &f$procChance%"
"hoes_death_mark.loreTemplates[1]","&7Mark Damage: &f+$damageBonus%","&7Poškození značky: &f+$damageBonus%"
"hoes_death_mark.loreTemplates[2]","&7Duration: &f15 seconds","&7Trvání: &f15 sekund"
"hoes_death_mark.loreTemplates[3]","&7Marked enemies glow","&7Označení nepřátelé září"
"hoes_death_mark.name","&8Death Mark","&8Značka smrti"
"hoes_deaths_embrace.description[0]","&7Cheat death once and","&7Jednou ošálíš smrt a"
"hoes_deaths_embrace.description[1]","&7revive with 20% health. 60s CD.","&7oživneš s 20% zdraví. 60s CD."
"hoes_deaths_embrace.formattedBonusTemplate","+$passiveBonus% Damage & Death Prevention","+$passiveBonus% Poškození a zabránění smrti"
"hoes_deaths_embrace.loreTemplates[0]","&7Prevents fatal damage","&7Zabrání smrtícímu poškození"
"hoes_deaths_embrace.loreTemplates[1]","&7Heals to: &f$healPercent% HP","&7Vyléčí na: &f$healPercent% HP"
"hoes_deaths_embrace.loreTemplates[2]","&7Passive Bonus: &f+$passiveBonus% damage","&7Pasivní bonus: &f+$passiveBonus% poškození"
"hoes_deaths_embrace.loreTemplates[3]","&7Cooldown: &f$cooldown seconds","&7Obnovení: &f$cooldown sekund"
"hoes_deaths_embrace.name","&8Death's Embrace","&8Objetí smrti"
"hoes_grim_reach.description[0]","&7Deal bonus damage and extend","&7Prodloužený dosah útoku"
"hoes_grim_reach.description[1]","&7your scythe attack range.","&7s tvou kosou."
"hoes_grim_reach.formattedBonusTemplate","+$bonusPercent% Damage, +$reachBlocks Blocks Reach","+$bonusPercent% Poškození"
"hoes_grim_reach.loreTemplates[0]","&7Damage Bonus: &f+$bonusPercent%","&7Bonusové poškození: &f+$bonusPercent%"
"hoes_grim_reach.loreTemplates[1]","&7Reach Bonus: &f+$reachBlocks blocks","&7Prodloužený dosah útoku"
"hoes_grim_reach.loreTemplates[2]","&7Always active","&7Vždy aktivní"
"hoes_grim_reach.name","&7Grim Reach","&7Temný dosah"
"hoes_harvester.description[0]","&7Deal more damage and earn","&7Zvýšené množství Kořisti"
"hoes_harvester.description[1]","&7up to 20% more Elite Coins.","&7z poražených nepřátel."
"hoes_harvester.formattedBonusTemplate","+$damagePercent% Damage, +$lootPercent% Elite Coins","+$damagePercent% Poškození a Kořist"
"hoes_harvester.loreTemplates[0]","&7Damage Bonus: &f+$damagePercent%","&7Bonusové poškození: &f+$damagePercent%"
"hoes_harvester.loreTemplates[1]","&7Elite Coin Bonus: &f+$lootPercent%","&7Kvalita Kořisti: &f+$lootPercent%"
"hoes_harvester.loreTemplates[2]","&7Passive harvest benefits","&7Pasivní výhody sklizně"
"hoes_harvester.name","&aHarvester","&aSklízeč"
"hoes_reap_what_you_sow.description[0]","&7Deal more damage when","&7Způsobuješ více poškození, když"
"hoes_reap_what_you_sow.description[1]","&7your health is low.","&7máš málo zdraví."
"hoes_reap_what_you_sow.formattedBonusTemplate","+$bonusPercent% at Low HP","+$bonusPercent% při nízkém HP"
"hoes_reap_what_you_sow.loreTemplates[0]","&7Base Bonus: &f+$bonusPercent%","&7Základní bonus: &f+$bonusPercent%"
"hoes_reap_what_you_sow.loreTemplates[1]","&7Max Bonus: &f+$maxBonus% (at 0% HP)","&7Max bonus: &f+$maxBonus% (při 0% HP)"
"hoes_reap_what_you_sow.loreTemplates[2]","&7Condition: Below 50% health","&7Podmínka: Pod 50% zdraví"
"hoes_reap_what_you_sow.loreTemplates[3]","&7Risk equals reward","&7Riziko se rovná odměně"
"hoes_reap_what_you_sow.name","&6Reap What You Sow","&6Sklidíš, co zaseješ"
"hoes_reapers_harvest.description[0]","&7Massive damage to enemies","&7Obrovské poškození nepřátelům"
"hoes_reapers_harvest.description[1]","&7below 25% health.","&7pod 25% zdraví."
"hoes_reapers_harvest.formattedBonusTemplate","+$bonusPercent% Damage vs Targets Below 25% HP","+$bonusPercent% Popravčí poškození"
"hoes_reapers_harvest.loreTemplates[0]","&7Bonus Damage: &f+$bonusPercent%","&7Bonusové poškození: &f+$bonusPercent%"
"hoes_reapers_harvest.loreTemplates[1]","&7Condition: Target below 25% HP","&7Podmínka: Cíl pod 25% HP"
"hoes_reapers_harvest.loreTemplates[2]","&7Execute weakened foes","&7Poprav oslabené nepřátele"
"hoes_reapers_harvest.name","&4Reaper's Harvest","&4Žencova sklizeň"
"hoes_scythe_sweep.description[0]","&7Chance to sweep attack","&7Šance na rozmáchlý útok"
"hoes_scythe_sweep.description[1]","&7all nearby enemies.","&7všechny blízké nepřátele."
"hoes_scythe_sweep.formattedBonusTemplate","$sweepPercent% AoE Sweep","$sweepPercent% Plošný rozmáchlý útok"
"hoes_scythe_sweep.loreTemplates[0]","&7Chance: &f$procChance%","&7Šance: &f$procChance%"
"hoes_scythe_sweep.loreTemplates[1]","&7Sweep Damage: &f$sweepPercent% of hit","&7Poškození rozmachem: &f$sweepPercent% zásahu"
"hoes_scythe_sweep.loreTemplates[2]","&7Radius: &f$radius blocks","&7Poloměr: &f$radius bloků"
"hoes_scythe_sweep.loreTemplates[3]","&7AoE cleave attack","&7Plošný sečný útok"
"hoes_scythe_sweep.name","&cScythe Sweep","&cRozmach kosou"
"hoes_soul_drain.description[0]","&7Chance to drain health","&7Šance vysát zdraví"
"hoes_soul_drain.description[1]","&7from enemies on hit.","&7z nepřátel při zásahu."
"hoes_soul_drain.formattedBonusTemplate","$drainPercent% Life Drain","$drainPercent% Vysátí života"
"hoes_soul_drain.loreTemplates[0]","&7Chance: &f$procChance%","&7Šance: &f$procChance%"
"hoes_soul_drain.loreTemplates[1]","&7Drain: &f$drainPercent% of damage","&7Vysátí: &f$drainPercent% poškození"
"hoes_soul_drain.loreTemplates[2]","&7Heals you for damage dealt","&7Léčí tě podle způsobeného poškození"
"hoes_soul_drain.name","&5Soul Drain","&5Vysátí duše"
"hoes_soul_siphon.description[0]","&7Kills grant soul stacks.","&7Zabití udělují vrstvy duší."
"hoes_soul_siphon.description[1]","&7Stacks increase damage.","&7Vrstvy zvyšují poškození."
"hoes_soul_siphon.formattedBonusTemplate","+$bonusPerStack% per Soul Stack","+$bonusPerStack% za každou vrstvu duše"
"hoes_soul_siphon.loreTemplates[0]","&7Bonus per Stack: &f+$bonusPerStack%","&7Bonus za vrstvu: &f+$bonusPerStack%"
"hoes_soul_siphon.loreTemplates[1]","&7Max Stacks: &f$maxStacks","&7Max vrstev: &f$maxStacks"
"hoes_soul_siphon.loreTemplates[2]","&7Max Bonus: &f+$maxBonus%","&7Max bonus: &f+$maxBonus%"
"hoes_soul_siphon.loreTemplates[3]","&7Stacks decay after 30s","&7Vrstvy mizí po 30s"
"hoes_soul_siphon.name","&dSoul Siphon","&dSifon duší"
"hoes_spectral_scythe.description[0]","&7Launch a spectral scythe","&7Vystřel spektrální kosu"
"hoes_spectral_scythe.description[1]","&7projectile. 25s CD.","&7jako projektil. 25s CD."
"hoes_spectral_scythe.formattedBonusTemplate","$damagePercent% Projectile Damage","$damagePercent% Poškození projektilu"
"hoes_spectral_scythe.loreTemplates[0]","&7Damage: &f$damagePercent% weapon damage","&7Poškození: &f$damagePercent% poškození zbraně"
"hoes_spectral_scythe.loreTemplates[1]","&7Range: &f$range blocks","&7Dosah: &f$range bloků"
"hoes_spectral_scythe.loreTemplates[2]","&7Cooldown: &f$cooldown seconds","&7Obnovení: &f$cooldown sekund"
"hoes_spectral_scythe.loreTemplates[3]","&7Pierces through enemies","&7Proráží skrz nepřátele"
"hoes_spectral_scythe.name","&bSpectral Scythe","&bSpektrální kosa"
"hunger.name","Hunger","Hlad"
"hunter.name","Hunter","Lovec"
"ice_breaker.name","Ice Breaker","Ledoborec"
"impaling.name","Impaling","Napichování"
"infested.name","Infested","Zamoření"
"infinity.name","Infinity","Nekonečno"
"initialize.accountLinkDisplay","&9&nnightbreak.io/account","&9&nnightbreak.io/account"
"initialize.accountLinkHover","&7Click to open the account token page","&7Klikni pro otevření stránky účtu Nightbreak"
"initialize.contentLinkDisplay","&9&nnightbreak.io/elitemobs","&9&nnightbreak.io/elitemobs"
"initialize.contentLinkHover","&7Click to browse EliteMobs content","&7Klikni pro procházení obsahu EliteMobs"
"initialize.contentOnlyPresetClickConfirm","<g:#DAA520:#F0C040>Content-only installation</g> &7activated!","<g:#DAA520:#F0C040>Instalace pouze obsahu</g> &7aktivována!"
"initialize.contentOnlyPresetClickDiscord","&8Or install manually (less convenient): ","&8Nebo instaluj ručně (méně pohodlné): "
"initialize.contentOnlyPresetClickDownloadAll","<g:#B8860B:#DAA520>Step 2:</g> &7Install & manage content in-game with ","<g:#B8860B:#DAA520>Krok 2:</g> &7Instalujte a spravujte obsah ve hře pomocí "
"initialize.contentOnlyPresetClickDownloadAllSuffix","&7!","&7!"
"initialize.contentOnlyPresetClickNightbreakLogin","<g:#B8860B:#DAA520>Step 1:</g> &7Connect this server: ","<g:#B8860B:#DAA520>Krok 1:</g> &7Propojte svůj účet Nightbreak: "
"initialize.contentOnlyPresetClickSetupGuide","&7Browse all content: ","&7Procházet všechen obsah: "
"initialize.contentOnlyPresetClickWiki","&7Need help? ","&7Potřebuješ pomoc? "
"initialize.contentOnlyPresetLore1","<g:#8B0000:#CC0000>Disables natural elite spawns.</g>","<g:#8B0000:#CC0000>Deaktivuje přirozené spawnování elitních.</g>"
"initialize.contentOnlyPresetLore2","&7Keeps installed content and","&7Zachová nainstalovaný obsah a"
"initialize.contentOnlyPresetLore3","&7the MMORPG progression system.","&7MMORPG systém postupu."
"initialize.contentOnlyPresetLore4","&7Works with &fBetterStructures&7.","&7Funguje s &fBetterStructures&7."
"initialize.contentOnlyPresetLore5","&eClick to select!","&eKlikni pro výběr!"
"initialize.contentOnlyPresetName","<g:#DAA520:#F0C040>Content-Only Preset</g>","<g:#DAA520:#F0C040>Předvolba pouze obsahu</g>"
"initialize.discordLinkDisplay","&9&nDiscord","&9&nDiscord"
"initialize.discordLinkHover","&7Click to join the Discord!","&7Klikni pro připojení na Discord!"
"initialize.emCommandDisplay","&a&n/em","&a&n/em"
"initialize.emCommandHover","&7Click to open the EliteMobs menu","&7Klikni pro otevření menu EliteMobs"
"initialize.emInitializeDisplay","&a&n/em initialize","&a&n/em initialize"
"initialize.emInitializeHover","&7Click to run /em initialize","&7Klikni pro spuštění /em initialize"
"initialize.emLootDisplay","&a&n/em loot","&a&n/em loot"
"initialize.emLootHover","&7Click to vote on loot","&7Klikni pro hlasování o Kořisti"
"initialize.emSetupDisplay","&a&n/em setup","&a&n/em setup"
"initialize.emSetupHover","&7Click to run /em setup","&7Klikni pro spuštění /em setup"
"initialize.infoButtonClickContentBrowse","&7Browse content: ","&7Procházet obsah: "
"initialize.infoButtonClickContentBrowseSuffix"," &8or "," &8nebo "
"initialize.infoButtonClickDiscord","&7Discord: ","&7Discord: "
"initialize.infoButtonClickSetupLink","&7Setup guide: ","&7Návod k nastavení: "
"initialize.infoButtonLore1","&7Click to get setup links and resources.","&7Klikni pro získání odkazů a zdrojů k nastavení."
"initialize.infoButtonLore2","&7Choose a preset below to configure your server.","&7Vyber níže předvolbu pro nastavení svého serveru."
"initialize.infoButtonLore3","&6We recommend the &aRecommended preset&6!","&6Doporučujeme &aDoporučenou předvolbu&6!"
"initialize.infoButtonName","&fWelcome to <g:#228B22:#32CD32>EliteMobs</g>&f, by <g:#CC4400:#DAA520>MagmaGuy</g>&f!","&fVítejte v <g:#228B22:#32CD32>EliteMobs</g>&f, od <g:#CC4400:#DAA520>MagmaGuy</g>&f!"
"initialize.loginDiscord","&7Need help? Reach out on ","&7Potřebuješ pomoc? Ozvi se na "
"initialize.loginDismiss","&8This message will stop appearing after setup.","&8Tato zpráva se po nastavení přestane zobrazovat."
"initialize.loginHeader","&fWelcome to <g:#228B22:#32CD32>EliteMobs</g>&f, by <g:#CC4400:#DAA520>MagmaGuy</g>&f!","&fVítejte v <g:#228B22:#32CD32>EliteMobs</g>&f, od <g:#CC4400:#DAA520>MagmaGuy</g>&f!"
"initialize.loginHelpHint","&7Setup required! Run ","&7Je vyžadováno nastavení! Spusť "
"initialize.loginHelpHintSuffix"," &7to get started."," &7pro začátek."
"initialize.loginLanguagePrefix","&7Language: ","&7Jazyk: "
"initialize.loginWelcome","<g:#2E8B57:#3CB371>Dungeons</g>&7, <g:#CD7F32:#FFD700>events</g>&7, <g:#4A7A9A:#6A9ABA>arenas</g> &7& <g:#7B2FBE:#A855F7>more</g>&7!","<g:#2E8B57:#3CB371>Dungeons</g>&7, <g:#CD7F32:#FFD700>události</g>&7, <g:#4A7A9A:#6A9ABA>arény</g> &7a <g:#7B2FBE:#A855F7>více</g>&7!"
"initialize.nothingPresetClickBetterStructures","&7Content from &fBetterStructures &7will still function normally.","&7Obsah z &fBetterStructures &7bude stále fungovat normálně."
"initialize.nothingPresetClickConfirm","<g:#8B0000:#CC0000>No progression</g> &7mode activated.","<g:#8B0000:#CC0000>Režim bez postupu</g> &7aktivován."
"initialize.nothingPresetClickSetupGuide","&7Need help? ","&7Potřebuješ pomoc? "
"initialize.nothingPresetClickWarning","&c&lWarning: &7Elite spawns, loot, skills, and leveling are all &cdisabled&7. Most EliteMobs features will not work.","&c&lVarování: &7Elite spawny, Kořist, schopnosti a levelování jsou &cvypnuté&7. Většina funkcí EliteMobs nebude fungovat."
"initialize.nothingPresetLore1","&cDisables elite spawns, loot drops,","&cVypne elite spawny a padání Kořisti,"
"initialize.nothingPresetLore2","&cthe skill system, and leveling.","&cdovednostní systém a levelování."
"initialize.nothingPresetLore3","&4&lNot recommended! &cMost features disabled.","&4&lNedoporučeno! &cVětšina funkcí je vypnutá."
"initialize.nothingPresetLore4","&7Works with &fBetterStructures&7.","&7Funguje s &fBetterStructures&7."
"initialize.nothingPresetLore5","&7Click to select.","&7Klikni pro výběr."
"initialize.nothingPresetName","<g:#8B0000:#CC0000>No Progression Preset</g> &8- Not Recommended","<g:#8B0000:#CC0000>Předvolba bez postupu</g> &8- Nedoporučeno"
"initialize.recommendedPresetClickConfirm","<g:#228B22:#32CD32>Recommended installation</g> &7activated!","<g:#228B22:#32CD32>Doporučená instalace</g> &7aktivována!"
"initialize.recommendedPresetClickDiscord","&8Or install manually (less convenient): ","&8Nebo instaluj ručně (méně pohodlné): "
"initialize.recommendedPresetClickDownloadAll","<g:#B8860B:#DAA520>Step 2:</g> &7Install & manage content in-game with ","<g:#B8860B:#DAA520>Krok 2:</g> &7Instalujte a spravujte obsah ve hře pomocí "
"initialize.recommendedPresetClickDownloadAllSuffix","&7!","&7!"
"initialize.recommendedPresetClickNightbreakLogin","<g:#B8860B:#DAA520>Step 1:</g> &7Connect this server: ","<g:#B8860B:#DAA520>Krok 1:</g> &7Propojte svůj účet Nightbreak: "
"initialize.recommendedPresetClickSetupGuide","&7Browse all content: ","&7Procházet všechen obsah: "
"initialize.recommendedPresetClickWiki","&7Need help? ","&7Potřebuješ pomoc? "
"initialize.recommendedPresetLore1","&7Enables all EliteMobs features.","&7Zapíná všechny funkce EliteMobs."
"initialize.recommendedPresetLore2","&7Custom items, MMORPG progression","&7Vlastní předměty, MMORPG postup"
"initialize.recommendedPresetLore3","&7& naturally spawning elites.","&7a přirozeně se spawnující elity."
"initialize.recommendedPresetLore4","&7Works with &fBetterStructures&7.","&7Funguje s &fBetterStructures&7."
"initialize.recommendedPresetLore5","&aClick to select!","&aKlikni pro výběr!"
"initialize.recommendedPresetName","<g:#228B22:#32CD32>Recommended Preset</g> &7- Full Install","<g:#228B22:#32CD32>Doporučená předvolba</g> &7- Plná instalace"
"initialize.separatorLine","<g:#8B0000:#CC4400:#DAA520>▬▬▬▬▬▬▬▬▬▬▬▬▬▬▬▬▬▬▬▬▬▬▬▬▬▬▬▬▬▬▬▬▬▬▬▬▬▬▬▬▬▬▬▬▬▬▬▬▬▬▬▬▬▬▬▬▬▬▬▬▬▬▬▬▬▬▬▬▬▬▬▬▬▬▬▬▬▬▬▬</g>","<g:#8B0000:#CC4400:#DAA520>▬▬▬▬▬▬▬▬▬▬▬▬▬▬▬▬▬▬▬▬▬▬▬▬▬▬▬▬▬▬▬▬▬▬▬▬▬▬▬▬▬▬▬▬▬▬▬▬▬▬▬▬▬▬▬▬▬▬▬▬▬▬▬▬▬▬▬▬▬▬▬▬▬▬▬▬▬▬▬▬</g>"
"initialize.wikiLinkDisplay","&8&nwiki.nightbreak.io","&8&nwiki.nightbreak.io"
"initialize.wikiLinkHover","&7Click to open the setup wiki","&7Klikni pro otevření wiki k nastavení"
"instant_damage.name","Instant Damage","Okamžité poškození"
"instant_health.name","Instant Health","Okamžité zdraví"
"invasion_minidungeon.customInfo[0]","&fThe Halloween Minidungeon!","&fMini-dungeon Halloweenu!"
"invasion_minidungeon.customInfo[1]","&6Credits: MagmaGuy & 69OzCanOfBepis","&6Autoři: MagmaGuy & 69OzCanOfBepis"
"invasion_minidungeon.difficulties.0.name","normal","normal"
"invasion_minidungeon.difficulties.1.name","hard","hard"
"invasion_minidungeon.difficulties.2.name","mythic","mythic"
"invasion_minidungeon.name","&2[Dynamic] &6The Invasion","&2[Dynamic] &6Invaze"
"invasion_minidungeon.playerInfo","Difficulty: &6Medium
$bossCount aliens, from level $lowestTier to $highestTier
&6Don't get abducted!","&fObtížnost: &6Střední
 mimozemšťanů, od úrovně  do 
&6Nenechte se unést!"
"invasion_minidungeon.regionEnterMessage","&8[EM] &7Alien invasion in progress! Defeat the Mothership!","&8[EM] &7Invaze mimozemšťanů probíhá! Porazte mateřskou loď!"
"invasion_minidungeon.regionLeaveMessage","&8[EM] &7You have escaped the alien abductions! No one will ever believe you.","&8[EM] &7Unikli jste mimozemským únosům! Nikdo vám tomu nevěří."
"invasion_teleporter.greetings[0]","",""
"invasion_teleporter.name","<g:#2E8B57:#3CB371>Invasion Scout</g>","<g:#2E8B57:#3CB371>Průzkumník invaze</g>"
"invasion_teleporter.role","<g:#228B22:#6B8E23><Invasion></g>","<g:#228B22:#6B8E23><Invasion></g>"
"invisibility.name","Invisibility","Neviditelnost"
"iron_league_arena.customInfo[0]","&fFace the Iron League Arena!","&fZdolej Arénu Železné ligy!"
"iron_league_arena.name","&2[lvl 050-100] &fThe Iron League Arena","&2[úr. 050-100] &fArény Železné ligy"
"iron_league_arena.playerInfo","Difficulty: &chard
Face 50 waves of the arena, from
level 50 to level 100!","Obtížnost: &cTěžká
Zdolej 50 vln arény, od
úrovně 50 do úrovně 100!"
"iron_league_arena.regionEnterMessage","&fAre you prepared to face the arena?","&fJsi připraven čelit aréně?"
"iron_league_arena.regionLeaveMessage","&fNow leaving the iron league arena!","&fNyní opouštíš arénu Železné ligy!"
"item_enchantment_menu.cancelButton.lore[0]","&cCancel repair!","&cCancel repair!"
"item_enchantment_menu.cancelButton.name","&4Cancel","&4Cancel"
"item_enchantment_menu.confirmButton.lore[0]","&aPrice: $price $currencyName","&aPrice: $price $currencyName"
"item_enchantment_menu.confirmButton.lore[1]","&2Chance of success: $successChance%","&2Chance of success: $successChance%"
"item_enchantment_menu.confirmButton.lore[2]","&cChance of failure: $failureChance%","&cChance of failure: $failureChance%"
"item_enchantment_menu.confirmButton.lore[3]","&6Challenge chance: $challengeChance%","&6Challenge chance: $challengeChance%"
"item_enchantment_menu.confirmButton.lore[4]","&4Chance of critical failure: $criticalFailureChance%","&4Chance of critical failure: $criticalFailureChance%"
"item_enchantment_menu.confirmButton.name","&2Enchant!","&2Enchant!"
"item_enchantment_menu.enchantedBookInfoButton.lore[0]","&aPut your elite enchanted books here!","&aPut your elite enchanted books here!"
"item_enchantment_menu.enchantedBookInfoButton.name","&2Enchanted Book Input slot","&2Enchanted Book Input slot"
"item_enchantment_menu.enchantmentLimitMessage","&c[EliteMobs] Can't enchant item beyond enchantment limit!","&c[EliteMobs] Nelze přečarovat předmět za limit zaklínání!"
"item_enchantment_menu.infoButton.lore[0]","&2This menu can add enchants to your elite items!","&2This menu can add enchants to your elite items!"
"item_enchantment_menu.infoButton.lore[1]","&aIn order to enchant your elite item, add your","&aIn order to enchant your elite item, add your"
"item_enchantment_menu.infoButton.lore[2]","&aelite item and your elite enchanted books!","&aelite item and your elite enchanted books!"
"item_enchantment_menu.infoButton.lore[3]","&6Items that already have a lot of enchantments","&6Items that already have a lot of enchantments"
"item_enchantment_menu.infoButton.lore[4]","&6(high quality items) have a high chance of failing!","&6(high quality items) have a high chance of failing!"
"item_enchantment_menu.infoButton.lore[5]","&8Normal failure makes you fail to enchant the item.","&8Normal failure makes you fail to enchant the item."
"item_enchantment_menu.infoButton.lore[6]","&8Challenge makes you fight a boss for the enchant.","&8Challenge makes you fight a boss for the enchant."
"item_enchantment_menu.infoButton.lore[7]","&8Critical failures make you lose the item!","&8Critical failures make you lose the item!"
"item_enchantment_menu.infoButton.name","&2Enchantment info:","&2Enchantment info:"
"item_enchantment_menu.itemInfoButton.lore[0]","&aPut your elite item here!","&aPut your elite item here!"
"item_enchantment_menu.itemInfoButton.name","&2Elite Item Input slot","&2Elite Item Input slot"
"item_enchantment_menu.luckyTicketInfoButton.lore[0]","&a(Optional) Put your elite lucky tickets here!","&a(Optional) Put your elite lucky tickets here!"
"item_enchantment_menu.luckyTicketInfoButton.lore[1]","&2Increase the odds of the enchantment succeeding","&2Increase the odds of the enchantment succeeding"
"item_enchantment_menu.luckyTicketInfoButton.lore[2]","&2by adding an elite lucky ticket!","&2by adding an elite lucky ticket!"
"item_enchantment_menu.luckyTicketInfoButton.name","&2Elite Lucky Ticket Input slot","&2Elite Lucky Ticket Input slot"
"item_enchantment_menu.menuName","&6Enchantment Menu","&6Nabídka zaklínání"
"item_enchantment_menu.missingItemsMessage","&8[EliteMobs] &cYou must add an elite item and an enchanted book to enchant an item!","&8[EliteMobs] &cPro zaklínání předmětu musíte přidat elitní předmět a zaklínanou knihu!"
"jump_boost.name","Jump Boost","Zesílení skoku"
"knights_castle_lair.customInfo[0]","&fChallenge the knights of the castle!","&fVyzvi rytíře hradu!"
"knights_castle_lair.difficulties.0.name","normal","normal"
"knights_castle_lair.difficulties.1.name","hard","hard"
"knights_castle_lair.difficulties.2.name","mythic","mythic"
"knights_castle_lair.name","&2[Dynamic] &fThe Knight's Castle","&2[Dynamický] &fRytířský hrad"
"knights_castle_lair.playerInfo","Difficulty: &chard
$bossCount level $lowestTier Big Boss!
&6Face an honorable duel!","Obtížnost: &cTěžká
$bossCount boss úrovně $lowestTier!
&6Čelj čestnému souboji!"
"knights_castle_lair.regionEnterMessage","&fAssault the castle!","&fZaútoč na hrad!"
"knights_castle_lair.regionLeaveMessage","&fNow leaving the castle!","&fNyní opouštíš hrad!"
"knights_castle_teleporter.greetings[0]","",""
"knights_castle_teleporter.name","<g:#7A8A9A:#8A9AAA>Castle Keeper</g>","<g:#7A8A9A:#8A9AAA>Správce hradu</g>"
"knights_castle_teleporter.role","<g:#6A7A8A:#7A8A9A><Knight's Castle></g>","<g:#6A7A8A:#7A8A9A><Knight's Castle></g>"
"knockback.name","Knockback","Odmrštění"
"levitation.name","Levitation","Levitace"
"lightning.name","Lightning","Blesk"
"loot_menu.greedListLore1","Click to move to the Need item list!","Klikni pro přesunutí na seznam předmětů Potřeba!"
"loot_menu.greedListLore2","Items in the greed list will only","Předměty v seznamu chamtivosti budou"
"loot_menu.greedListLore3","be rolled for if no one needs them!","házeny jen pokud je nikdo nepotřebuje!"
"loot_menu.greedListTitle","&2Greed Item List","&2Seznam předmětů chamtivosti"
"loot_menu.needListLore1","Click to move to the Greed item list!","Klikni pro přesunutí na seznam chamtivosti!"
"loot_menu.needListLore2","Items in the need list will only","Předměty v seznamu potřeby budou"
"loot_menu.needListLore3","be rolled for people who needed them!","házeny jen pro ty, kteří je potřebují!"
"loot_menu.needListTitle","&2Need Item List","&2Seznam předmětů potřeby"
"loot_menu.nextPageTitle","&6Next loot page","&6Next loot page"
"loot_menu.noGroupLootMessage","&4[EliteMobs] &6You don't currently have any group loot to vote on!","&4[EliteMobs] &6Momentálně nemáš žádnou skupinovou kořist, o které bys hlasoval!"
"loot_menu.pageIndicatorTitle","&8Loot page &f$current&8/&f$total","&8Loot page &f$current&8/&f$total"
"loot_menu.previousPageTitle","&6Previous loot page","&6Previous loot page"
"looting.name","Looting","Loupení"
"loud_strikes.name","Loud Strikes","Hlasité údery"
"loyalty.name","Loyalty","Věrnost"
"luck.name","Luck","Štěstí"
"luck_of_the_sea.name","Luck of the Sea","Mořské štěstí"
"lucky_charms.lore[0]","&aPart of a complete breakfast!","&aSoučást úplné snídaně!"
"lucky_charms.lore[1]","&cNote: Absolutely not a part of","&cPoznámka: Absolutně není součástí"
"lucky_charms.lore[2]","&ca complete breakfast.","&cúplné snídaně."
"lucky_charms.name","<g:#FFD700:#32CD32>Lucky Charms</g>","<g:#FFD700:#32CD32>Šťastné amulety</g>"
"lucky_source.name","Lucky Source","Šťastný zdroj"
"lunge.name","Lunge","Výpad"
"lure.name","Lure","Lákadlo"
"maces_avatar_of_judgment.description[0]","&7Become an avatar of divine wrath.","&7Stát se avatarem božského hněvu."
"maces_avatar_of_judgment.description[1]","&7Massive damage boost for 10s. 90s CD.","&7Masivní posílení poškození na 10s. CD 90s."
"maces_avatar_of_judgment.formattedBonusTemplate","+$damageBoost% for 10s (CD: $cooldowns)","+$damageBoost% na 10s (CD: $cooldowns)"
"maces_avatar_of_judgment.loreTemplates[0]","&7Damage Boost: &f+$damageBoost%","&7Posílení poškození: &f+$damageBoost%"
"maces_avatar_of_judgment.loreTemplates[1]","&7Duration: &f10 seconds","&7Trvání: &f10 sekund"
"maces_avatar_of_judgment.loreTemplates[2]","&7Cooldown: &f$cooldowns","&7Prodleva: &f$cooldowns"
"maces_avatar_of_judgment.name","&e&lAvatar of Judgment","&e&lAvatar soudu"
"maces_concussion.description[0]","&7Chance to daze enemies,","&7Šance omráčit nepřátele,"
"maces_concussion.description[1]","&7reducing their damage output.","&7snížit jejich výstup poškození."
"maces_concussion.formattedBonusTemplate","$procChance% Daze Chance","$procChance% šance omráčení"
"maces_concussion.loreTemplates[0]","&7Proc Chance: &f$procChance%","&7Šance aktivace: &f$procChance%"
"maces_concussion.loreTemplates[1]","&7Duration: &f3 seconds","&7Trvání: &f3 sekundy"
"maces_concussion.loreTemplates[2]","&7Applies Weakness","&7Způsobuje Slabost"
"maces_concussion.name","&eConcussion","&eOtřes mozku"
"maces_consecration.description[0]","&7Create holy ground that","&7Vytvořit posvátnou zem, která"
"maces_consecration.description[1]","&7damages enemies within. 25s CD.","&7poškozuje nepřátele uvnitř. CD 25s."
"maces_consecration.formattedBonusTemplate","$damagePerSecond DPS Zone (CD: $cooldowns)","$damagePerSecond DPS Zóna (CD: $cooldowns)"
"maces_consecration.loreTemplates[0]","&7Damage/Second: &f$damagePerSecond","&7Poškození/Sekunda: &f$damagePerSecond"
"maces_consecration.loreTemplates[1]","&7Radius: &f$radius blocks","&7Poloměr: &f$radius bloků"
"maces_consecration.loreTemplates[2]","&7Duration: &f5 seconds","&7Trvání: &f5 sekund"
"maces_consecration.loreTemplates[3]","&7Cooldown: &f$cooldowns","&7Prodleva: &f$cooldowns"
"maces_consecration.name","&eConsecration","&ePosvěcení"
"maces_crushing_blow.description[0]","&7Chance to land a crushing hit","&7Šance ignorovat nepřátelskou"
"maces_crushing_blow.description[1]","&7that deals bonus damage.","&7zbroj při zásahu."
"maces_crushing_blow.formattedBonusTemplate","$multiplierx Damage (proc)","$armorIgnore% průraz zbroje (proc)"
"maces_crushing_blow.loreTemplates[0]","&7Proc Chance: &f$procChance%","&7Šance aktivace: &f$procChance%"
"maces_crushing_blow.loreTemplates[1]","&7Damage Multiplier: &f$multiplierx","&7Ignorovaná zbroj: &f$armorIgnore%"
"maces_crushing_blow.name","&eCrushing Blow","&eDrtivý úder"
"maces_divine_shield.description[0]","&7When taking fatal damage,","&7Při přijímání smrtelného poškození"
"maces_divine_shield.description[1]","&7become invulnerable briefly. 120s CD.","&7staneš se krátce nezranitelným. CD 120s."
"maces_divine_shield.formattedBonusTemplate","Prevent Death (CD: $cooldowns)","Zabránit smrti (CD: $cooldowns)"
"maces_divine_shield.loreTemplates[0]","&7Prevents death once","&7Jednou zabrání smrti"
"maces_divine_shield.loreTemplates[1]","&7Invulnerable for 2 seconds","&7Nezranitelný po dobu 2 sekund"
"maces_divine_shield.loreTemplates[2]","&7Cooldown: &f$cooldowns","&7Prodleva: &f$cooldowns"
"maces_divine_shield.name","&eDivine Shield","&eBožský štít"
"maces_divine_shield.procMessage","&6&lDivine Shield &esaved you from a fatal blow!","&6&lBožský štít &etě zachránil před smrtelným úderem!"
"maces_hammer_of_wrath.description[0]","&7Deal massive damage to","&7Způsobit masivní poškození"
"maces_hammer_of_wrath.description[1]","&7enemies below 30% health. 30s CD.","&7nepřátelům pod 30% zdraví. CD 30s."
"maces_hammer_of_wrath.formattedBonusTemplate","$damage% vs Low HP (CD: $cooldowns)","$damage% vs nízké zdraví (CD: $cooldowns)"
"maces_hammer_of_wrath.loreTemplates[0]","&7Damage: &f$damage%","&7Poškození: &f$damage%"
"maces_hammer_of_wrath.loreTemplates[1]","&7Threshold: &f<30% HP","&7Práh: &f<30% zdraví"
"maces_hammer_of_wrath.loreTemplates[2]","&7Cooldown: &f$cooldowns","&7Prodleva: &f$cooldowns"
"maces_hammer_of_wrath.name","&eHammer of Wrath","&eKladivo hněvu"
"maces_judgment.description[0]","&7Mark enemies for judgment.","&7Označit nepřátele pro soud."
"maces_judgment.description[1]","&7Marked targets take bonus damage.","&7Označené cíle utrpí bonusové poškození."
"maces_judgment.formattedBonusTemplate","+$damageBonus% vs Judged","+$damageBonus% vs Souzení"
"maces_judgment.loreTemplates[0]","&7Chance: &f$procChance%","&7Šance: &f$procChance%"
"maces_judgment.loreTemplates[1]","&7Judgment Damage: &f+$damageBonus%","&7Poškození soudu: &f+$damageBonus%"
"maces_judgment.loreTemplates[2]","&7Duration: &f10 seconds","&7Trvání: &f10 sekund"
"maces_judgment.loreTemplates[3]","&7Judged enemies glow","&7Souzení nepřátelé svítí"
"maces_judgment.name","&eJudgment","&eSoud"
"maces_righteous_fury.description[0]","&7Build fury stacks on hit,","&7Kumulovat zásoby zuřivosti při zásahu,"
"maces_righteous_fury.description[1]","&7increasing your damage.","&7zvyšovat své poškození."
"maces_righteous_fury.formattedBonusTemplate","+$maxDamage% Max Damage","+$maxDamage% Max. poškození"
"maces_righteous_fury.loreTemplates[0]","&7Max Stacks: &f$maxStacks","&7Max. zásobníků: &f$maxStacks"
"maces_righteous_fury.loreTemplates[1]","&7Damage/Stack: &f+$damagePerStack%","&7Poškození/zásobník: &f+$damagePerStack%"
"maces_righteous_fury.loreTemplates[2]","&7Decay: &f5 seconds","&7Úbytek: &f5 sekund"
"maces_righteous_fury.name","&eRighteous Fury","&eSpravedlivá zuřivost"
"maces_shatter.description[0]","&7Slam the ground, damaging","&7Udeřit o zem, poškozovat"
"maces_shatter.description[1]","&7and slowing nearby enemies. 15s CD.","&7a zpomalovat okolní nepřátele. CD 15s."
"maces_shatter.formattedBonusTemplate","AoE $damage% (CD: $cooldowns)","AoE $damage% (CD: $cooldowns)"
"maces_shatter.loreTemplates[0]","&7Damage: &f$damage% weapon damage","&7Poškození: &f$damage% poškození zbraně"
"maces_shatter.loreTemplates[1]","&7Radius: &f$radius blocks","&7Poloměr: &f$radius bloků"
"maces_shatter.loreTemplates[2]","&7Slow Duration: &f3 seconds","&7Trvání zpomalení: &f3 sekundy"
"maces_shatter.loreTemplates[3]","&7Cooldown: &f$cooldowns","&7Prodleva: &f$cooldowns"
"maces_shatter.name","&eShatter","&eRoztříštění"
"maces_stunning_force.description[0]","&7Increased knockback.","&7Zvýšené odmrštění."
"maces_stunning_force.description[1]","&7Chance to root enemies.","&7Šance ukotvit nepřátele."
"maces_stunning_force.formattedBonusTemplate","$knockback% Knockback, $rootChance% Root","$knockback% odmrštění, $rootChance% ukotvení"
"maces_stunning_force.loreTemplates[0]","&7Knockback: &f$knockback%","&7Odmrštění: &f$knockback%"
"maces_stunning_force.loreTemplates[1]","&7Root Chance: &f$rootChance%","&7Šance ukotvení: &f$rootChance%"
"maces_stunning_force.loreTemplates[2]","&7Root Duration: &f2 seconds","&7Trvání ukotvení: &f2 sekundy"
"maces_stunning_force.name","&eStunning Force","&eOmračující síla"
"magmaguys_toothpick.lore[0]","&aIn nearly mint condition!","&aTéměř v perfektním stavu!"
"magmaguys_toothpick.name","<g:#FF4500:#FF6347>Magmaguy</g>&c's <g:#228B22:#32CD32>Toothpick</g>","<g:#FF4500:#FF6347>Magmaguy</g>&c's <g:#228B22:#32CD32>Párátko</g>"
"mending.name","Mending","Oprava"
"meteor_shower.name","Meteor Shower","Meteorický déšť"
"meteor_shower_scroll.lore[0]","&4Call forth destruction.","&4Přivolej zkázu."
"meteor_shower_scroll.lore[1]","&4Single-use.","&4Jednorázové použití."
"meteor_shower_scroll.name","&7Meteor Shower Scroll","&7Svitek meteorického deště"
"mining_fatigue.name","Mining Fatigue","Únava z těžby"
"multishot.name","Multishot","Mnohonásobný výstřel"
"nausea.name","Nausea","Nevolnost"
"necronomicon_skeleton.name","$reinforcementLevel &7Summoned Skeleton","$reinforcementLevel &7Přivolaná kostra"
"necronomicon_zombie.name","$reinforcementLevel &7Summoned Zombie","$reinforcementLevel &7Přivolaný zombie"
"night_vision.name","Night Vision","Noční vidění"
"north_pole_minidungeon.customInfo[0]","&fThe Christmas minidungeon!","&fVánoční mini-žalář!"
"north_pole_minidungeon.customInfo[1]","&6Credits: MagmaGuy & 69OzCanOfBepis","&6Autoři: MagmaGuy & 69OzCanOfBepis"
"north_pole_minidungeon.difficulties.0.name","normal","normal"
"north_pole_minidungeon.difficulties.1.name","hard","hard"
"north_pole_minidungeon.difficulties.2.name","mythic","mythic"
"north_pole_minidungeon.name","&2[Dynamic] &9The North Pole","&2[Dynamický] &9Severní pól"
"north_pole_minidungeon.playerInfo","Difficulty: &6Medium
$bossCount bosses, from level $lowestTier to $highestTier
&6Christmas in a snow globe!","Obtížnost: &6Střední
$bossCount bossů, od úrovně $lowestTier do $highestTier
&6Vánoce ve sněžítku!"
"north_pole_minidungeon.regionEnterMessage","&8[EM] &7You have reached the North Pole! &fHave you been naughty this year?","&8[EM] &7Dosáhl jsi Severního pólu! &fByl jsi letos zlobivý?"
"north_pole_minidungeon.regionLeaveMessage","&8[EM] &7Come back and visit. &fThere are plenty of sweets and treats for next time!","&8[EM] &7Přijď znovu na návštěvu. &fPro příště je tu spousta sladkostí a dobrot!"
"north_pole_teleporter.greetings[0]","",""
"north_pole_teleporter.name","<g:#8AB8C8:#A0D0E0>Frosty Guide</g>","<g:#8AB8C8:#A0D0E0>Mrazivý průvodce</g>"
"north_pole_teleporter.role","<g:#6A98A8:#8AB8C8><North Pole></g>","<g:#6A98A8:#8AB8C8><North Pole></g>"
"oasis_adventure.customInfo[0]","&fA massive adventure for beginners!","&fMasivní dobrodružství pro začátečníky!"
"oasis_adventure.customInfo[1]","&6Credits: 69OzCanOfBepis","&6Autoři: 69OzCanOfBepis"
"oasis_adventure.name","&2[lvl 020-055] &6The Oasis","&2[úr. 020-055] &6Oáza"
"oasis_adventure.playerInfo","Difficulty: &2Solo-able
$bossCount bosses, from level $lowestTier to $highestTier
&6A big adventure for people who know the ropes!","Obtížnost: &2Solo
$bossCount bossů, od úrovně $lowestTier do $highestTier
&6Velké dobrodružství pro ty, kteří znají zákulisí!"
"oasis_adventure.regionEnterMessage","&8[EM] &6You have arrived at the Oasis!","&8[EM] &6Přibyls do Oázy!"
"oasis_adventure.regionLeaveMessage","&8[EM] &6You have left the Oasis!","&8[EM] &6Opustil jsi Oázu!"
"oasis_meta_pack.customInfo[0]","The tutorial adventure for players","Výuková dobrodružná mise pro hráče"
"oasis_meta_pack.customInfo[1]","new to EliteMobs!","nové v EliteMobs!"
"oasis_meta_pack.name","&2[020-055] The Oasis Adventure!","&2[025-055] Dobrodružství v oáze!"
"oasis_pyramid_sanctum.customInfo[0]","&fThe final dungeon of the Oasis adventure!","&fPoslední žalář dobrodružství v oáze!"
"oasis_pyramid_sanctum.customInfo[1]","&6Credits: 69OzCanOfBepis, Frostcone, MagmaGuy","&6Poděkování: 69OzCanOfBepis, Frostcone, MagmaGuy"
"oasis_pyramid_sanctum.difficulties.0.name","normal","normal"
"oasis_pyramid_sanctum.name","&2[lvl 055] &6The Oasis Pyramid","&2[lvl 055] &6Oázová pyramida"
"oasis_pyramid_sanctum.playerInfo","&aSanctum &7- Level 55
$bossCount boss encounters
&6The final dungeon of the
&6Oasis adventure!","Obtížnost: &4solo těžký obsah!"
"oasis_pyramid_sanctum.regionEnterMessage","&bWelcome to the Pyramid!","&bVítej v Pyramidě!"
"oasis_pyramid_sanctum.regionLeaveMessage","&bYou have left the Pyramid!","&bOpustil jsi Pyramidu!"
"oozing.name","Oozing","Vytékání"
"owl_charm.lore[0]","&aBecome the ultimate nocturnal","&aStaňte se ultimátním nočním"
"owl_charm.lore[1]","&apredator!","&apredátorem!"
"owl_charm.name","&bOwl Charm","&bSovičí půvab"
"piercing.name","Piercing","Průboj"
"pirate_ship_minidungeon.customInfo[0]","&fA fun, challenging minidungeon full of","&fZábavný, náročný minižalář plný"
"pirate_ship_minidungeon.customInfo[1]","&fbosses made for players starting to get good,","&fbossů pro hráče, kteří se začínají zdokonalovat,"
"pirate_ship_minidungeon.customInfo[2]","&fat EliteMobs!","&fv EliteMobs!"
"pirate_ship_minidungeon.customInfo[3]","&6Credits: MagmaGuy, Realm of Lotheridon, Dali, FrostCone","&6Autoři: MagmaGuy, Realm of Lotheridon, Dali, FrostCone"
"pirate_ship_minidungeon.difficulties.0.name","normal","normal"
"pirate_ship_minidungeon.difficulties.1.name","hard","hard"
"pirate_ship_minidungeon.difficulties.2.name","mythic","mythic"
"pirate_ship_minidungeon.name","&2[Dynamic] &6The Pirate Ship","&2[Dynamický] &6Pirátská loď"
"pirate_ship_minidungeon.playerInfo","Difficulty: &6Medium
$bossCount bosses, from level $lowestTier to $highestTier
&6One of the best hunting grounds for&6aspiring adventurers!","Obtížnost: &6Střední
$bossCount bossů, od úrovně $lowestTier do $highestTier
&6Jedno z nejlepších lovišť pro&6začínající dobrodruhy!"
"pirate_ship_minidungeon.regionEnterMessage","&8[EM] &3Yarr, now boarding the Pirate Ship! &bPillage and plunder to yer' hearts content!","&8[EM] &3Yarr, nastupujeme na Pirátskou loď! &bPleňte a rabujte, jak se vám zlíbí!"
"pirate_ship_minidungeon.regionLeaveMessage","&8[EM] &3Player overboard! &bReturn when you've earned your sea-legs ye' landlubber!","&8[EM] &3Hráč přes palubu! &bVraťte se, až si zvyknete na mořské nohy, suchozemče!"
"pirate_ship_teleporter.greetings[0]","",""
"pirate_ship_teleporter.name","<g:#4A7A9A:#5A8AAA>Sea Dog</g>","<g:#4A7A9A:#5A8AAA>Mořský vlk</g>"
"pirate_ship_teleporter.role","<g:#3A6A8A:#4A7A9A><Pirate Ship></g>","<g:#3A6A8A:#4A7A9A><Pirate Ship></g>"
"plasma_boots.name","Plasma Boots","Plazmové boty"
"player_status_screen.backItem.name","&cBack","&cZpět"
"player_status_screen.bossTrackerChestMenuName","<g:#7A1F2B:#C2414A>☠ Boss Tracker</g>","&2EliteMobs Sledování bossů"
"player_status_screen.bossTrackerHover1","Big bosses get displayed here!","Velcí bossové se zobrazují zde!"
"player_status_screen.bossTrackerText0","&m⎯⎯⎯⎯⎯⎯⎯⎯⎯⎯⎯⎯⎯⎯⎯⎯⎯⎯⎯⎯⎯","&m?????????????????????"
"player_status_screen.bossTrackerText1","&4&lBoss Tracker:","&4&lSledovač bossů:"
"player_status_screen.bossTrackerText2","&m⎯⎯⎯⎯⎯⎯⎯⎯⎯⎯⎯⎯⎯⎯⎯⎯⎯⎯⎯⎯⎯","&m?????????????????????"
"player_status_screen.commandsAGItem.lore[0]","&fClick to use!","&fClick to use!"
"player_status_screen.commandsAGItem.lore[1]","&fThe place where you can find","&fThe place where you can find"
"player_status_screen.commandsAGItem.lore[2]","&fNPCs that give quests, buy and","&fNPCs that give quests, buy and"
"player_status_screen.commandsAGItem.lore[3]","&fsell items, give advice and more!","&fsell items, give advice and more!"
"player_status_screen.commandsAGItem.name","&5/ag","&5/ag"
"player_status_screen.commandsChestMenuName","<g:#267A78:#58B8A9>⚡ Quick Actions</g>","&2EliteMobs Příkazy"
"player_status_screen.commandsHover4","CLICK TO USE
The place where you can find
NPCs that give quests, buy and
sell items, give advice and more!","KLIKNĚTE PRO POUŽITÍ
Místo, kde můžete najít
NPC, kteří zadávají úkoly, kupují a
prodávají předměty, radí a více!"
"player_status_screen.commandsHover5","CLICK TO USE
Teleport to the server spawn!","CLICK TO USE
Teleport to the server spawn!"
"player_status_screen.commandsHover6","CLICK TO USE
Shares the item you're holding
on chat!","KLIKNĚTE PRO POUŽITÍ
Sdílí předmět, který držíte,
v chatu!"
"player_status_screen.commandsShareItemItem.lore[0]","&fClick to use!","&fClick to use!"
"player_status_screen.commandsShareItemItem.lore[1]","&fShares the Elite Item you're holding","&fShares the Elite Item you're holding"
"player_status_screen.commandsShareItemItem.lore[2]","&fon chat!","&fon chat!"
"player_status_screen.commandsShareItemItem.name","&5/em shareitem","&5/shareitem"
"player_status_screen.commandsSpawnItem.lore[0]","&fClick to use!","&fClick to use!"
"player_status_screen.commandsSpawnItem.lore[1]","&fTeleports you to the server spawn.","&fTeleports you to the server spawn."
"player_status_screen.commandsSpawnItem.name","&5/em spawntp","&5/em spawntp"
"player_status_screen.commandsText0","&m⎯⎯⎯⎯⎯⎯⎯⎯⎯⎯⎯⎯⎯⎯⎯⎯⎯⎯⎯⎯⎯","&m?????????????????????"
"player_status_screen.commandsText1","&3&lQuick Actions:","&3&lPříkazy:"
"player_status_screen.commandsText2","&m⎯⎯⎯⎯⎯⎯⎯⎯⎯⎯⎯⎯⎯⎯⎯⎯⎯⎯⎯⎯⎯","&m?????????????????????"
"player_status_screen.commandsText4","&5/ag &7- EliteMobs Hub","&5/ag"
"player_status_screen.commandsText5","&5/em spawntp &7- Spawn","&5/em spawntp &7- Spawn"
"player_status_screen.commandsText6","&5/em shareitem &7- Share Item","&5/shareitem"
"player_status_screen.dialog.activeQuestsFormat","You have $amount active quest(s).","Máte $amount aktivní úkol(y)."
"player_status_screen.dialog.backButton","← Back to Menu"," Zpět do nabídky"
"player_status_screen.dialog.gearBootsLabel","Boots","Boots"
"player_status_screen.dialog.gearChestplateLabel","Chestplate","Chestplate"
"player_status_screen.dialog.gearHelmetLabel","Helmet","Helmet"
"player_status_screen.dialog.gearLeggingsLabel","Leggings","Leggings"
"player_status_screen.dialog.gearMainHandLabel","Main Hand","Main Hand"
"player_status_screen.dialog.gearNoSelectedPerksLabel","None selected","None selected"
"player_status_screen.dialog.gearOffHandLabel","Off Hand","Off Hand"
"player_status_screen.dialog.gearSummaryLines[0]","<g:#A63D2F:#E97932>⚔ Equipment Matchup</g>","<g:#A63D2F:#E97932>⚔ Equipment Matchup</g>"
"player_status_screen.dialog.gearSummaryLines[1]","<g:#B8860B:#F0C040>Combat Level</g>: &f$combatLevel","<g:#B8860B:#F0C040>Combat Level</g>: &f$combatLevel"
"player_status_screen.dialog.gearSummaryLines[2]","<g:#A63D2F:#E97932>Held Weapon</g>: &fLv. $weaponLevel &8• &7$weaponSkill: &fLv. $weaponSkillLevel","<g:#A63D2F:#E97932>Held Weapon</g>: &fLv. $weaponLevel &8• &7$weaponSkill: &fLv. $weaponSkillLevel"
"player_status_screen.dialog.gearSummaryLines[3]","<g:#A63D2F:#E97932>Weapon factor vs Lv.</g> &f$referenceLevel: &f×$weaponFactor","<g:#A63D2F:#E97932>Weapon factor vs Lv.</g> &f$referenceLevel: &f×$weaponFactor"
"player_status_screen.dialog.gearSummaryLines[4]","<g:#A04468:#E07A9A>Critical chance</g>: &f$critChance% &8• &7Equipment bonus: &f+$enchantmentBonus%","<g:#A04468:#E07A9A>Critical chance</g>: &f$critChance% &8• &7Equipment bonus: &f+$enchantmentBonus%"
"player_status_screen.dialog.gearSummaryLines[5]","&7Selected weapon perks: &f$weaponPerks","&7Selected weapon perks: &f$weaponPerks"
"player_status_screen.dialog.gearSummaryLines[6]","<g:#355CA8:#5FA9E8>Melee armor</g>: &f$armorLevel &8• &7Armor Skill: &fLv. $armorSkillLevel","<g:#355CA8:#5FA9E8>Melee armor</g>: &f$armorLevel &8• &7Armor Skill: &fLv. $armorSkillLevel"
"player_status_screen.dialog.gearSummaryLines[7]","<g:#355CA8:#5FA9E8>Melee reduction vs Lv.</g> &f$referenceLevel: &f$defenseMatch%","<g:#355CA8:#5FA9E8>Melee reduction vs Lv.</g> &f$referenceLevel: &f$defenseMatch%"
"player_status_screen.dialog.gearSummaryLines[8]","<g:#2E7D4F:#69C56F>Health</g>: &f$health&7/&f$maxHealth","<g:#2E7D4F:#69C56F>Health</g>: &f$health&7/&f$maxHealth"
"player_status_screen.dialog.gearSummaryLines[9]","&7Selected armor perks: &f$armorPerks","&7Selected armor perks: &f$armorPerks"
"player_status_screen.dialog.gearSummaryLines[10]","<g:#B8860B:#F0C040>Threat generated</g>: &f×$threatMultiplier","<g:#B8860B:#F0C040>Threat generated</g>: &f×$threatMultiplier"
"player_status_screen.dialog.gearSummaryLines[11]","&8Equipment matchup only; skills and temporary effects apply in combat.","&8Equipment matchup only; skills and temporary effects apply in combat."
"player_status_screen.dialog.gearUnarmedLabel","Unarmed","Unarmed"
"player_status_screen.dialog.noActiveQuests","No active quests","Žádné aktivní úkoly"
"player_status_screen.dialog.noTrackableBosses","&7No trackable bosses are currently active.","&7No trackable bosses are currently active."
"player_status_screen.dialog.partyCreateButton","<g:#2E7D4F:#69C56F>+ Create a Party</g>","<g:#2E7D4F:#69C56F>+ Create a Party</g>"
"player_status_screen.dialog.partyDescription","&7Team up with as many as four other players. Parties share nearby quest progress, vote on loot, and enter dungeons together.","&7Team up with as many as four other players. Parties share nearby quest progress, vote on loot, and enter dungeons together."
"player_status_screen.dialog.partyInviteButton","<g:#267A78:#58B8A9>✉ Invite a Player</g>","<g:#267A78:#58B8A9>✉ Invite a Player</g>"
"player_status_screen.dialog.partyInviteNoPlayers","&7No available players are online right now.","&7No available players are online right now."
"player_status_screen.dialog.partyInvitePlayerButton","<g:#267A78:#58B8A9>✉ Invite</g> &f$player","<g:#267A78:#58B8A9>✉ Invite</g> &f$player"
"player_status_screen.dialog.partyInvitePlayerTooltip","&7Invite $player to your party.","&7Invite $player to your party."
"player_status_screen.dialog.partyInviteTitle","<g:#A04468:#E07A9A>✉ Invite a Player</g>","<g:#A04468:#E07A9A>✉ Invite a Player</g>"
"player_status_screen.dialog.partyLeaveButton","<g:#7A1F2B:#C2414A>✘ Leave Party</g>","<g:#7A1F2B:#C2414A>✘ Leave Party</g>"
"player_status_screen.dialog.questFallbackFormat","Quest $id","Quest $id"
"player_status_screen.dialog.titleBossTracking","<g:#7A1F2B:#C2414A>☠ Boss Tracker</g>","Sledování bossů"
"player_status_screen.dialog.titleCommands","<g:#267A78:#58B8A9>⚡ Quick Actions</g>","Příkazy"
"player_status_screen.dialog.titleGear","<g:#A63D2F:#E97932>⚔ Combat Gear</g>","Výstroj"
"player_status_screen.dialog.titleParty","<g:#A04468:#E07A9A>♥ Party</g>","<g:#A04468:#E07A9A>♥ Party</g>"
"player_status_screen.dialog.titlePlayerStatus","<g:#8B0000:#CC4400:#DAA520>EliteMobs</g> &7Menu","Nabídka stavu hráče"
"player_status_screen.dialog.titleQuests","<g:#2E7D4F:#69C56F>✉ Quests</g>","Úkoly"
"player_status_screen.dialog.titleSkills","<g:#6D3AA8:#A855F7>⚗ Skills</g>","Dovednosti"
"player_status_screen.dialog.titleStats","<g:#B8860B:#F0C040>★ Adventure Record</g>","Statistiky"
"player_status_screen.dialog.titleTeleports","<g:#355CA8:#5FA9E8>↔ Teleports</g>","Teleporty"
"player_status_screen.gearArmorItem.lore[0]","&7Armor skill: &fLv. $armorSkillLevel","&7Armor skill: &fLv. $armorSkillLevel"
"player_status_screen.gearArmorItem.lore[1]","&7Melee reduction vs Lv. $referenceLevel: &f$defenseMatch%","&7Melee reduction vs Lv. $referenceLevel: &f$defenseMatch%"
"player_status_screen.gearArmorItem.lore[2]","&7Health: &f$health&7/&f$maxHealth","&7Health: &f$health&7/&f$maxHealth"
"player_status_screen.gearArmorItem.lore[3]","",""
"player_status_screen.gearArmorItem.lore[4]","&7Selected armor perks:","&7Selected armor perks:"
"player_status_screen.gearArmorItem.lore[5]","&f$armorPerks","&f$armorPerks"
"player_status_screen.gearArmorItem.name","&x&3&5&5&C&A&8⛨&x&3&8&6&2&A&D &x&3&B&6&8&B&2A&x&3&F&6&E&B&7r&x&4&2&7&4&B&Cm&x&4&5&7&A&C&1o&x&4&8&8&0&C&6r&x&4&C&8&5&C&A &x&4&F&8&B&C&FR&x&5&2&9&1&D&4a&x&5&5&9&7&D&9t&x&5&9&9&D&D&Ei&x&5&C&A&3&E&3n&x&5&F&A&9&E&8g&f: &f$armorLevel","&2Obrana: $defense"
"player_status_screen.gearChestMenuName","<g:#A63D2F:#E97932>⚔ Combat Gear</g>","&2EliteMobs Výstroj"
"player_status_screen.gearDamageItem.lore[0]","&7$weaponSkill skill: &fLv. $weaponSkillLevel","&7$weaponSkill skill: &fLv. $weaponSkillLevel"
"player_status_screen.gearDamageItem.lore[1]","&7Weapon factor vs Lv. $referenceLevel: &f×$weaponFactor","&7Weapon factor vs Lv. $referenceLevel: &f×$weaponFactor"
"player_status_screen.gearDamageItem.lore[2]","&7Critical chance: &f$critChance%","&7Critical chance: &f$critChance%"
"player_status_screen.gearDamageItem.lore[3]","&7Equipment damage bonus: &f+$enchantmentBonus%","&7Equipment damage bonus: &f+$enchantmentBonus%"
"player_status_screen.gearDamageItem.lore[4]","",""
"player_status_screen.gearDamageItem.lore[5]","&7Selected weapon perks:","&7Selected weapon perks:"
"player_status_screen.gearDamageItem.lore[6]","&f$weaponPerks","&f$weaponPerks"
"player_status_screen.gearDamageItem.name","&x&A&6&3&D&2&F⚔&x&A&C&4&2&2&F &x&B&1&4&7&3&0H&x&B&7&4&C&3&0e&x&B&C&5&1&3&0l&x&C&2&5&6&3&0d&x&C&8&5&B&3&1 &x&C&D&6&0&3&1W&x&D&3&6&5&3&1e&x&D&8&6&A&3&1a&x&D&E&6&F&3&2p&x&E&3&7&4&3&2o&x&E&9&7&9&3&2n&f: &fLv. $weaponLevel","&4Poškození: $damage"
"player_status_screen.gearHover10","Weapon: $weaponSkill Lv. $weaponSkillLevel
Gear Lv. $weaponLevel vs Elite Lv. $referenceLevel","{Základní poškození způsobené Elite Mobům}{Snížení poškození od Elite Mobů}"
"player_status_screen.gearHover11","Melee armor rating: $armorLevel
Armor skill: Lv. $armorSkillLevel
Equipment damage bonus: +$enchantmentBonus%","Toto určuje úroveň Elite Mobů,
kteří se spawní poblíž vás.
Bere v úvahu brnění, zbraň v ruce,
tier cechu.
"
"player_status_screen.gearHover12","Selected weapon perks: $weaponPerks
Selected armor perks: $armorPerks","Selected weapon perks: $weaponPerks
Selected armor perks: $armorPerks"
"player_status_screen.gearHover4","$helmet","$helmet"
"player_status_screen.gearHover5","$chestplate","$chestplate"
"player_status_screen.gearHover6","$leggings","$leggings"
"player_status_screen.gearHover7","$boots","$boots"
"player_status_screen.gearHover8","{$mainhand}{$offhand}","{$mainhand}{$offhand}"
"player_status_screen.gearText0","&m⎯⎯⎯⎯⎯⎯⎯⎯⎯⎯⎯⎯⎯⎯⎯⎯⎯⎯⎯⎯⎯","&m?????????????????????"
"player_status_screen.gearText1","&7&lArmor & Weapons:","&7&lBrnění a zbraně:"
"player_status_screen.gearText10","Combat Lv. $combatLevel | Crit $critChance%","{dmg : $damage}    {armr: $armor}"
"player_status_screen.gearText11","Weapon ×$weaponFactor | Melee armor $defenseMatch%","Úroveň hrozby: $threat"
"player_status_screen.gearText12","Threat ×$threatMultiplier | HP $health/$maxHealth","Threat ×$threatMultiplier | HP $health/$maxHealth"
"player_status_screen.gearText2","&m⎯⎯⎯⎯⎯⎯⎯⎯⎯⎯⎯⎯⎯⎯⎯⎯⎯⎯⎯⎯⎯","&m?????????????????????"
"player_status_screen.gearText3","&8&lGear Tiers:","&8&lTiery výstroje:"
"player_status_screen.gearText4","          ☠ - $helmettier","          ? - $helmettier"
"player_status_screen.gearText5","          ▼ - $chestplatetier","           - $chestplatetier"
"player_status_screen.gearText6","          Π - $leggingstier","          ? - $leggingstier"
"player_status_screen.gearText7","          ╯╰ - $bootstier","          ?? - $bootstier"
"player_status_screen.gearText8","{⚔ - $mainhandtier}    {⛨ - $offhandtier}","{? - $mainhandtier}    {? - $offhandtier}"
"player_status_screen.gearThreatItem.lore[0]","&7Progression baseline: &fLv. $combatLevel","&7Progression baseline: &fLv. $combatLevel"
"player_status_screen.gearThreatItem.lore[1]","&7Threat generated: &f×$threatMultiplier","&7Threat generated: &f×$threatMultiplier"
"player_status_screen.gearThreatItem.lore[2]","",""
"player_status_screen.gearThreatItem.lore[3]","&8Natural scaling may also use distance,","&8Natural scaling may also use distance,"
"player_status_screen.gearThreatItem.lore[4]","&8nearby players, party size and randomness.","&8nearby players, party size and randomness."
"player_status_screen.gearThreatItem.name","&x&B&8&8&6&0&B★&x&B&C&8&A&0&F &x&C&1&8&F&1&3C&x&C&5&9&3&1&7o&x&C&9&9&8&1&Bm&x&C&E&9&C&1&Fb&x&D&2&A&1&2&3a&x&D&6&A&5&2&8t&x&D&A&A&A&2&C &x&D&F&A&E&3&0L&x&E&3&B&3&3&4e&x&E&7&B&7&3&8v&x&E&C&B&C&3&Ce&x&F&0&C&0&4&0l&f: &f$combatLevel","&cÚroveň hrozby: $threat"
"player_status_screen.indexBossTrackingItem.lore[0]","Click to go!","Click to go!"
"player_status_screen.indexBossTrackingItem.name","&x&7&A&1&F&2&B☠&x&8&0&2&2&2&D &x&8&5&2&4&3&0B&x&8&B&2&7&3&2o&x&9&0&2&9&3&5s&x&9&6&2&C&3&7s&x&9&B&2&F&3&9 &x&A&1&3&1&3&CT&x&A&6&3&4&3&Er&x&A&C&3&7&4&0a&x&B&1&3&9&4&3c&x&B&7&3&C&4&5k&x&B&C&3&E&4&8e&x&C&2&4&1&4&Ar","&6Sledování bossů"
"player_status_screen.indexChestMenuName","<g:#8B0000:#CC4400:#DAA520>EliteMobs</g> &7Menu","&2EliteMobs Rejstřík"
"player_status_screen.indexCommandsItem.lore[0]","&7Open the Hub, teleport to spawn","&7Open the Hub, teleport to spawn"
"player_status_screen.indexCommandsItem.lore[1]","&7or share your held Elite item.","&7or share your held Elite item."
"player_status_screen.indexCommandsItem.lore[2]","",""
"player_status_screen.indexCommandsItem.lore[3]","&aClick to view!","&aClick to view!"
"player_status_screen.indexCommandsItem.name","&x&2&6&7&A&7&8⚡&x&2&A&7&E&7&C &x&2&D&8&3&7&FQ&x&3&1&8&7&8&3u&x&3&4&8&C&8&6i&x&3&8&9&0&8&Ac&x&3&B&9&5&8&Dk&x&3&F&9&9&9&1 &x&4&3&9&D&9&4A&x&4&6&A&2&9&8c&x&4&A&A&6&9&Bt&x&4&D&A&B&9&Fi&x&5&1&A&F&A&2o&x&5&4&B&4&A&6n&x&5&8&B&8&A&9s","&6Příkazy"
"player_status_screen.indexGearItem.lore[0]","Click to go!","Click to go!"
"player_status_screen.indexGearItem.name","&x&A&6&3&D&2&F⚔&x&A&C&4&2&2&F &x&B&1&4&7&3&0C&x&B&7&4&C&3&0o&x&B&C&5&1&3&0m&x&C&2&5&6&3&0b&x&C&8&5&B&3&1a&x&C&D&6&0&3&1t&x&D&3&6&5&3&1 &x&D&8&6&A&3&1G&x&D&E&6&F&3&2e&x&E&3&7&4&3&2a&x&E&9&7&9&3&2r","&6Výstroj"
"player_status_screen.indexHeaderItem.lore[0]","CLICK TO USE","CLICK TO USE"
"player_status_screen.indexHeaderItem.lore[1]","The place where you can find","The place where you can find"
"player_status_screen.indexHeaderItem.lore[2]","NPCs that give quests, buy and","NPCs that give quests, buy and"
"player_status_screen.indexHeaderItem.lore[3]","sell items, give advice and more!","sell items, give advice and more!"
"player_status_screen.indexHeaderItem.name","&5&l/ag &7- &6EliteMobs Hub","&5&l/ag &7- &6EliteMobs Centrum"
"player_status_screen.indexHovers1","CLICK TO USE
The place where you can find
NPCs that give quests, buy and
sell items, give advice and more!","KLIKNĚTE PRO POUŽITÍ
Místo, kde můžete najít
NPC, kteří zadávají úkoly, kupují a
prodávají předměty, radí a více!"
"player_status_screen.indexHovers10","Click to go!","Klikněte pro přesun!"
"player_status_screen.indexHovers11","Click to go!","Klikněte pro přesun!"
"player_status_screen.indexHovers12","Click to go!","Klikněte pro přesun!"
"player_status_screen.indexHovers13","Create, invite, or leave a party","Create, invite, or leave a party"
"player_status_screen.indexHovers6","Click to go!","Klikněte pro přesun!"
"player_status_screen.indexHovers7","Click to go!","Klikněte pro přesun!"
"player_status_screen.indexHovers8","Click to go!","Klikněte pro přesun!"
"player_status_screen.indexHovers9","Open useful EliteMobs actions","Klikněte pro přesun!"
"player_status_screen.indexPartyItem.lore[0]","&7Create or manage a party","&7Create or manage a party"
"player_status_screen.indexPartyItem.lore[1]","&7and enter dungeons together.","&7and enter dungeons together."
"player_status_screen.indexPartyItem.lore[2]","",""
"player_status_screen.indexPartyItem.lore[3]","&aClick for party controls!","&aClick for party controls!"
"player_status_screen.indexPartyItem.name","&x&A&0&4&4&6&8♥&x&A&B&4&D&7&0 &x&B&5&5&6&7&9P&x&C&0&5&F&8&1a&x&C&B&6&8&8&9r&x&D&5&7&1&9&2t&x&E&0&7&A&9&Ay","&x&A&0&4&4&6&8♥&x&A&B&4&D&7&0 &x&B&5&5&6&7&9P&x&C&0&5&F&8&1a&x&C&B&6&8&8&9r&x&D&5&7&1&9&2t&x&E&0&7&A&9&Ay"
"player_status_screen.indexQuestTrackingItem.lore[0]","Click to go!","Click to go!"
"player_status_screen.indexQuestTrackingItem.name","&x&2&E&7&D&4&F✉&x&3&6&8&7&5&4 &x&3&F&9&2&5&8Q&x&4&7&9&C&5&Du&x&5&0&A&6&6&1e&x&5&8&B&0&6&6s&x&6&1&B&B&6&At&x&6&9&C&5&6&Fs","&6Sledování úkolů"
"player_status_screen.indexSkillsItem.lore[0]","&7View your skill levels","&7View your skill levels"
"player_status_screen.indexSkillsItem.lore[1]","&7and XP progress.","&7and XP progress."
"player_status_screen.indexSkillsItem.lore[2]","",""
"player_status_screen.indexSkillsItem.lore[3]","&aClick to view!","&aClick to view!"
"player_status_screen.indexSkillsItem.name","&x&6&D&3&A&A&8⚗&x&7&5&3&E&B&3 &x&7&E&4&2&B&FS&x&8&6&4&6&C&Ak&x&8&F&4&9&D&5i&x&9&7&4&D&E&0l&x&A&0&5&1&E&Cl&x&A&8&5&5&F&7s","&x&6&D&3&A&A&8⚗&x&7&5&3&E&B&3 &x&7&E&4&2&B&FS&x&8&6&4&6&C&Ak&x&8&F&4&9&D&5i&x&9&7&4&D&E&0l&x&A&0&5&1&E&Cl&x&A&8&5&5&F&7s"
"player_status_screen.indexStatsItem.lore[0]","Click to go!","Click to go!"
"player_status_screen.indexStatsItem.name","&x&B&8&8&6&0&B★&x&B&B&8&9&0&E &x&B&F&8&D&1&1A&x&C&2&9&0&1&4d&x&C&5&9&4&1&7v&x&C&8&9&7&1&Be&x&C&C&9&A&1&En&x&C&F&9&E&2&1t&x&D&2&A&1&2&4u&x&D&6&A&5&2&7r&x&D&9&A&8&2&Ae&x&D&C&A&C&2&D &x&E&0&A&F&3&0R&x&E&3&B&2&3&4e&x&E&6&B&6&3&7c&x&E&9&B&9&3&Ao&x&E&D&B&D&3&Dr&x&F&0&C&0&4&0d","&6Statistiky"
"player_status_screen.indexTeleportsItem.lore[0]","Click to go!","Click to go!"
"player_status_screen.indexTeleportsItem.name","&x&3&5&5&C&A&8↔&x&3&9&6&4&A&E &x&3&D&6&B&B&5T&x&4&2&7&3&B&Be&x&4&6&7&B&C&2l&x&4&A&8&3&C&8e&x&4&E&8&A&C&Ep&x&5&2&9&2&D&5o&x&5&7&9&A&D&Br&x&5&B&A&1&E&2t&x&5&F&A&9&E&8s","&6Teleporty"
"player_status_screen.indexTexts0","&0&m⎯⎯⎯⎯⎯⎯⎯⎯⎯⎯⎯⎯⎯⎯⎯⎯⎯⎯⎯⎯⎯","&0&m?????????????????????"
"player_status_screen.indexTexts1","&5&l/ag &7- &6EliteMobs Hub","&5&l/ag &7- &6EliteMobs Centrum"
"player_status_screen.indexTexts10","&bp. $questsPage &8- <g:#2E7D4F:#69C56F>✉ Quests</g>","&bp. $questsPage &8- &6Sledování úkolů"
"player_status_screen.indexTexts11","&bp. $bossTrackingPage &8- <g:#7A1F2B:#C2414A>☠ Boss Tracker</g>","&bp. $bossTrackingPage &8- &6Sledování bossů"
"player_status_screen.indexTexts12","&bp. $skillsPage &8- <g:#6D3AA8:#A855F7>⚗ Skills</g>","&bp. $skillsPage &8- &6Dovednosti"
"player_status_screen.indexTexts13","<g:#A04468:#E07A9A>♥ Party</g>","<g:#A04468:#E07A9A>♥ Party</g>"
"player_status_screen.indexTexts2","&0&m⎯⎯⎯⎯⎯⎯⎯⎯⎯⎯⎯⎯⎯⎯⎯⎯⎯⎯⎯⎯⎯","&0&m?????????????????????"
"player_status_screen.indexTexts4","&6&lIndex","&6&lRejstřík"
"player_status_screen.indexTexts6","&bp. $statsPage &8- <g:#B8860B:#F0C040>★ Adventure Record</g>","&bp. $statsPage &8- &6Statistiky"
"player_status_screen.indexTexts7","&bp. $gearPage &8- <g:#A63D2F:#E97932>⚔ Combat Gear</g>","&bp. $gearPage &8- &6Výstroj"
"player_status_screen.indexTexts8","&bp. $teleportsPage &8- <g:#355CA8:#5FA9E8>↔ Teleports</g>","&bp. $teleportsPage &8- &6Teleporty"
"player_status_screen.indexTexts9","&bp. $commandsPage &8- <g:#267A78:#58B8A9>⚡ Quick Actions</g>","&bp. $commandsPage &8- &6Příkazy"
"player_status_screen.landingOverviewLines[0]","<g:#B8860B:#F0C040>Coins</g>: &f$money &8• <g:#A63D2F:#E97932>Combat Level</g>: &f$combatLevel","<g:#B8860B:#F0C040>Coins</g>: &f$money &8• <g:#A63D2F:#E97932>Combat Level</g>: &f$combatLevel"
"player_status_screen.landingOverviewLines[1]","<g:#2E7D4F:#69C56F>Active Quests</g>: &f$activeQuests &8• <g:#355CA8:#5FA9E8>Score</g>: &f$score","<g:#2E7D4F:#69C56F>Active Quests</g>: &f$activeQuests &8• <g:#355CA8:#5FA9E8>Score</g>: &f$score"
"player_status_screen.onBossTrackHover","Click to track/untrack!","Klikněte pro sledování/zrušení sledování!"
"player_status_screen.onTeleportsHover","Click to teleport!","Klikněte pro teleportaci!"
"player_status_screen.skillItemDisplayNameFormat","&6&lLevel $level $skillName","&6&lÚroveň $level $skillName"
"player_status_screen.skillItemSelectLore1","&eClick to select passive skills","&eKlikněte pro výběr pasivních dovedností"
"player_status_screen.skillItemSelectLore2","&eand see more details!","&ea zobrazení dalších podrobností!"
"player_status_screen.skillsItemClickLore","&eClick to view!","&eKlikněte pro zobrazení!"
"player_status_screen.skillsItemDisplayName","<g:#6D3AA8:#A855F7>⚗ Skills</g>","&5&lDovednosti"
"player_status_screen.skillsItemLore1","&7View your skill levels","&7Zobrazte své úrovně dovedností"
"player_status_screen.skillsItemLore2","&7and XP progress.","&7a průběh XP."
"player_status_screen.skillsPageHeader","<g:#6D3AA8:#A855F7>⚗ Your Skills</g>","&5&lVaše dovednosti"
"player_status_screen.skillsPageLevelFormat","&6$skillName &7Lv.&e$level","&6$skillName &7Úr.&e$level"
"player_status_screen.skillsPageXpFormat","&8$progressBar &7$currentXp/$nextXp","&8$progressBar &7$currentXp/$nextXp"
"player_status_screen.statsChestMenuName","<g:#B8860B:#F0C040>★ Adventure Record</g>","&2EliteMobs Statistiky"
"player_status_screen.statsCombatLevelItem.lore[0]","&7Calculated from armor and your two","&7Calculated from armor and your two"
"player_status_screen.statsCombatLevelItem.lore[1]","&7strongest weapon skills.","&7strongest weapon skills."
"player_status_screen.statsCombatLevelItem.name","&x&A&6&3&D&2&FC&x&A&C&4&2&2&Fo&x&B&2&4&8&3&0m&x&B&8&4&D&3&0b&x&B&E&5&3&3&0a&x&C&4&5&8&3&0t&x&C&B&5&E&3&1 &x&D&1&6&3&3&1L&x&D&7&6&9&3&1e&x&D&D&6&E&3&1v&x&E&3&7&4&3&2e&x&E&9&7&9&3&2l&f &8• &f$combat","&x&A&6&3&D&2&FC&x&A&C&4&2&2&Fo&x&B&2&4&8&3&0m&x&B&8&4&D&3&0b&x&B&E&5&3&3&0a&x&C&4&5&8&3&0t&x&C&B&5&E&3&1 &x&D&1&6&3&3&1L&x&D&7&6&9&3&1e&x&D&D&6&E&3&1v&x&E&3&7&4&3&2e&x&E&9&7&9&3&2l&f &8• &f$combat"
"player_status_screen.statsDungeonsCompletedItem.lore[0]","&7Counts successful clears only.","&7Counts successful clears only."
"player_status_screen.statsDungeonsCompletedItem.lore[1]","&7Entering or abandoning does not count.","&7Entering or abandoning does not count."
"player_status_screen.statsDungeonsCompletedItem.name","&x&6&D&3&A&A&8D&x&7&1&3&C&A&Du&x&7&5&3&E&B&3n&x&7&9&3&F&B&8g&x&7&D&4&1&B&De&x&8&1&4&3&C&2o&x&8&5&4&5&C&8n&x&8&9&4&7&C&Ds&x&8&C&4&8&D&2 &x&9&0&4&A&D&7C&x&9&4&4&C&D&Dl&x&9&8&4&E&E&2e&x&9&C&5&0&E&7a&x&A&0&5&1&E&Cr&x&A&4&5&3&F&2e&x&A&8&5&5&F&7d&f &8• &f$dungeons","&x&6&D&3&A&A&8D&x&7&1&3&C&A&Du&x&7&5&3&E&B&3n&x&7&9&3&F&B&8g&x&7&D&4&1&B&De&x&8&1&4&3&C&2o&x&8&5&4&5&C&8n&x&8&9&4&7&C&Ds&x&8&C&4&8&D&2 &x&9&0&4&A&D&7C&x&9&4&4&C&D&Dl&x&9&8&4&E&E&2e&x&9&C&5&0&E&7a&x&A&0&5&1&E&Cr&x&A&4&5&3&F&2e&x&A&8&5&5&F&7d&f &8• &f$dungeons"
"player_status_screen.statsEliteKillsItem.lore[0]","&7Confirmed non-exploit Elite Mob kills.","&7Confirmed non-exploit Elite Mob kills."
"player_status_screen.statsEliteKillsItem.name","&x&2&E&7&D&4&FE&x&3&4&8&4&5&2l&x&3&A&8&B&5&5i&x&4&0&9&3&5&9t&x&4&6&9&A&5&Ce&x&4&C&A&1&5&F &x&5&1&A&8&6&2K&x&5&7&A&F&6&5i&x&5&D&B&7&6&9l&x&6&3&B&E&6&Cl&x&6&9&C&5&6&Fs&f &8• &f$kills","&4Zabití Elite: &c$kills"
"player_status_screen.statsHover10","The highest-level Elite Mob you have defeated legitimately.","Počet splněných EliteMobs úkolů.
Úkoly můžete přijímat rozhovorem s NPC!"
"player_status_screen.statsHover11","EliteMobs quests you have fully completed.","EliteMobs quests you have fully completed."
"player_status_screen.statsHover4","Your server-wide position based on Adventure Score.","Zabijejte Elite Moby pro kořist měny nebo
prodávejte jejich dropy v /em shop nebo
plňte úkoly!"
"player_status_screen.statsHover5","Higher-level Elite kills award more score. Elite deaths reduce it.","Higher-level Elite kills award more score. Elite deaths reduce it."
"player_status_screen.statsHover6","Successful dungeon clears. Entering or abandoning a run does not count.","Tier prestiže a Hodnost cechu:
Hodnost cechu určuje kvalitu vaší kořisti, nastavuje bonus z Tieru prestiže a mnoho dalšího. Tier prestiže odemyká extrémně mocné odměny, jako zvýšené max zdraví, šanci uhnutí/kritického zásahu, zvýšené měnové odměny a více! Hodnosti cechu a Tiery prestiže lze odemknout v /ag!
? = hodnost prestiže, ? = hodnost cechu!"
"player_status_screen.statsHover7","Your overall level from armor and your two strongest weapon skills.","Počet zabitých Elite Mobů."
"player_status_screen.statsHover9","Confirmed non-exploit Elite Mob kills.","Počet smrtí od Elite Mobů."
"player_status_screen.statsMaxEliteLevelKilledItem.lore[0]","&7Your highest legitimate Elite Mob kill.","&7Your highest legitimate Elite Mob kill."
"player_status_screen.statsMaxEliteLevelKilledItem.name","&x&2&6&7&A&7&8P&x&2&9&7&E&7&Be&x&2&D&8&2&7&Fa&x&3&0&8&6&8&2k&x&3&3&8&B&8&5 &x&3&7&8&F&8&8E&x&3&A&9&3&8&Cl&x&3&D&9&7&8&Fi&x&4&1&9&B&9&2t&x&4&4&9&F&9&5e&x&4&7&A&3&9&9 &x&4&B&A&7&9&CL&x&4&E&A&C&9&Fe&x&5&1&B&0&A&2v&x&5&5&B&4&A&6e&x&5&8&B&8&A&9l&f &8• &f$maxKill","&4Max. Úroveň zabita: &c$maxKill"
"player_status_screen.statsQuestsCompletedItem.lore[0]","&7EliteMobs quests fully completed.","&7EliteMobs quests fully completed."
"player_status_screen.statsQuestsCompletedItem.name","&x&B&8&8&6&0&BQ&x&B&C&8&A&0&Fu&x&B&F&8&E&1&2e&x&C&3&9&2&1&6s&x&C&7&9&5&1&9t&x&C&B&9&9&1&Ds&x&C&E&9&D&2&0 &x&D&2&A&1&2&4C&x&D&6&A&5&2&7o&x&D&A&A&9&2&Bm&x&D&D&A&D&2&Ep&x&E&1&B&1&3&2l&x&E&5&B&4&3&5e&x&E&9&B&8&3&9t&x&E&C&B&C&3&Ce&x&F&0&C&0&4&0d&f &8• &f$questsCompleted","&5Splněné úkoly: &d$questsCompleted"
"player_status_screen.statsRankItem.lore[0]","&7Competition rank by Adventure Score.","&7Competition rank by Adventure Score."
"player_status_screen.statsRankItem.lore[1]","&7Equal scores share the same rank.","&7Equal scores share the same rank."
"player_status_screen.statsRankItem.name","&x&B&8&8&6&0&B★&x&B&D&8&B&0&F &x&C&1&9&0&1&4S&x&C&6&9&5&1&8e&x&C&B&9&9&1&Dr&x&C&F&9&E&2&1v&x&D&4&A&3&2&6e&x&D&9&A&8&2&Ar&x&D&D&A&D&2&E &x&E&2&B&2&3&3R&x&E&7&B&6&3&7a&x&E&B&B&B&3&Cn&x&F&0&C&0&4&0k&f &8• &f$rank &7/ $ranktotal","&x&B&8&8&6&0&B★&x&B&D&8&B&0&F &x&C&1&9&0&1&4S&x&C&6&9&5&1&8e&x&C&B&9&9&1&Dr&x&C&F&9&E&2&1v&x&D&4&A&3&2&6e&x&D&9&A&8&2&Ar&x&D&D&A&D&2&E &x&E&2&B&2&3&3R&x&E&7&B&6&3&7a&x&E&B&B&B&3&Cn&x&F&0&C&0&4&0k&f &8• &f$rank &7/ $ranktotal"
"player_status_screen.statsRankTotalUnavailableText","?","?"
"player_status_screen.statsRankUnavailableText","Calculating...","Calculating..."
"player_status_screen.statsScoreItem.lore[0]","&7Higher-level Elite kills award more score.","&7Higher-level Elite kills award more score."
"player_status_screen.statsScoreItem.lore[1]","&7Elite deaths reduce it.","&7Elite deaths reduce it."
"player_status_screen.statsScoreItem.name","&x&3&5&5&C&A&8A&x&3&8&6&2&A&Dd&x&3&B&6&7&B&1v&x&3&E&6&D&B&6e&x&4&1&7&2&B&An&x&4&4&7&8&B&Ft&x&4&7&7&D&C&3u&x&4&A&8&3&C&8r&x&4&D&8&8&C&De&x&5&0&8&E&D&1 &x&5&3&9&3&D&6S&x&5&6&9&9&D&Ac&x&5&9&9&E&D&Fo&x&5&C&A&4&E&3r&x&5&F&A&9&E&8e&f &8• &f$score","&3Skóre: &b$score"
"player_status_screen.statsText0","&6&m⎯⎯⎯⎯⎯⎯⎯⎯⎯⎯⎯⎯⎯⎯⎯⎯⎯⎯⎯⎯⎯","&m?????????????????????"
"player_status_screen.statsText1","<g:#B8860B:#F0C040>★ Adventure Record</g>","&5&lStatistiky hráče:"
"player_status_screen.statsText10","<g:#267A78:#58B8A9>Highest Elite Level</g>: &f$highestkill","&5Splněné úkoly: &d$quests"
"player_status_screen.statsText11","<g:#B8860B:#F0C040>Quests Completed</g>: &f$quests","<g:#B8860B:#F0C040>Quests Completed</g>: &f$quests"
"player_status_screen.statsText2","&6&m⎯⎯⎯⎯⎯⎯⎯⎯⎯⎯⎯⎯⎯⎯⎯⎯⎯⎯⎯⎯⎯","&m?????????????????????"
"player_status_screen.statsText4","<g:#B8860B:#F0C040>★ Server Rank</g>: &f$rank &8/ &7$ranktotal","&2Peníze: &a$money"
"player_status_screen.statsText5","<g:#355CA8:#5FA9E8>Adventure Score</g>: &f$score","<g:#355CA8:#5FA9E8>Adventure Score</g>: &f$score"
"player_status_screen.statsText6","<g:#6D3AA8:#A855F7>Dungeons Cleared</g>: &f$dungeons","&6Tier cechu: &3$guildtier"
"player_status_screen.statsText7","<g:#A63D2F:#E97932>Combat Level</g>: &f$combat","&4Zabití Elite: &c$kills"
"player_status_screen.statsText9","<g:#2E7D4F:#69C56F>Elite Kills</g>: &f$kills","&4Smrtí od Elite: &c$deaths"
"player_status_screen.teleportChestMenuName","<g:#355CA8:#5FA9E8>↔ Teleports</g>","&2EliteMobs Teleporty"
"player_status_screen.teleportGuildItem.lore[0]","&7Visit the Adventurer's Guild.","&7Visit the Adventurer's Guild."
"player_status_screen.teleportGuildItem.lore[1]","",""
"player_status_screen.teleportGuildItem.lore[2]","&aClick to teleport!","&aClick to teleport!"
"player_status_screen.teleportGuildItem.name","&6&lEliteMobs Hub","&6&lEliteMobs Hub"
"player_status_screen.teleportHoverV23","Teleport to spawn!","Teleport to spawn!"
"player_status_screen.teleportHoverV24","Teleport to the Adventurer's Guild Hub!","Teleport to the Adventurer's Guild Hub!"
"player_status_screen.teleportSpawnItem.lore[0]","&7Teleport to the server spawn.","&7Teleport to the server spawn."
"player_status_screen.teleportSpawnItem.lore[1]","",""
"player_status_screen.teleportSpawnItem.lore[2]","&aClick to teleport!","&aClick to teleport!"
"player_status_screen.teleportSpawnItem.name","&6&lSpawn","&6&lSpawn"
"player_status_screen.teleportTextV20","&m⎯⎯⎯⎯⎯⎯⎯⎯⎯⎯⎯⎯⎯⎯⎯⎯⎯⎯⎯⎯⎯","&m⎯⎯⎯⎯⎯⎯⎯⎯⎯⎯⎯⎯⎯⎯⎯⎯⎯⎯⎯⎯⎯"
"player_status_screen.teleportTextV21","&2&lTeleports","&2&lTeleports"
"player_status_screen.teleportTextV22","&m⎯⎯⎯⎯⎯⎯⎯⎯⎯⎯⎯⎯⎯⎯⎯⎯⎯⎯⎯⎯⎯","&m⎯⎯⎯⎯⎯⎯⎯⎯⎯⎯⎯⎯⎯⎯⎯⎯⎯⎯⎯⎯⎯"
"player_status_screen.teleportTextV23","&r&0Spawn","&r&0Spawn"
"player_status_screen.teleportTextV24","&r&0&lAdventurer's Hub","&r&0&lAdventurer's Hub"
"poison.name","Poison","Jed"
"power.name","Power","Síla"
"premium_enchantment_challenges.customInfo[0]","All premium enchantment challenges!","Všechny prémiové výzvy očarování!"
"premium_enchantment_challenges.name","&2Premium Enchantment Challenges","&2Prémiové výzvy očarování"
"primis_adventure.customInfo[0]","&fA tutorial adventure for new players!","&fTutoriálové dobrodružství pro nové hráče!"
"primis_adventure.customInfo[1]","&6Credits: 69OzCanOfBepis, MagmaGuy","&6Autoři: 69OzCanOfBepis, MagmaGuy"
"primis_adventure.name","&2[lvl 000-020] &7Primis","&2[lvl 000-020] &7Primis"
"primis_adventure.playerInfo","Difficulty: &2Easy
$bossCount bosses, from level $lowestTier to $highestTier
&6A tutorial adventure for new players!","Obtížnost: &2Snadná
$bossCount bossů, od úrovně $lowestTier do $highestTier
&6Tutoriálové dobrodružství pro nové hráče!"
"primis_adventure.regionEnterMessage","&8[EM] &6Primis awaits, strike the earth!","&8[EM] &6Primis čeká, udeřte do země!"
"primis_adventure.regionLeaveMessage","&8[EM] &6You have left Primis!","&8[EM] &6Opustili jste Primis!"
"primis_blood_temple_sanctum.customInfo[0]","&fThe Fire Elemental awaits!","&fOhnivý element čeká!"
"primis_blood_temple_sanctum.customInfo[1]","&6Credits: Dali_, Frostcone, MagmaGuy","&6Autoři: Dali_, Frostcone, MagmaGuy"
"primis_blood_temple_sanctum.difficulties.0.name","normal","normal"
"primis_blood_temple_sanctum.name","&2[lvl 020] &aPrimis - Blood Temple'","&2[lvl 020] &aPrimis - Chrám krve'"
"primis_blood_temple_sanctum.playerInfo","&aSanctum &7- Level 20
$bossCount boss encounters
&aThe Fire Elemental awaits!","Obtížnost: &4sólo náročný obsah!"
"primis_blood_temple_sanctum.regionEnterMessage","&bWelcome to the Blood Temple!","&bVítejte v Chrámu krve!"
"primis_blood_temple_sanctum.regionLeaveMessage","&bYou have left the Blood Temple!","&bOpustili jste Chrám krve!"
"primis_gladius_invasion_dungeon.customInfo[0]","&fIt is time to take Gladius back!","&fJe čas vzít Gladius zpět!"
"primis_gladius_invasion_dungeon.customInfo[1]","&6Credits: 69OzCanOfBepis, Frostcone, MagmaGuy","&6Autoři: 69OzCanOfBepis, Frostcone, MagmaGuy"
"primis_gladius_invasion_dungeon.difficulties.0.name","normal","normal"
"primis_gladius_invasion_dungeon.difficulties.1.name","hard","hard"
"primis_gladius_invasion_dungeon.difficulties.2.name","mythic","mythic"
"primis_gladius_invasion_dungeon.name","&2[lvl 000-020] &aPrimis - Gladius Invasion","&2[lvl 000-020] &aPrimis - Invaze do Gladia"
"primis_gladius_invasion_dungeon.playerInfo","&aDungeon &7- Levels 1-20
$bossCount boss encounters
&aIt is time to take
&aGladius back!","Obtížnost: &4obtížný solo obsah!"
"primis_gladius_invasion_dungeon.regionEnterMessage","&bWelcome to the Gladius Invasion!","&bVítejte v Invazi do Gladia!"
"primis_gladius_invasion_dungeon.regionLeaveMessage","2&bYou have left the Gladius Invasion!","2&bOpustili jste Invazi do Gladia!"
"primis_meta_pack.customInfo[0]","The tutorial adventure for players","Tutoriálové dobrodružství pro hráče"
"primis_meta_pack.customInfo[1]","new to EliteMobs!","nové pro EliteMobs!"
"primis_meta_pack.name","&2[000-020] The Primis Adventure!","&2[000-020] Dobrodružství Primis!"
"procedural_shop_menu.fullInventoryMessage","&7[EliteMobs] &4Your inventory is full! You can't buy items until you get some free space.","&7[EliteMobs] &4Tvůj inventář je plný! Nemůžeš kupovat předměty, dokud si neuvolníš místo."
"procedural_shop_menu.rerollButton.lore[0]","&8Support the plugins you enjoy!","&8Support the plugins you enjoy!"
"procedural_shop_menu.rerollButton.name","&4&lEliteMobs &cby &4&lMagmaGuy","&4&lEliteMobs &cby &4&lMagmaGuy"
"procedural_shop_menu.shopName","[EM] Procedural Item Shop","[EM] Procedurální obchod s předměty"
"projectile_protection.name","Projectile Protection","Ochrana před střelami"
"protection.name","Protection","Ochrana"
"punch.name","Punch","Úder"
"quest_giver.dialog[0]","Complete guild quests\nfor cool rewards!","Dokončuj cechovní úkoly\npro skvělé odměny!"
"quest_giver.dialog[1]","Higher tier quests have\nbetter rewards!","Úkoly vyšší úrovně mají\nlepší odměny!"
"quest_giver.dialog[2]","Higher tier quests make\nyou hunt higher level mobs!","Úkoly vyšší úrovně tě\nnutí lovit moby vyšší úrovně!"
"quest_giver.dialog[3]","Want a harder challenge?\nIncrease your guild rank!","Chceš těžší výzvu?\nZvyš svou cechovní hodnost!"
"quest_giver.dialog[4]","Make sure you're well equipped\nfor these quests!","Ujisti se, že jsi na tyto úkoly\ndobře vybaven!"
"quest_giver.farewell[0]","Safe travels, friend.","Šťastnou cestu, příteli."
"quest_giver.farewell[1]","Happy hunting!","Úspěšný lov!"
"quest_giver.farewell[2]","Live long and prosper!","Žij dlouho a prosperuj!"
"quest_giver.farewell[3]","Come back with your shield,\n or on it.","Vrať se se svým štítem,\n nebo na něm."
"quest_giver.farewell[4]","Life before death!","Život před smrtí!"
"quest_giver.farewell[5]","Strength before weakness!","Síla před slabostí!"
"quest_giver.farewell[6]","Journey before destination!","Cesta před cílem!"
"quest_giver.greetings[0]","Greetings, adventurer!\nFancy a quest?","Zdravím, dobrodruhu!\nNechceš úkol?"
"quest_giver.greetings[1]","You! I've got a quest!","Ty! Mám pro tebe úkol!"
"quest_giver.greetings[2]","Feeling... adventurous?","Cítíš se... dobrodružně?"
"quest_giver.name","<g:#4A6A8A:#5A7A9A>Qel'Thuzad</g>","<g:#4A6A8A:#5A7A9A>Qel'Thuzad</g>"
"quest_giver.role","<g:#3A5A7A:#4A6A8A><Quest Giver></g>","<g:#3A5A7A:#4A6A8A><Zadavatel úkolů></g>"
"quick_charge.name","Quick Charge","Rychlé nabíjení"
"rabbit_charm.lore[0]","&aWith this charm, just about","&aS tímto přívěskem je skoro"
"rabbit_charm.lore[1]","&aany destination is only a hop,","&akaždý cíl jen hop,"
"rabbit_charm.lore[2]","&askip and a jump away!","&askip a skok daleko!"
"rabbit_charm.name","&bRabbit Charm","&bKráličí přívěsek"
"raid_omen.name","Raid Omen","Znamení nájezdu"
"regeneration.name","Regeneration","Regenerace"
"repair.name","Repair","Oprava"
"repair_menu.cancelButton.lore[0]","&cCancel repair!","&cCancel repair!"
"repair_menu.cancelButton.name","&4Cancel","&4Cancel"
"repair_menu.confirmButton.lore[0]","&aRepair item!","&aRepair item!"
"repair_menu.confirmButton.name","&2Confirm!","&2Confirm!"
"repair_menu.eliteItemInputInformationButton.lore[0]","&aThis slot is for your elite item!","&aThis slot is for your elite item!"
"repair_menu.eliteItemInputInformationButton.name","&2 Elite Item Input slots","&2 Elite Item Input slots"
"repair_menu.eliteScrapInputInformationButton.lore[0]","&aThis slot is for your elite scrap!","&aThis slot is for your elite scrap!"
"repair_menu.eliteScrapInputInformationButton.name","&2Elite Scrap Input slots","&2Elite Scrap Input slots"
"repair_menu.infoButton.lore[0]","&8Support the plugins you enjoy!","&8Support the plugins you enjoy!"
"repair_menu.infoButton.lore[1]","&aUse scrap to repair elite items!","&aUse scrap to repair elite items!"
"repair_menu.infoButton.name","&4&lEliteMobs &cby &4&lMagmaGuy","&4&lEliteMobs &cby &4&lMagmaGuy"
"repair_menu.outputInformationButton.lore[0]","&aThis slot previews the result of your repair!","&aThis slot previews the result of your repair!"
"repair_menu.outputInformationButton.name","&2Output slots","&2Output slots"
"repair_menu.shopName","[EM] Repair menu!","[EM] Menu oprav!"
"repairman_config.dialog[0]","Best repairs in town!","Nejlepší opravy ve městě!"
"repairman_config.dialog[1]","I got your fix!","Postarám se o opravu!"
"repairman_config.dialog[2]","Need a fix?","Potřebuješ opravu?"
"repairman_config.dialog[3]","I'll repair your items!","Opravím vám předměty!"
"repairman_config.dialog[4]","Need elite items repaired?","Potřebujete opravit elitní předměty?"
"repairman_config.farewell[0]","Don't forget to do maintenance!","Nezapomeňte na údržbu!"
"repairman_config.farewell[1]","I'll be here if you need me!","Budu tady, pokud mě budete potřebovat!"
"repairman_config.farewell[2]","Call me beep me if you wanna reach me,\nif you wanna page me that's ok","Zavolej mi, pípni mi, jestli mě chceš zastihnout,\nkdyž mě chceš pagovat, je to v pohodě"
"repairman_config.greetings[0]","Get your items repaired!","Nechte si opravit předměty!"
"repairman_config.greetings[1]","Repairing items for scrap!","Opravuji předměty za šrot!"
"repairman_config.greetings[2]","Turn that scrap into durability!","Proměňte ten šrot na odolnost!"
"repairman_config.greetings[3]","Need a repair?","Potřebujete opravu?"
"repairman_config.greetings[4]","Got damaged items?","Máte poškozené předměty?"
"repairman_config.name","<g:#6A6A6A:#7A7A7A>Reggie</g>","<g:#6A6A6A:#7A7A7A>Reggie</g>"
"repairman_config.role","<g:#5A5A5A:#6A6A6A><Repairman></g>","<g:#5A5A5A:#6A6A6A><Opravář></g>"
"resistance.name","Resistance","Odolnost"
"respiration.name","Respiration","Dýchání"
"riptide.name","Riptide","Riptide"
"ruins_teleporter.greetings[0]","",""
"ruins_teleporter.name","<g:#9A8A7A:#AA9A8A>Ruinwarden</g>","<g:#9A8A7A:#AA9A8A>Správce zřícenin</g>"
"ruins_teleporter.role","<g:#8A7A6A:#9A8A7A><The Ruins></g>","<g:#8A7A6A:#9A8A7A><The Ruins></g>"
"salamander_charm.lore[0]","&aAlmost as hot as MagmaGuy's","&aSkoro tak žhavé jako MagmaGuyův"
"salamander_charm.lore[1]","&anew mixtape!","&anový mixtape!"
"salamander_charm.name","&bSalamander Charm","&bSalamandří talisman"
"santa.dialog[0]","I have lost some presents, \ncan you help me?","Ztratil jsem nějaké dárky, \nmůžeš mi pomoct?"
"santa.dialog[1]","Dear traveller, I have\na request for you!","Drahý cestovateli, mám\npro tebe prosbu!"
"santa.dialog[2]","Can you help an old man\nin his time of need?","Pomůžeš starému muži\nv době nouze?"
"santa.farewell[0]","Ho ho ho!","Ho ho ho!"
"santa.greetings[0]","Ho ho ho!","Ho ho ho!"
"santa.name","<g:#8A3A3A:#9A4A4A>Saint Nick</g>","<g:#8A3A3A:#9A4A4A>Svatý Mikuláš</g>"
"santa.role","<g:#7A2A2A:#8A3A3A><Santa!></g>","<g:#7A2A2A:#8A3A3A><Santa!></g>"
"saturation.name","Saturation","Nasycení"
"scorpion_charm.lore[0]","&aFloat like a butterfly,","&aLeť jako motýl,"
"scorpion_charm.lore[1]","&asting like a bee,","&abodej jako včela,"
"scorpion_charm.lore[2]","&apoison like a potato!","&aotrav jako brambora!"
"scorpion_charm.name","&bScorpion Charm","&bŠtíří talisman"
"scrapper_config.dialog[0]","Scrappy deals!","Šrotové nabídky!"
"scrapper_config.dialog[1]","Get your scrap here!","Pořiďte si tu šrot!"
"scrapper_config.dialog[2]","75% chance to work!","75% šance, že to vyjde!"
"scrapper_config.dialog[3]","There are no refunds.","Peníze se nevracejí."
"scrapper_config.dialog[4]","Recycle, reuse, reduce!","Recykluj, znovu použij, omez!"
"scrapper_config.farewell[0]","Come back when you have\nmore to scrap","Vraťte se, až budete mít\nvíc na sešrotování"
"scrapper_config.farewell[1]","Don't forget to make that\nscrap useful!","Nezapomeňte ten\nšrot využít!"
"scrapper_config.farewell[2]","Happy scrapping!","Veselé šrotování!"
"scrapper_config.greetings[0]","Want to get rid of items?","Chcete se zbavit předmětů?"
"scrapper_config.greetings[1]","Need to recycle items?","Potřebujete recyklovat předměty?"
"scrapper_config.greetings[2]","Looking to scrap?","Chcete šrotovat?"
"scrapper_config.greetings[3]","It's scrap 'o clock!","Je čas na šrotování!"
"scrapper_config.greetings[4]","Scrap time!","Čas na šrot!"
"scrapper_config.name","<g:#5A6A4A:#6A7A5A>Kelly</g>","<g:#5A6A4A:#6A7A5A>Kelly</g>"
"scrapper_config.role","<g:#4A5A3A:#5A6A4A><Scrapper></g>","<g:#4A5A3A:#5A6A4A><Šrotař></g>"
"scrapper_menu.cancelButton.lore[0]","&cCancel scrap!","&cCancel scrap!"
"scrapper_menu.cancelButton.name","&4Cancel","&4Cancel"
"scrapper_menu.confirmButton.lore[0]","&aScrap items!","&aScrap items!"
"scrapper_menu.confirmButton.lore[1]","&a$chance% chance of success!","&a$chance% chance of success!"
"scrapper_menu.confirmButton.name","&2Confirm Scrap","&2Confirm Scrap"
"scrapper_menu.infoButton.lore[0]","&8Support the plugins you enjoy!","&8Support the plugins you enjoy!"
"scrapper_menu.infoButton.lore[1]","&4Warning!","&4Warning!"
"scrapper_menu.infoButton.lore[2]","&cItems scrapped here are lost!","&cItems scrapped here are lost!"
"scrapper_menu.infoButton.lore[3]","&cThere is a $chance% chance to get","&cThere is a $chance% chance to get"
"scrapper_menu.infoButton.lore[4]","&cscrap when scrapping items!","&cscrap when scrapping items!"
"scrapper_menu.infoButton.lore[5]","&aUse scrap at the smelter,","&aUse scrap at the smelter,"
"scrapper_menu.infoButton.lore[6]","&arepairman and refiner!","&arepairman and refiner!"
"scrapper_menu.infoButton.name","&4&lEliteMobs &cby &4&lMagmaGuy","&4&lEliteMobs &cby &4&lMagmaGuy"
"scrapper_menu.shopName","[EM] Scrapper","[EM] Šrotovač"
"scroll_applier_config.dialog[0]","Need a vanilla item converted?","Potřebujete převést vanilla předmět?"
"scroll_applier_config.dialog[1]","Want to hit elite mobs harder?","Chcete zasahovat elitní moby silněji?"
"scroll_applier_config.dialog[2]","Good vanilla item you want converted?","Máte dobrý vanilla předmět k převodu?"
"scroll_applier_config.farewell[0]","Come back when you have elite scrolls!","Vraťte se, až budete mít elitní svitky!"
"scroll_applier_config.greetings[0]","Got elite scrolls?","Máte elitní svitky?"
"scroll_applier_config.greetings[1]","Is it elite scroll time?","Je čas na elitní svitky?"
"scroll_applier_config.greetings[2]","Good vanilla item you want converted?","Máte dobrý vanilla předmět k převodu?"
"scroll_applier_config.name","<g:#4A7A7A:#5A8A8A>Scotty</g>","<g:#4A7A7A:#5A8A8A>Scotty</g>"
"scroll_applier_config.role","<g:#3A6A6A:#4A7A7A><Scroll Applier></g>","<g:#3A6A6A:#4A7A7A><Aplikátor svitků></g>"
"sell_menu.cancelButton.lore[0]","&cCancel purchase!","&cCancel purchase!"
"sell_menu.cancelButton.name","&4Cancel","&4Cancel"
"sell_menu.confirmButton.lore[0]","&aSell item for","&aSell item for"
"sell_menu.confirmButton.lore[1]","&a$currency_amount $currency_name","&a$currency_amount $currency_name"
"sell_menu.confirmButton.name","&2Confirm Sale","&2Confirm Sale"
"sell_menu.infoButton.lore[0]","&8Support the plugins you enjoy!","&8Support the plugins you enjoy!"
"sell_menu.infoButton.lore[1]","&4Warning!","&4Warning!"
"sell_menu.infoButton.lore[2]","&cYou can only sell special","&cYou can only sell special"
"sell_menu.infoButton.lore[3]","&cElite Mobs drops in this","&cElite Mobs drops in this"
"sell_menu.infoButton.lore[4]","&cshop! These should have","&cshop! These should have"
"sell_menu.infoButton.lore[5]","&ca value on their lore.","&ca value on their lore."
"sell_menu.infoButton.name","&4&lEliteMobs &cby &4&lMagmaGuy","&4&lEliteMobs &cby &4&lMagmaGuy"
"sell_menu.shopName","[EM] Sell Shop","[EM] Prodejní obchod"
"sewers_minidungeon.customInfo[0]","&fThe biggest minidungeon ever made!","&fNejvětší minidungeon, jaký kdy byl vytvořen!"
"sewers_minidungeon.customInfo[1]","&6Credits: MagmaGuy & 69OzCanOfBepis","&6Credits: MagmaGuy & 69OzCanOfBepis"
"sewers_minidungeon.difficulties.0.name","normal","normal"
"sewers_minidungeon.difficulties.1.name","hard","hard"
"sewers_minidungeon.difficulties.2.name","mythic","mythic"
"sewers_minidungeon.name","&2[Dynamic] &8The Sewers","&2[Dynamický] &8Kanalizace"
"sewers_minidungeon.playerInfo","Difficulty: &6Medium
$bossCount bosses, from level $lowestTier to $highestTier
&6A complex dungeon maze with a challenging sections!","Obtížnost: &6Střední
$bossCount bossů, od úrovně $lowestTier do $highestTier
&6Složitý podzemní labyrint s náročnými částmi!"
"sewers_minidungeon.regionEnterMessage","&8[EM] &5This place looks abandoned... &dYet something lurks in these sewers!","&8[EM] &5Tohle místo vypadá opuštěně... &dPřesto se v těchto stokách něco skrývá!"
"sewers_minidungeon.regionLeaveMessage","&8[EM] &5You managed to stay above water. &dMaybe next time you'll drown.","&8[EM] &5Podařilo se ti zůstat nad vodou. &dPříště možná utoníš."
"sewers_teleporter.greetings[0]","",""
"sewers_teleporter.name","<g:#5A6A4A:#6A7A5A>Sewer Rat</g>","<g:#5A6A4A:#6A7A5A>Kanálový krys</g>"
"sewers_teleporter.role","<g:#4A5A3A:#5A6A4A><Sewers></g>","<g:#4A5A3A:#5A6A4A><Sewers></g>"
"sharpness.name","Sharpness","Ostrost"
"shulker_charm.lore[0]","&aI believe I can fly","&aVěřím, že můžu létat"
"shulker_charm.lore[1]","&aI believe I can touch the sky","&aVěřím, že se mohu dotknout nebe"
"shulker_charm.lore[2]","&aAnd you're coming with me!","&aA ty půjdeš se mnou!"
"shulker_charm.name","&bShulker Charm","&bShulkerův talisman"
"silk_touch.name","Silk Touch","Hedvábný dotek"
"skill_bonus_menu.activePrefix","&6[ACTIVE] ","&6[AKTIVNÍ] "
"skill_bonus_menu.armorItem.lore[0]","&7View armor skills","&7View armor skills"
"skill_bonus_menu.armorItem.lore[1]","&7Click to select","&7Click to select"
"skill_bonus_menu.armorItem.name","&6Armor","&6Brnění"
"skill_bonus_menu.axesItem.lore[0]","&7View axe skills","&7View axe skills"
"skill_bonus_menu.axesItem.lore[1]","&7Click to select","&7Click to select"
"skill_bonus_menu.axesItem.name","&6Axes","&6Sekery"
"skill_bonus_menu.backItem.lore[0]","&7Return to weapon selection","&7Return to weapon selection"
"skill_bonus_menu.backItem.name","&cBack","&cZpět"
"skill_bonus_menu.bonusTypeName.conditional","Conditional","Conditional"
"skill_bonus_menu.bonusTypeName.cooldown","Cooldown","Cooldown"
"skill_bonus_menu.bonusTypeName.passive","Passive","Passive"
"skill_bonus_menu.bonusTypeName.proc","Proc","Proc"
"skill_bonus_menu.bonusTypeName.stacking","Stacking","Stacking"
"skill_bonus_menu.bowsItem.lore[0]","&7View bow skills","&7View bow skills"
"skill_bonus_menu.bowsItem.lore[1]","&7Click to select","&7Click to select"
"skill_bonus_menu.bowsItem.name","&6Bows","&6Luky"
"skill_bonus_menu.clickToActivate","&aClick to activate this skill","&aKlikni pro aktivaci této dovednosti"
"skill_bonus_menu.clickToDeactivate","&eClick to deactivate this skill","&eKlikni pro deaktivaci této dovednosti"
"skill_bonus_menu.crossbowsItem.lore[0]","&7View crossbow skills","&7View crossbow skills"
"skill_bonus_menu.crossbowsItem.lore[1]","&7Click to select","&7Click to select"
"skill_bonus_menu.crossbowsItem.name","&6Crossbows","&6Kuše"
"skill_bonus_menu.hoesItem.lore[0]","&7View hoe/scythe skills","&7View hoe/scythe skills"
"skill_bonus_menu.hoesItem.lore[1]","&7Click to select","&7Click to select"
"skill_bonus_menu.hoesItem.name","&6Hoes (Scythes)","&6Motyky (kose)"
"skill_bonus_menu.infoActiveSkillPrefix","&7- ","&7- "
"skill_bonus_menu.infoActiveSkillsHeader","&6Active Skills:","&6Aktivní dovednosti:"
"skill_bonus_menu.infoActiveSkillsLabel","&7Active Skills: &f%count%/3","&7Aktivní dovednosti: &f%count%/3"
"skill_bonus_menu.infoItemTitle","&eSkill Info","&eInfo o dovednostech"
"skill_bonus_menu.infoSkillTypeLabel","&7Skill Type: &f","&7Typ dovednosti: &f"
"skill_bonus_menu.infoTier1Unlock","&a Tier 1: &fLevel 10","&a Stupeň 1: &fÚroveň 10"
"skill_bonus_menu.infoTier2Unlock","&e Tier 2: &fLevel 25","&e Stupeň 2: &fÚroveň 25"
"skill_bonus_menu.infoTier3Unlock","&6 Tier 3: &fLevel 50","&6 Stupeň 3: &fÚroveň 50"
"skill_bonus_menu.infoTier4Unlock","&c Tier 4: &fLevel 75","&c Stupeň 4: &fÚroveň 75"
"skill_bonus_menu.infoUnlockLevelsHeader","&7Skills unlock at levels:","&7Dovednosti se odemykají na úrovních:"
"skill_bonus_menu.infoYourLevelLabel","&7Your Level: &f","&7Vaše úroveň: &f"
"skill_bonus_menu.lockedLore","&cRequires level %level%","&cVyžaduje úroveň %level%"
"skill_bonus_menu.lockedPrefix","&8[LOCKED] ","&8[UZAMČENO] "
"skill_bonus_menu.macesItem.lore[0]","&7View mace skills","&7View mace skills"
"skill_bonus_menu.macesItem.lore[1]","&7Click to select","&7Click to select"
"skill_bonus_menu.macesItem.name","&6Maces","&6Palice"
"skill_bonus_menu.maxActiveSkillsReached","&cYou already have 3 active skills! Deactivate one first.","&cMáš již 3 aktivní dovednosti! Nejprve jednu deaktivuj."
"skill_bonus_menu.skillActivatedMessage","&aActivated skill: %skill%","&aAktivována dovednost: %skill%"
"skill_bonus_menu.skillDeactivatedMessage","&eDeactivated skill: %skill%","&eDeaktivována dovednost: %skill%"
"skill_bonus_menu.skillRequiresLevelMessage","&cThis skill requires level %level%!","&cTato dovednost vyžaduje úroveň %level%!"
"skill_bonus_menu.skillSelectMenuName","&6%skill_type% Skills","&6Dovednosti: %skill_type%"
"skill_bonus_menu.skillTierLabel","&7Tier: &f","&7Stupeň: &f"
"skill_bonus_menu.skillTierLevelFormat","%tier% (Level %level%)","%tier% (Úroveň %level%)"
"skill_bonus_menu.skillTypeLabel","&7Type: &f","&7Typ: &f"
"skill_bonus_menu.skillTypeName.armor","Armor","Armor"
"skill_bonus_menu.skillTypeName.axes","Axes","Axes"
"skill_bonus_menu.skillTypeName.bows","Bows","Bows"
"skill_bonus_menu.skillTypeName.crossbows","Crossbows","Crossbows"
"skill_bonus_menu.skillTypeName.hoes","Hoes","Hoes"
"skill_bonus_menu.skillTypeName.maces","Maces","Maces"
"skill_bonus_menu.skillTypeName.spears","Spears","Spears"
"skill_bonus_menu.skillTypeName.swords","Swords","Swords"
"skill_bonus_menu.skillTypeName.tridents","Tridents","Tridents"
"skill_bonus_menu.skillValueLabel","&7Value at your level: &a","&7Hodnota na tvé úrovni: &a"
"skill_bonus_menu.spearsItem.lore[0]","&7View spear skills","&7View spear skills"
"skill_bonus_menu.spearsItem.lore[1]","&7Click to select","&7Click to select"
"skill_bonus_menu.spearsItem.name","&6Spears","&6Kopí"
"skill_bonus_menu.swordsItem.lore[0]","&7View sword skills","&7View sword skills"
"skill_bonus_menu.swordsItem.lore[1]","&7Click to select","&7Click to select"
"skill_bonus_menu.swordsItem.name","&6Swords","&6Meče"
"skill_bonus_menu.tridentsItem.lore[0]","&7View trident skills","&7View trident skills"
"skill_bonus_menu.tridentsItem.lore[1]","&7Click to select","&7Click to select"
"skill_bonus_menu.tridentsItem.name","&6Tridents","&6Trojzubce"
"skill_bonus_menu.unlockedPrefix","&a[UNLOCKED] ","&a[ODEMČENO] "
"skill_bonus_menu.weaponSelectMenuName","&6Select Weapon Type","&6Vyberte typ zbraně"
"skills.combatLevelFormat","&6&lCombat Lv. $level","&6&lBojová Úr. $level"
"skills.skillBarTitleFormat","&6$skillName &7Lv.$level$xpText","&6$skillName &7Úr.$level$xpText"
"skills.skillLevelUpTitleFormat","&e&l✦ $skillName LEVEL UP! &7→ &eLv.$level &e&l✦","&e&l✦ $skillName POSTUP NA VYŠŠÍ ÚROVEŇ! &7→ &eÚr.$level &e&l✦"
"skills.skillsMenuTitle","&5&lYour Skills","&5&lTvé dovednosti"
"slot_machine_operator.dialog[0]","Three of a kind wins big!","Tři stejné a výhra je tvá!"
"slot_machine_operator.dialog[1]","Even two matches get you something.","I dvě stejné ti něco přinesou."
"slot_machine_operator.dialog[2]","The sevens are the key to riches!","Sedmičky jsou klíčem k bohatství!"
"slot_machine_operator.dialog[3]","Cherries, lemons, bells, bars, or sevens...","Třešně, citrony, zvonky, pruhy nebo sedmičky..."
"slot_machine_operator.farewell[0]","The reels are always spinning!","Válce se točí pořád dál!"
"slot_machine_operator.farewell[1]","Come back for another spin!","Přijď si znovu zatočit!"
"slot_machine_operator.farewell[2]","Maybe the jackpot is next!","Třeba příště jackpot!"
"slot_machine_operator.farewell[3]","Luck be with you!","Ať ti přeje štěstí!"
"slot_machine_operator.greetings[0]","Spin the reels! Match three to win!","Roztočte válce! Tři stejné a vyhráváš!"
"slot_machine_operator.greetings[1]","JACKPOT waiting for a winner!","JACKPOT čeká na vítěze!"
"slot_machine_operator.greetings[2]","Lucky 7s pay the most...","Šťastné sedmičky vyplácejí nejvíce..."
"slot_machine_operator.greetings[3]","Give those reels a spin!","Roztočte ty válce!"
"slot_machine_operator.name","<g:#9A7A40:#AA8A50>Spinner Sam</g>","<g:#9A7A40:#AA8A50>Spinner Sam</g>"
"slot_machine_operator.role","<g:#8A6A30:#9A7A40><Slot Machine></g>","<g:#8A6A30:#9A7A40><Hrací automat></g>"
"slow_falling.name","Slow Falling","Pomalý pád"
"slowness.name","Slowness","Zpomalení"
"slowpoke_charm.lore[0]","&aLet's just hope it doesn't hit","&aSnad to samo sebe"
"slowpoke_charm.lore[1]","&aitself in its confusion...","&av tom zmatku netrefí..."
"slowpoke_charm.name","&bSlowpoke Charm","&bChaluha Amulet"
"smite.name","Smite","Udeř"
"snoopy.name","&6{&4☠&6} <rainbow>Snoopy</rainbow>","&6{&4☠&6} <rainbow>Snoopy</rainbow>"
"snoopy.onDamageMessages[0]","Woof!","Haf!"
"snoopy.onDamagedMessages[0]","Woof!","Haf!"
"snoopy.spawnMessage","&aAn extremely rare Snoopy has been sighted!","&aBylo spatřeno extrémně vzácné stvoření Snoopy!"
"soul_speed.name","Soul Speed","Rychlost duší"
"soulbind.hologramString","$player&f's","$player&f's"
"soulbind.loreStrings","&7Soulbound to &f$player","&7Soulbound to &f$player"
"soulbind.name","Soulbind","Pouto duší"
"spears_first_strike.description[0]","&7Deal bonus damage to","&7Způsobuje bonusové poškození"
"spears_first_strike.description[1]","&7full-health enemies.","&7nepřátelům s plným zdravím."
"spears_first_strike.formattedBonusTemplate","+$value% vs Full HP","+$value% vs plné HP"
"spears_first_strike.loreTemplates[0]","&7Bonus vs Full HP: &f+$value%","&7Bonus vs plné HP: &f+$value%"
"spears_first_strike.name","&bFirst Strike","&bPrvní úder"
"spears_impaler.description[0]","&7Pin an enemy in place,","&7Přikolí nepřítele na místě"
"spears_impaler.description[1]","&7dealing massive damage. 45s CD.","&7a způsobí masivní poškození. 45s CD."
"spears_impaler.formattedBonusTemplate","$damage% + Pin (CD: $cooldowns)","$damage% + Přikolení (CD: $cooldowns)"
"spears_impaler.loreTemplates[0]","&7Damage: &f$damage%","&7Poškození: &f$damage%"
"spears_impaler.loreTemplates[1]","&7Pin Duration: &f3 seconds","&7Trvání přikolení: &f3 sekundy"
"spears_impaler.loreTemplates[2]","&7Cooldown: &f$cooldowns","&7Prodleva: &f$cooldowns"
"spears_impaler.name","&b&lImpaler","&b&lNabodávač"
"spears_impaling_strike.description[0]","&7Chance to cause bleed,","&7Šance způsobit krvácení,"
"spears_impaling_strike.description[1]","&7dealing damage over time.","&7způsobující poškození v čase."
"spears_impaling_strike.formattedBonusTemplate","$totalBleed% Bleed (5s)","$totalBleed% Krvácení (5s)"
"spears_impaling_strike.loreTemplates[0]","&7Proc Chance: &f$chance%","&7Šance aktivace: &f$chance%"
"spears_impaling_strike.loreTemplates[1]","&7Bleed: &f$bleedDamage% hit/sec","&7Krvácení: &f$bleedDamage% zásah/s"
"spears_impaling_strike.loreTemplates[2]","&7Duration: &f5 seconds","&7Trvání: &f5 sekund"
"spears_impaling_strike.name","&bImpaling Strike","&bNabodávající úder"
"spears_legions_discipline.description[0]","&7Maintain a steady combat pace","&7Postupné zásahy zvyšují"
"spears_legions_discipline.description[1]","&7to build stacking damage.","&7poškození. Resetuje se při minutí."
"spears_legions_discipline.formattedBonusTemplate","+$maxBonus% Max (Discipline)","+$maxBonus% Max (Disciplína)"
"spears_legions_discipline.loreTemplates[0]","&7Max Stacks: &f$maxStacks","&7Max. vrstvy: &f$maxStacks"
"spears_legions_discipline.loreTemplates[1]","&7Damage/Stack: &f+$perStack%","&7Poškození/vrstva: &f+$perStack%"
"spears_legions_discipline.loreTemplates[2]","&7Max Bonus: &f+$maxBonus%","&7Max. bonus: &f+$maxBonus%"
"spears_legions_discipline.loreTemplates[3]","&7Stacks fade after 2.5s without a hit","&7Resetuje se při minutí"
"spears_legions_discipline.name","&bLegion's Discipline","&bLegionářská disciplína"
"spears_long_reach.description[0]","&7Attacks have slightly","&7Útoky mají mírně"
"spears_long_reach.description[1]","&7increased range.","&7zvýšený dosah."
"spears_long_reach.formattedBonusTemplate","+$value Block Reach","+$value bloků dosahu"
"spears_long_reach.loreTemplates[0]","&7Extra Reach: &f+$value blocks","&7Dodatečný dosah: &f+$value bloků"
"spears_long_reach.name","&bLong Reach","&bDlouhý dosah"
"spears_phalanx.description[0]","&7Reduced damage from","&7Snížené poškození"
"spears_phalanx.description[1]","&7frontal attacks.","&7z čelních útoků."
"spears_phalanx.formattedBonusTemplate","-$value% Frontal Damage","-$value% čelní poškození"
"spears_phalanx.loreTemplates[0]","&7Frontal Damage Reduction: &f$value%","&7Redukce čelního poškození: &f$value%"
"spears_phalanx.name","&bPhalanx","&bFalanga"
"spears_polearm_mastery.description[0]","&7Significant attack speed","&7Výrazné zvýšení rychlosti útoku"
"spears_polearm_mastery.description[1]","&7and damage increase.","&7a poškození."
"spears_polearm_mastery.formattedBonusTemplate","+$damage% Damage, +$speed% Speed","+$damage% poškození, +$speed% rychlost"
"spears_polearm_mastery.loreTemplates[0]","&7Damage: &f+$damage%","&7Poškození: &f+$damage%"
"spears_polearm_mastery.loreTemplates[1]","&7Attack Speed: &f+$speed%","&7Rychlost útoku: &f+$speed%"
"spears_polearm_mastery.name","&b&lPolearm Mastery","&b&lMistrovství halapartny"
"spears_precision_thrust.description[0]","&7Chance to deal","&7Šance způsobit"
"spears_precision_thrust.description[1]","&7critical damage.","&7kritické poškození."
"spears_precision_thrust.formattedBonusTemplate","$chance% for $critDamage% Crit","$chance% pro $critDamage% krit"
"spears_precision_thrust.loreTemplates[0]","&7Proc Chance: &f$chance%","&7Šance aktivace: &f$chance%"
"spears_precision_thrust.loreTemplates[1]","&7Crit Damage: &f$critDamage%","&7Kritické poškození: &f$critDamage%"
"spears_precision_thrust.name","&bPrecision Thrust","&bPřesný výpad"
"spears_vanguard.description[0]","&7Charge forward, damaging","&7Nabij kupředu a zraň"
"spears_vanguard.description[1]","&7enemies in your path. 20s CD.","&7nepřátele v cestě. 20s CD."
"spears_vanguard.formattedBonusTemplate","Charge $damage% (CD: $cooldowns)","Náboj $damage% (CD: $cooldowns)"
"spears_vanguard.loreTemplates[0]","&7Damage: &f$damage%","&7Poškození: &f$damage%"
"spears_vanguard.loreTemplates[1]","&7Distance: &f$distance blocks","&7Vzdálenost: &f$distance bloků"
"spears_vanguard.loreTemplates[2]","&7Cooldown: &f$cooldowns","&7Prodleva: &f$cooldowns"
"spears_vanguard.name","&bVanguard","&bPředvoj"
"spears_vortex_thrust.description[0]","&7Pull nearby enemies toward","&7Přitáhni blízké nepřátele"
"spears_vortex_thrust.description[1]","&7your target. 18s CD.","&7k cíli. 18s CD."
"spears_vortex_thrust.formattedBonusTemplate","Pull + Slow (CD: $cooldowns)","Přitažení + Zpomalení (CD: $cooldowns)"
"spears_vortex_thrust.loreTemplates[0]","&7Pulls enemies within &f$radius blocks &7toward target","&7Přitáhne nepřátele do &f$radius bloků &7od cíle"
"spears_vortex_thrust.loreTemplates[1]","&7Applies Slowness II for 2s","&7Aplikuje Zpomalení II na 2s"
"spears_vortex_thrust.loreTemplates[2]","&7Cooldown: &f$cooldowns","&7Prodleva: &f$cooldowns"
"spears_vortex_thrust.name","&bVortex Thrust","&bVírový výpad"
"special_blacksmith.dialog[0]","We buy low and sell high.","Kupujeme levně a prodáváme draze."
"special_blacksmith.dialog[1]","No refunds.","Žádné refundace."
"special_blacksmith.dialog[2]","Absolutely no refunds.","Naprosto žádné refundace."
"special_blacksmith.dialog[3]","There are no refunds.","Refundace neexistují."
"special_blacksmith.dialog[4]","No taksies backsies.","Co je dáno, to se nevracej."
"special_blacksmith.dialog[5]","Shop purchases are final.","Nákupy v obchodě jsou konečné."
"special_blacksmith.farewell[0]","Come back when you have\nmore to spend","Vrať se, až budeš mít\nvíce co utratit"
"special_blacksmith.farewell[1]","Don't get yourself killed,\nwe want you to bring us\nmore gear.","Nenech se zabít,\nchceme, abys nám přinesl\nvíce vybavení."
"special_blacksmith.farewell[2]","Next time buy something \nmore expensive.","Příště kup něco \ndražšího."
"special_blacksmith.farewell[3]","Don't forget, no refunds.","Nezapomeň, žádné refundace."
"special_blacksmith.greetings[0]","Need something?","Potřebuješ něco?"
"special_blacksmith.greetings[1]","Got anything good?","Máš něco dobrého?"
"special_blacksmith.greetings[2]","We have nothing but the best","Máme jen to nejlepší"
"special_blacksmith.greetings[3]","Got anything worth selling?","Máš něco, co stojí za prodej?"
"special_blacksmith.greetings[4]","We only buy elite mob gear.","Kupujeme pouze vybavení od Elite Mobs."
"special_blacksmith.name","<g:#9A7A40:#AA8A50>Grog</g>","<g:#9A7A40:#AA8A50>Grog</g>"
"special_blacksmith.role","<g:#8A6A30:#9A7A40><Special Blacksmith></g>","<g:#8A6A30:#9A7A40><Speciální kovář></g>"
"speed.name","Speed","Rychlost"
"steamworks_lair.customInfo[0]","&fA steampunk inspired lair!","&fDoupě inspirované steampunkem!"
"steamworks_lair.difficulties.0.name","normal","normal"
"steamworks_lair.difficulties.1.name","hard","hard"
"steamworks_lair.difficulties.2.name","mythic","mythic"
"steamworks_lair.name","&2[Dynamic] &6The Steamworks","&2[Dynamický] &6Parní díla"
"steamworks_lair.playerInfo","&aDynamic Lair
$bossCount boss encounters
&6A steampunk inspired lair
&6with mechanical challenges!","Obtížnost: &4Dynamický obsah!"
"steamworks_lair.regionEnterMessage","&6Reach the top and mind your step!","&6Dosáhni vrcholu a dávej pozor na krok!"
"steamworks_lair.regionLeaveMessage","&6Now leaving the clockwork dominion!","&6Opouštíš hodinářské panství!"
"steamworks_teleporter.greetings[0]","",""
"steamworks_teleporter.name","<g:#8A6A4A:#9A7A5A>Steam Engineer</g>","<g:#8A6A4A:#9A7A5A>Parní inženýr</g>"
"steamworks_teleporter.role","<g:#7A5A3A:#8A6A4A><Steamworks></g>","<g:#7A5A3A:#8A6A4A><Steamworks></g>"
"story_dungeons_quest_giver.dialog[0]","I'm a bit busy...","Jsem trochu zaneprázdněný..."
"story_dungeons_quest_giver.farewell[0]","Bye.","Ahoj."
"story_dungeons_quest_giver.farewell[1]","Until next time.","Zase příště."
"story_dungeons_quest_giver.greetings[0]","Salutations!","Zdravím!"
"story_dungeons_quest_giver.greetings[1]","Good day.","Dobrý den."
"story_dungeons_quest_giver.name","<g:#8A7A5A:#9A8A6A>Manager Wallitz</g>","<g:#8A7A5A:#9A8A6A>Manager Wallitz</g>"
"story_dungeons_quest_giver.role","<g:#7A6A4A:#8A7A5A><Story Mode Quests></g>","<g:#7A6A4A:#8A7A5A><Příběhové úkoly></g>"
"strength.name","Strength","Síla"
"summon_merchant.message","Jeeves!","Jeeves!"
"summon_merchant.name","Summon Merchant","Přivolat obchodníka"
"summon_merchant_scroll.lore[0]","&aNeed to sell an item?","&aPotřebuješ prodat předmět?"
"summon_merchant_scroll.lore[1]","&aRight-click to activate","&aKlikni pravým tlačítkem pro aktivaci"
"summon_merchant_scroll.lore[2]","&aor yell &9Jeeves!","&anebo zakřič &9Jeeves!"
"summon_merchant_scroll.name","&6Summon Merchant Scroll","&6Svitek přivolání obchodníka"
"summon_wolf.name","Summon Wolf","Přivolat vlka"
"summon_wolf_scroll.lore[0]","&aSummons a good boy","&aPřivolá hodného pejska"
"summon_wolf_scroll.lore[1]","&ato help you bite Elites!","&aaby ti pomohl kousat Elity!"
"summon_wolf_scroll.lore[2]","&aMake sure you pet it!","&aNezapomeň ho pohladit!"
"summon_wolf_scroll.name","&6Summon Wolf Scroll","&6Svitek přivolání vlka"
"summonable_wolf.name","$normalLevel Wolfy","$normalLevel Wolfy"
"summonable_wolf.onDamageMessages[0]","Woof!","Haf!"
"summonable_wolf.onDamagedMessages[0]","Woof!","Haf!"
"sweeping_edge.name","Sweeping Edge","Rozmáchlý úder"
"swift_sneak.name","Swift Sneak","Rychlé plížení"
"swords_duelist.description[0]","&7Deal bonus damage when fighting","&7Způsobuje bonusové poškození při boji"
"swords_duelist.description[1]","&7a single enemy (no others nearby).","&7proti jedinému nepříteli (žádní další poblíž)."
"swords_duelist.formattedBonusTemplate","+$value% 1v1 Damage","+$value% poškození 1v1"
"swords_duelist.loreTemplates[0]","&7Damage Bonus: &f+$value%","&7Bonus poškození: &f+$value%"
"swords_duelist.loreTemplates[1]","&7Condition: No other elites within 10 blocks","&7Podmínka: Žádné jiné elity do 10 bloků"
"swords_duelist.loreTemplates[2]","&7Active only in 1v1 situations","&7Aktivní pouze v situacích 1v1"
"swords_duelist.name","&6Duelist","&6Duelant"
"swords_expose_weakness.description[0]","&7Attacks have a chance to reduce","&7Útoky mají šanci snížit"
"swords_expose_weakness.description[1]","&7the target's defense.","&7obranu cíle."
"swords_expose_weakness.formattedBonusTemplate","-$reduction% Target Defense","-$reduction% obrana cíle"
"swords_expose_weakness.loreTemplates[0]","&7Proc Chance: &f$procChance%","&7Šance na aktivaci: &f$procChance%"
"swords_expose_weakness.loreTemplates[1]","&7Defense Reduction: &f$reduction%","&7Snížení obrany: &f$reduction%"
"swords_expose_weakness.loreTemplates[2]","&7Duration: &f5 seconds","&7Trvání: &f5 sekund"
"swords_expose_weakness.name","&dExpose Weakness","&dOdhalení slabiny"
"swords_finishing_flourish.description[0]","&7Deal bonus damage to enemies","&7Způsobuje bonusové poškození nepřátelům"
"swords_finishing_flourish.description[1]","&7below 30% health.","&7pod 30% zdraví."
"swords_finishing_flourish.formattedBonusTemplate","+$value% Execute Damage","+$value% dorážecí poškození"
"swords_finishing_flourish.loreTemplates[0]","&7Execute Damage: &f+$value%","&7Dorážecí poškození: &f+$value%"
"swords_finishing_flourish.loreTemplates[1]","&7Threshold: &fBelow 30% HP","&7Práh: &fPod 30% HP"
"swords_finishing_flourish.loreTemplates[2]","&7Finish off weakened enemies!","&7Doraz oslabené nepřátele!"
"swords_finishing_flourish.name","&cFinishing Flourish","&cZávěrečný výpad"
"swords_flurry.description[0]","&7Consecutive hits increase your","&7Po sobě jdoucí zásahy zvyšují tvoji"
"swords_flurry.description[1]","&7attack speed. Stacks decay over time.","&7rychlost útoku. Násobky časem vyprchávají."
"swords_flurry.formattedBonusTemplate","+$maxBonus% Attack Speed (max)","+$maxBonus% rychlost útoku (max)"
"swords_flurry.loreTemplates[0]","&7Max Stacks: &f$maxStacks","&7Max. násobků: &f$maxStacks"
"swords_flurry.loreTemplates[1]","&7Attack Speed per Stack: &f+$perStack%","&7Rychlost útoku za násobek: &f+$perStack%"
"swords_flurry.loreTemplates[2]","&7Max Bonus: &f+$maxBonus%","&7Max. bonus: &f+$maxBonus%"
"swords_flurry.loreTemplates[3]","&7Stacks decay after 3 seconds","&7Násobky vyprchají po 3 sekundách"
"swords_flurry.name","&eFlurry","&eSmršť"
"swords_lacerate.description[0]","&7Attacks have a chance to cause","&7Útoky mají šanci způsobit"
"swords_lacerate.description[1]","&7bleeding, dealing damage over time.","&7krvácení, které způsobuje poškození v čase."
"swords_lacerate.formattedBonusTemplate","$totalPercent% bleed over 5s","$totalPercent% krvácení během 5s"
"swords_lacerate.loreTemplates[0]","&7Chance: &f$procChance%","&7Šance: &f$procChance%"
"swords_lacerate.loreTemplates[1]","&7Bleed: &f$bleedPercent% of hit/tick","&7Krvácení: &f$bleedPercent% ze zásahu/tik"
"swords_lacerate.loreTemplates[2]","&7Total DoT: &f$totalPercent% over 5s","&7Celkové DoT: &f$totalPercent% během 5s"
"swords_lacerate.name","&cLacerate","&cTržná rána"
"swords_parry.description[0]","&7Block attacks with your sword to","&7Blokuj útoky svým mečem, abys"
"swords_parry.description[1]","&7reduce damage even further.","&7snížil poškození ještě více."
"swords_parry.formattedBonusTemplate","-$value% Damage when Parrying","-$value% poškození při parírování"
"swords_parry.loreTemplates[0]","&7Damage Reduction: &f$value%","&7Snížení poškození: &f$value%"
"swords_parry.loreTemplates[1]","&7Condition: Blocking with sword","&7Podmínka: Blokování mečem"
"swords_parry.loreTemplates[2]","&7Stacks with normal blocking","&7Sčítá se s běžným blokováním"
"swords_parry.name","&aParry","&aParírování"
"swords_poise.description[0]","&7Reduces knockback taken while","&7Snižuje utržený odhoz při"
"swords_poise.description[1]","&7wielding a sword.","&7držení meče."
"swords_poise.formattedBonusTemplate","-$value% Knockback","-$value% odhoz"
"swords_poise.loreTemplates[0]","&7Knockback Reduction: &f$value%","&7Snížení odhozu: &f$value%"
"swords_poise.loreTemplates[1]","&7Always active when selected","&7Vždy aktivní, když je vybráno"
"swords_poise.name","&aPoise","&aStabilita"
"swords_riposte.description[0]","&7After blocking an attack, your next","&7Po zablokování útoku tvůj další"
"swords_riposte.description[1]","&7attack deals bonus damage.","&7útok způsobí bonusové poškození."
"swords_riposte.formattedBonusTemplate","+$damage% Riposte Damage","+$damage% poškození riposty"
"swords_riposte.loreTemplates[0]","&7Bonus Damage: &f+$damage%","&7Bonusové poškození: &f+$damage%"
"swords_riposte.loreTemplates[1]","&7Cooldown: &f$cooldowns","&7Obnovení: &f$cooldowns"
"swords_riposte.loreTemplates[2]","&7Block to activate, then attack within 3s","&7Blokuj pro aktivaci, pak zaútoč do 3s"
"swords_riposte.name","&6Riposte","&6Riposta"
"swords_swift_strikes.description[0]","&7Move faster while wielding a sword.","&7Pohybuj se rychleji při držení meče."
"swords_swift_strikes.formattedBonusTemplate","+$value% Movement Speed","+$value% rychlost pohybu"
"swords_swift_strikes.loreTemplates[0]","&7Movement Speed: &f+$value%","&7Rychlost pohybu: &f+$value%"
"swords_swift_strikes.loreTemplates[1]","&7Active while holding a sword","&7Aktivní při držení meče"
"swords_swift_strikes.name","&bSwift Strikes","&bRychlé údery"
"swords_vorpal_strike.description[0]","&7Critical hits can deal","&7Kritické zásahy mohou způsobit"
"swords_vorpal_strike.description[1]","&7devastating bonus damage.","&7drtivé bonusové poškození."
"swords_vorpal_strike.formattedBonusTemplate","$multiplierx Critical Damage","$multiplierx kritické poškození"
"swords_vorpal_strike.loreTemplates[0]","&7Damage Multiplier: &f$multiplierx","&7Násobič poškození: &f$multiplierx"
"swords_vorpal_strike.loreTemplates[1]","&7Cooldown: &f$cooldowns","&7Obnovení: &f$cooldowns"
"swords_vorpal_strike.loreTemplates[2]","&7Only triggers on critical hits","&7Spouští se pouze při kritických zásazích"
"swords_vorpal_strike.name","&4Vorpal Strike","&4Vorpalový úder"
"test_boss.deathMessage","A test boss has been slain by $players!","Test boss byl zabit hráčem $players!"
"test_boss.deathMessages[0]","&e&l---------------------------------------------","&e&l---------------------------------------------"
"test_boss.deathMessages[1]","&eThe Test Boss has been debugged!","&eTest Boss byl odladěn!"
"test_boss.deathMessages[2]","&c&l    1st Damager: $damager1name &cwith $damager1damage damage!","&c&l    1. Útočník: $damager1name &cse $damager1damage poškozením!"
"test_boss.deathMessages[3]","&6&l    2nd Damager: $damager2name &6with $damager2damage damage!","&6&l    2. Útočník: $damager2name &cse $damager2damage poškozením!"
"test_boss.deathMessages[4]","&e&l    3rd Damager: $damager3name &ewith $damager3damage damage!","&e&l    3. Útočník: $damager3name &es $damager3damage poškozením!"
"test_boss.deathMessages[5]","&aSlayers: $players","&aLovci: $players"
"test_boss.deathMessages[6]","&e&l---------------------------------------------","&e&l---------------------------------------------"
"test_boss.escapeMessage","A test boss entity has escaped!","Entita testovacího bosse unikla!"
"test_boss.locationMessage","Test entity: $distance","Testovací entita: $distance"
"test_boss.name","$eventBossLevel &6Test boss","$eventBossLevel &6Test boss"
"test_boss.onDamageMessages[0]","I've hit you!","Dal jsem vás!"
"test_boss.onDamagedMessages[0]","I've been hit!","Byl jsem zasažen!"
"test_boss.spawnMessage","A test boss has been spawned!","Byl vyvolán test boss!"
"test_npc.dialog[0]","Test Dialog!","Testovací dialog!"
"test_npc.farewell[0]","Test Farewell!","Testovací rozloučení!"
"test_npc.greetings[0]","Test Greeting!","Testovací pozdrav!"
"test_npc.name","Test NPC","Test NPC"
"test_npc.role","Testing!","Testování!"
"test_quest.name","Kill the Test Boss","Zabijte testovacího bossa"
"test_quest.questLore[0]","&cEnd the test boss' reign of terror!","&cUkončete vládu teroru test bossa!"
"the_airship.customInfo[0]","&fAn awesome airship full of undead pirates!","&fÚžasná vzduchoplachta plná nemrtvých pirátů!"
"the_airship.customInfo[1]","&6Credits: MagmaGuy, 69OzCanOfBepis","&6Poděkování: MagmaGuy, 69OzCanOfBepis"
"the_airship.customInfo[2]","&6and Realm of Lotheridon","&6a Realm of Lotheridon"
"the_airship.difficulties.0.name","normal","normal"
"the_airship.difficulties.1.name","hard","hard"
"the_airship.difficulties.2.name","mythic","mythic"
"the_airship.name","&2[Dynamic] &6The Airship","&2[Dynamic] &6Vzduchová loď"
"the_airship.playerInfo","Difficulty: &6Medium
$bossCount bosses, from level $lowestTier to $highestTier
&6An awesome airship full of undead pirates
&6for experienced players!","Obtížnost: &6Střední
$bossCount bossů, od úrovně $lowestTier do $highestTier
&6Úžasná vzduchová loď plná nemrtvých pirátů
&6pro zkušené hráče!"
"the_airship.regionEnterMessage","&8[EM] &cEntering hostile air zone!","&8[EM] &cVstupujete do nepřátelské vzdušné zóny!"
"the_airship.regionLeaveMessage","&8[EM] &cLeaving hostile air zone!","&8[EM] &cOpouštíte nepřátelskou vzdušnou zónu!"
"the_bridge_sanctum.customInfo[0]","&fThe perfect intermediate instanced sanctum!","&fDokonalé středně pokročilé instanční svatyně!"
"the_bridge_sanctum.customInfo[1]","&6Credits: Dali_, MagmaGuy, Frostcone","&6Autoři: Dali_, MagmaGuy, Frostcone"
"the_bridge_sanctum.difficulties.0.name","normal","normal"
"the_bridge_sanctum.difficulties.1.name","hard","hard"
"the_bridge_sanctum.difficulties.2.name","mythic","mythic"
"the_bridge_sanctum.name","&2[Dynamic] &3The Bridge Sanctum","&3Mostní svatyně"
"the_bridge_sanctum.playerInfo","&aDynamic Sanctum
$bossCount boss encounters
&bCross the bridge and face
&bits ancient guardian!","Obtížnost: &4Těžký obsah pro 5 hráčů!"
"the_bridge_sanctum.regionEnterMessage","&bBefore being able to enter the city you must deal with the guardian on the bridge!","&bPředtím, než budeš moci vstoupit do města, musíš se vypořádat se strážcem na mostě!"
"the_bridge_sanctum.regionLeaveMessage","&bYou have left The Bridge!","&bOpustil jsi Most!"
"the_bridge_teleporter.greetings[0]","",""
"the_bridge_teleporter.name","<g:#7A6A5A:#8A7A6A>Old Dwarf Jotun</g>","<g:#7A6A5A:#8A7A6A>Starý trpaslík Jotun</g>"
"the_bridge_teleporter.role","<g:#6A5A4A:#7A6A5A><The Bridge></g>","<g:#6A5A4A:#7A6A5A><The Bridge></g>"
"the_cave_sanctum.customInfo[0]","&fThe perfect starter instanced sanctum!","&fDokonalá začátečnická instanční svatyně!"
"the_cave_sanctum.customInfo[1]","&6Credits: MagmaGuy, Frostcone, 69OzCanOfBepis, Realm of Lotheridon","&6Autoři: MagmaGuy, Frostcone, 69OzCanOfBepis, Realm of Lotheridon"
"the_cave_sanctum.difficulties.0.name","normal","normal"
"the_cave_sanctum.difficulties.1.name","hard","hard"
"the_cave_sanctum.difficulties.2.name","mythic","mythic"
"the_cave_sanctum.name","&2[Dynamic] &3The Cave Sanctum","&3Jeskyňní svatyně"
"the_cave_sanctum.playerInfo","&aDynamic Sanctum
$bossCount boss encounters
&7Explore the depths of
&7the cave!","Obtížnost: &4Těžký obsah pro 5 hráčů!"
"the_cave_sanctum.regionEnterMessage","&bYou've been asked to clear the path to the underground. Deal with the thing in the cave!","&bBylo ti uloženo vyčistit cestu do podzemí. Vypořádej se s tím v jeskyni!"
"the_cave_sanctum.regionLeaveMessage","&bYou have left The Cave!","&bOpustil jsi Jeskyni!"
"the_cave_teleporter.greetings[0]","",""
"the_cave_teleporter.name","<g:#7A6A5A:#8A7A6A>Village Mother Martha</g>","<g:#7A6A5A:#8A7A6A>Vesnická matka Marta</g>"
"the_cave_teleporter.role","<g:#6A5A4A:#7A6A5A><The Cave></g>","<g:#6A5A4A:#7A6A5A><The Cave></g>"
"the_city_dungeon.customInfo[0]","&fThe perfect intermediate instanced sanctum!","&fDokonalé středně pokročilé instanční žalář!"
"the_city_dungeon.customInfo[1]","&6Credits: Dali_, MagmaGuy, Frostcone","&6Autoři: Dali_, MagmaGuy, Frostcone"
"the_city_dungeon.difficulties.0.name","normal","normal"
"the_city_dungeon.difficulties.1.name","hard","hard"
"the_city_dungeon.difficulties.2.name","mythic","mythic"
"the_city_dungeon.name","&2[Dynamic] &3The City Dungeon","&3Městský žalář"
"the_city_dungeon.playerInfo","&aDynamic Dungeon
$bossCount boss encounters
&3Fight through the streets
&3of the city!","Obtížnost: &4Těžký obsah pro 5 hráčů!"
"the_city_dungeon.regionEnterMessage","&bBefore being able to enter the city you must deal with the guardian on the bridge!","&bPředtím, než budeš moci vstoupit do města, musíš se vypořádat se strážcem na mostě!"
"the_city_dungeon.regionLeaveMessage","&bYou have left The City!","&bOpustil jsi Město!"
"the_city_teleporter.greetings[0]","",""
"the_city_teleporter.name","<g:#7A5A4A:#8A6A5A>Dwarf Olav</g>","<g:#7A5A4A:#8A6A5A>Trpaslík Olav</g>"
"the_city_teleporter.role","<g:#6A4A3A:#7A5A4A><The City></g>","<g:#6A4A3A:#7A5A4A><The City></g>"
"the_climb_dungeon.customInfo[0]","&fThe perfect starter instanced dungeon!","&fDokonalý začátečnický instanční žalář!"
"the_climb_dungeon.customInfo[1]","&6Credits: MagmaGuy, Frostcone, 69OzCanOfBepis, Realm of Lotheridon","&6Autoři: MagmaGuy, Frostcone, 69OzCanOfBepis, Realm of Lotheridon"
"the_climb_dungeon.difficulties.0.name","normal","normal"
"the_climb_dungeon.difficulties.1.name","hard","hard"
"the_climb_dungeon.difficulties.2.name","mythic","mythic"
"the_climb_dungeon.name","&2[Dynamic] &3The Climb Dungeon","&3Žalář výstupu"
"the_climb_dungeon.playerInfo","&aDynamic Dungeon
$bossCount boss encounters
&3Scale the heights of
&3this dangerous ascent!","Obtížnost: &4Těžký obsah pro 5 hráčů!"
"the_climb_dungeon.regionEnterMessage","&bYou've been asked to investigate the path to the caves. Climb your way to the top!","&bBylo ti uloženo prozkoumat cestu k jeskyním. Vyšplhej se na vrchol!"
"the_climb_dungeon.regionLeaveMessage","&bYou have left The Climb!","&bOpustil jsi Výstup!"
"the_climb_teleporter.greetings[0]","",""
"the_climb_teleporter.name","<g:#6A6A6A:#7A7A7A>Miner Regulus</g>","<g:#6A6A6A:#7A7A7A>Horník Regulus</g>"
"the_climb_teleporter.role","<g:#5A5A5A:#6A6A6A><The Climb></g>","<g:#5A5A5A:#6A6A6A><The Climb></g>"
"the_colosseum_lair.customInfo[0]","&fA colosseum!","&fKolosseum!"
"the_colosseum_lair.customInfo[1]","&6Credits: MagmaGuy, Dali, Frost","&6Autoři: MagmaGuy, Dali, Frost"
"the_colosseum_lair.difficulties.0.name","normal","normal"
"the_colosseum_lair.difficulties.1.name","hard","hard"
"the_colosseum_lair.difficulties.2.name","mythic","mythic"
"the_colosseum_lair.name","&2[Dynamic] &8The Colosseum","&2[Dynamický] &8Kolosseum"
"the_colosseum_lair.playerInfo","Difficulty: &cHard
$bossCount bosses, from tier $lowestTier to $highestTier
&2A great Lair!","Obtížnost: &cTěžká
$bossCount bossů, od stupně $lowestTier do $highestTier
&2Skvělé doupě!"
"the_colosseum_lair.regionEnterMessage","&8[EM] &8Now entering the Colosseum. Do you dare challenge the champion...","&8[EM] &8Vstupuješ do Kolosea. Odváží se vyzkoušet šampiona..."
"the_colosseum_lair.regionLeaveMessage","&8[EM] &8You have left the Colosseum.","&8[EM] &8Opustil jsi Kolosseum."
"the_dark_spire.customInfo[0]","&fDescend into the depths of the Dark Spire","&fSestup do hlubin Temné věže"
"the_dark_spire.customInfo[1]","&7Choose your challenge level before entering!","&7Zvolte si úroveň výzvy před vstupem!"
"the_dark_spire.customInfo[2]","&6Credits: 69OzCanOfBepis","&6Autoři: 69OzCanOfBepis"
"the_dark_spire.difficulties.0.name","normal","normal"
"the_dark_spire.difficulties.1.name","hard","hard"
"the_dark_spire.difficulties.2.name","mythic","mythic"
"the_dark_spire.name","&2[Dynamic] &6The Dark Spire","&2[Dynamický] &6Temná věž"
"the_dark_spire.playerInfo","&aDynamic Minidungeon
$bossCount boss encounters
&7Descend into the depths
&7of the Dark Spire!","Obtížnost: &4Dynamický obsah!"
"the_dark_spire.regionEnterMessage","&8[EM] &1An invasion is in progress. &9Stop the insurrection!","&8[EM] &1Probíhá invaze. &9Zastav povstání!"
"the_dark_spire.regionLeaveMessage","&8[EM] &1You managed to hold them back. &9For now...","&8[EM] &1Podařilo se ti je zadržet. &9Prozatím..."
"the_deep_mines_dungeon.customInfo[0]","&fBelow lies the deepest mine ever dug.","&fNíže leží nejhlubší důl, který byl kdy vykopán."
"the_deep_mines_dungeon.customInfo[1]","&6Credits: Dali, MagmaGuy, FrostCone","&6Autoři: Dali, MagmaGuy, FrostCone"
"the_deep_mines_dungeon.difficulties.0.name","normal","normal"
"the_deep_mines_dungeon.difficulties.1.name","hard","hard"
"the_deep_mines_dungeon.difficulties.2.name","mythic","mythic"
"the_deep_mines_dungeon.name","&2[Dynamic] &3The Deep Mines Dungeon","&3Žalář hlubokých dolů"
"the_deep_mines_dungeon.playerInfo","&aDynamic Sanctum
$bossCount boss encounters
&8Below lies the deepest
&8mine ever dug.","Obtížnost: &4Těžký obsah pro 5 hráčů!"
"the_deep_mines_dungeon.regionEnterMessage","&bVenture far down and find out how deep the deep mines are.","&bVydej se hluboko dolů a zjisti, jak hluboko sahají hluboké doly."
"the_deep_mines_dungeon.regionLeaveMessage","&bYou have left The Deep Mines!","&bOpustil jsi Hluboké doly!"
"the_deep_mines_teleporter.greetings[0]","",""
"the_deep_mines_teleporter.name","<g:#8A4A3A:#9A5A4A>Nether Lurk</g>","<g:#8A4A3A:#9A5A4A>Netherský číhač</g>"
"the_deep_mines_teleporter.role","<g:#7A3A2A:#8A4A3A><The Deep Mines></g>","<g:#7A3A2A:#8A4A3A><The Deep Mines></g>"
"the_hallowed_haunt_dynamic_dungeon.customInfo[0]","&fThe spookiest manor in all of MineCraft!","&fNejstrašidelnější sídlo v celém MineCraftu!"
"the_hallowed_haunt_dynamic_dungeon.customInfo[1]","&7Choose your challenge level before entering!","&7Zvolte si úroveň výzvy před vstupem!"
"the_hallowed_haunt_dynamic_dungeon.customInfo[2]","&6Credits: Dali_, MagmaGuy, FrostCone","&6Autoři: Dali_, MagmaGuy, FrostCone"
"the_hallowed_haunt_dynamic_dungeon.difficulties.0.name","normal","normal"
"the_hallowed_haunt_dynamic_dungeon.difficulties.1.name","hard","hard"
"the_hallowed_haunt_dynamic_dungeon.difficulties.2.name","mythic","mythic"
"the_hallowed_haunt_dynamic_dungeon.name","&2[Dynamic] &3The Hallowed Haunt Dungeon","&2[Dynamický] &3Žalář přízračného sídla"
"the_hallowed_haunt_dynamic_dungeon.playerInfo","&aDynamic Dungeon
$bossCount boss encounters
&5The spookiest manor in
&5all of MineCraft!","Obtížnost: &4Dynamický obsah pro 5 hráčů!"
"the_hallowed_haunt_dynamic_dungeon.regionEnterMessage","&bBeware the horror the lurks in the manor!","&bBuďte opatrní hrůzy číhající v sídle!"
"the_hallowed_haunt_dynamic_dungeon.regionLeaveMessage","&bYou have left The Hallowed Haunt!","&bOpustil jsi Přízračné sídlo!"
"the_living_dead.name","$reinforcementLevel <g:#808080:#D3D3D3>The Living Dead</g>","$reinforcementLevel <g:#808080:#D3D3D3>Živí mrtví</g>"
"the_mines_dungeon.customInfo[0]","&fReady to step up your dungeon game?","&fJsi připraven posunout svůj žalářový výkon?"
"the_mines_dungeon.customInfo[1]","&6Credits: MagmaGuy, Frostcone, 69OzCanOfBepis, Realm of Lotheridon, Dali_","&6Autoři: MagmaGuy, Frostcone, 69OzCanOfBepis, Realm of Lotheridon, Dali_"
"the_mines_dungeon.difficulties.0.name","normal","normal"
"the_mines_dungeon.difficulties.1.name","hard","hard"
"the_mines_dungeon.difficulties.2.name","mythic","mythic"
"the_mines_dungeon.name","&2[Dynamic] &3The Mines Dungeon","&3Žalář dolů"
"the_mines_dungeon.playerInfo","&aDynamic Dungeon
$bossCount boss encounters
&3Ready to step up your
&3dungeon game?","Obtížnost: &4Těžký obsah pro 5 hráčů!"
"the_mines_dungeon.regionEnterMessage","&bYou''ve been asked to investigate what lurks in the mines. Find your way to the depths of the mine!","&bBylo ti uloženo prozkoumat, co číhá v dolech. Najdi cestu do hlubin dolu!"
"the_mines_dungeon.regionLeaveMessage","&bYou have left The Mines!","&bOpustil jsi Doly!"
"the_mines_teleporter.greetings[0]","",""
"the_mines_teleporter.name","<g:#5A5A5A:#6A6A6A>Prospector Voultar</g>","<g:#5A5A5A:#6A6A6A>Prospektér Voultar</g>"
"the_mines_teleporter.role","<g:#4A4A4A:#5A5A5A><The Mines></g>","<g:#4A4A4A:#5A5A5A><The Mines></g>"
"the_nether_bell_sanctum.customInfo[0]","&fVenture into the deepest part of the Nether!","&fVydej se do nejhlubší části Netheru!"
"the_nether_bell_sanctum.customInfo[1]","&6Credits: Dali_, MagmaGuy, Frostcone","&6Autoři: Dali_, MagmaGuy, Frostcone"
"the_nether_bell_sanctum.difficulties.0.name","normal","normal"
"the_nether_bell_sanctum.difficulties.1.name","hard","hard"
"the_nether_bell_sanctum.difficulties.2.name","mythic","mythic"
"the_nether_bell_sanctum.name","&2[Dynamic] &3The Nether Bell Sanctum","&3Svatyně Nether Bell"
"the_nether_bell_sanctum.playerInfo","&aDynamic Sanctum
$bossCount boss encounters
&cVenture into the deepest
&cpart of the Nether!","Obtížnost: &4těžký obsah pro 5 hráčů!"
"the_nether_bell_sanctum.regionEnterMessage","&bNo being should be this deep in the Nether...","&bŽádná bytost by neměla být tak hluboko v Netheru..."
"the_nether_bell_sanctum.regionLeaveMessage","&bYou have left The Nether Bell!","&bOpustil jsi The Nether Bell!"
"the_nether_bell_teleporter.greetings[0]","",""
"the_nether_bell_teleporter.name","<g:#7A3A3A:#8A4A4A>Ancient Corpse</g>","<g:#7A3A3A:#8A4A4A>Starověká mrtvola</g>"
"the_nether_bell_teleporter.role","<g:#6A2A2A:#7A3A3A><The Nether Bell></g>","<g:#6A2A2A:#7A3A3A><The Nether Bell></g>"
"the_nether_wastes_dungeon.customInfo[0]","&fAn unexplored part of the Nether.","&fNeprobádaná část Netheru."
"the_nether_wastes_dungeon.customInfo[1]","&6Credits: MagmaGuy, Frostcone, Dali_","&6Autoři: MagmaGuy, Frostcone, Dali_"
"the_nether_wastes_dungeon.difficulties.0.name","normal","normal"
"the_nether_wastes_dungeon.difficulties.1.name","hard","hard"
"the_nether_wastes_dungeon.difficulties.2.name","mythic","mythic"
"the_nether_wastes_dungeon.name","&2[Dynamic] &3The Nether Wastes Dungeon","&3Žalář Nether Wastes"
"the_nether_wastes_dungeon.playerInfo","&aDynamic Dungeon
$bossCount boss encounters
&cAn unexplored and dangerous
&cpart of the Nether.","Obtížnost: &4těžký obsah pro 5 hráčů!"
"the_nether_wastes_dungeon.regionEnterMessage","&bTraverse the wastes and see what you can find.","&bProjdi pustiny a podívej se, co najdeš."
"the_nether_wastes_dungeon.regionLeaveMessage","&bYou have left The Nether Wastes!","&bOpustil jsi The Nether Wastes!"
"the_nether_wastes_teleporter.greetings[0]","",""
"the_nether_wastes_teleporter.name","<g:#9A5A3A:#AA6A4A>Nether Shroom</g>","<g:#9A5A3A:#AA6A4A>Netherská houba</g>"
"the_nether_wastes_teleporter.role","<g:#8A4A2A:#9A5A3A><The Nether Wastes></g>","<g:#8A4A2A:#9A5A3A><The Nether Wastes></g>"
"the_palace_sanctum.customInfo[0]","&fThe perfect intermediate instanced sanctum!","&fDokonalá instancovaná svatyně pro středně pokročilé!"
"the_palace_sanctum.customInfo[1]","&6Credits: Dali_, MagmaGuy, Frostcone","&6Autoři: Dali_, MagmaGuy, Frostcone"
"the_palace_sanctum.difficulties.0.name","normal","normal"
"the_palace_sanctum.difficulties.1.name","hard","hard"
"the_palace_sanctum.difficulties.2.name","mythic","mythic"
"the_palace_sanctum.name","&2[Dynamic] &3The Palace Sanctum","&3Palácová svatyně"
"the_palace_sanctum.playerInfo","&aDynamic Sanctum
$bossCount boss encounters
&3Storm the palace and
&3defeat its ruler!","Obtížnost: &4těžký obsah pro 5 hráčů!"
"the_palace_sanctum.regionEnterMessage","&bBefore being able to enter the city you must deal with the guardian on the bridge!","&bNež budeš moci vstoupit do města, musíš se vypořádat se strážcem na mostě!"
"the_palace_sanctum.regionLeaveMessage","&bYou have left The Palace!","&bOpustil jsi The Palace!"
"the_palace_teleporter.greetings[0]","",""
"the_palace_teleporter.name","<g:#A89040:#B8A050>Royal Guard Sven</g>","<g:#A89040:#B8A050>Královský strážce Sven</g>"
"the_palace_teleporter.role","<g:#988030:#A89040><The Palace></g>","<g:#988030:#A89040><The Palace></g>"
"the_quarry_dungeon.customInfo[0]","&fAn ancient dwarven quarry deep underground.","&fPrastarý trpasličí lom hluboko pod zemí."
"the_quarry_dungeon.customInfo[1]","&6Credits: Dali_, MagmaGuy, Frostcone","&6Zásluhy: Dali_, MagmaGuy, Frostcone"
"the_quarry_dungeon.difficulties.0.name","normal","normal"
"the_quarry_dungeon.difficulties.1.name","hard","hard"
"the_quarry_dungeon.difficulties.2.name","mythic","mythic"
"the_quarry_dungeon.name","&2[Dynamic] &3The Quarry Dungeon","&3Žalář The Quarry"
"the_quarry_dungeon.playerInfo","&aDynamic Dungeon
$bossCount boss encounters
&3An ancient dwarven quarry
&3deep underground.","Obtížnost: &4Těžký obsah pro 5 hráčů!"
"the_quarry_dungeon.regionEnterMessage","&bGo down into the quarry and get that lift working.","&bSejdi dolů do lomu a zprovozni ten výtah."
"the_quarry_dungeon.regionLeaveMessage","&bYou have left The Quarry!","&bOpustil jsi The Quarry!"
"the_quarry_teleporter.greetings[0]","",""
"the_quarry_teleporter.name","<g:#7A6A5A:#8A7A6A>Dwarf Berge</g>","<g:#7A6A5A:#8A7A6A>Trpaslík Berge</g>"
"the_quarry_teleporter.role","<g:#6A5A4A:#7A6A5A><The Quarry></g>","<g:#6A5A4A:#7A6A5A><The Quarry></g>"
"the_returned.name","$reinforcementLevel <g:#696969:#A9A9A9>The Returned</g>","$reinforcementLevel <g:#696969:#A9A9A9>Navrácený</g>"
"the_ruins.customInfo[0]","&fA fight against a myth from","&fBoj proti mýtu z"
"the_ruins.customInfo[1]","&fNorse mythology, be prepared for a smiting!","&fseverské mytologie, připrav se na tvrdý zásah!"
"the_ruins.customInfo[2]","&6Credits: 69OzCanOfBepis, MagmaGuy, Dali, Frost","&6Zásluhy: 69OzCanOfBepis, MagmaGuy, Dali, Frost"
"the_ruins.difficulties.0.name","normal","normal"
"the_ruins.difficulties.1.name","hard","hard"
"the_ruins.difficulties.2.name","mythic","mythic"
"the_ruins.name","&2[Dynamic] &6The Ruins","&2[Dynamický] &6The Ruins"
"the_ruins.playerInfo","Difficulty: &cHard
$bossCount level $lowestTier Big Boss!
&cA tough fight against a Norse god!","Obtížnost: &cTěžká
$bossCount Velký Boss úrovně $lowestTier!
&cTěžký boj proti severskému bohu!"
"the_ruins.regionEnterMessage","&8[EM] &3Those who challenge the myths must be prepared for their downfall!","&8[EM] &3Ti, kdo vyzývají mýty, musí být připraveni na svůj pád!"
"the_ruins.regionLeaveMessage","&8[EM] &3You now know what it takes to make a legend!","&8[EM] &3Teď už víš, co je třeba k vytvoření legendy!"
"the_stinger.lore[0]","&aFloat like a butterfly,","&aLeť jako motýl,"
"the_stinger.lore[1]","&asting like a bee!","&abodej jako včela!"
"the_stinger.name","<g:#FFD700:#FFA500>The Stinger</g>","<g:#FFD700:#FFA500>Bodec</g>"
"thorns.name","Thorns","Trny"
"travelling_merchant.dialog[0]","I'll buy it on the cheap!","Koupím to za babku!"
"travelling_merchant.dialog[1]","Got something for me?","Máš pro mě něco?"
"travelling_merchant.dialog[2]","Time is money!","Čas jsou peníze!"
"travelling_merchant.farewell[0]","Call me again anytime!","Kdykoli mě znovu zavolej!"
"travelling_merchant.farewell[1]","Was that all?","To je všechno?"
"travelling_merchant.farewell[2]","Safe travels!","Šťastnou cestu!"
"travelling_merchant.farewell[3]","Don't get yourself killed!","Nenech se zabít!"
"travelling_merchant.farewell[4]","Good hunting!","Úspěšný lov!"
"travelling_merchant.greetings[0]","Got something to sell?","Máš něco na prodej?"
"travelling_merchant.greetings[1]","You called?","Volal jsi?"
"travelling_merchant.greetings[2]","Huh?","Cože?"
"travelling_merchant.name","<g:#7A5A3A:#8A6A4A>Jeeves</g>","<g:#7A5A3A:#8A6A4A>Jeeves</g>"
"travelling_merchant.role","<g:#6A4A2A:#7A5A3A><Travelling Merchant></g>","<g:#6A4A2A:#7A5A3A><Cestující obchodník></g>"
"trial_omen.name","Trial Omen","Předzvěst zkoušky"
"tridents_depth_charge.description[0]","&7Bonus damage and AOE against","&7Bonusové poškození a AOE proti"
"tridents_depth_charge.description[1]","&7enemies in water.","&7nepřátelům ve vodě."
"tridents_depth_charge.formattedBonusTemplate","+$damageBonus% (In Water)","+$damageBonus% (Ve vodě)"
"tridents_depth_charge.loreTemplates[0]","&7Active: &fTarget in water","&7Aktivní: &fCíl ve vodě"
"tridents_depth_charge.loreTemplates[1]","&7Damage Bonus: &f+$damageBonus%","&7Bonus poškození: &f+$damageBonus%"
"tridents_depth_charge.loreTemplates[2]","&7AOE Damage: &f$aoeDamage%","&7AOE poškození: &f$aoeDamage%"
"tridents_depth_charge.loreTemplates[3]","&7Radius: &f$radius blocks","&7Poloměr: &f$radius bloků"
"tridents_depth_charge.name","&9Depth Charge","&9Hlubinná nálož"
"tridents_impale.description[0]","&7Chance to impale enemies","&7Šance nabodnout nepřátele"
"tridents_impale.description[1]","&7for massive bonus damage.","&7pro masivní bonusové poškození."
"tridents_impale.formattedBonusTemplate","$multiplierx Damage","$multiplierx poškození"
"tridents_impale.loreTemplates[0]","&7Chance: &f$procChance%","&7Šance: &f$procChance%"
"tridents_impale.loreTemplates[1]","&7Damage Multiplier: &f$multiplierx","&7Násobitel poškození: &f$multiplierx"
"tridents_impale.loreTemplates[2]","","&7Ignoruje brnění"
"tridents_impale.name","&4Impale","&4Nabodnutí"
"tridents_leviathan_wrath.description[0]","&7Unleash devastating AOE attack","&7Uvolní ničivý AOE útok"
"tridents_leviathan_wrath.description[1]","&7with lightning. 60s CD.","&7s blesky. CD 60 s."
"tridents_leviathan_wrath.formattedBonusTemplate","$multiplierx AOE Damage","$multiplierx AOE poškození"
"tridents_leviathan_wrath.loreTemplates[0]","&7Cooldown: &f$cooldowns","&7Obnovení: &f$cooldowns"
"tridents_leviathan_wrath.loreTemplates[1]","&7Damage Multiplier: &f$multiplierx","&7Násobitel poškození: &f$multiplierx"
"tridents_leviathan_wrath.loreTemplates[2]","&7Radius: &f$radius blocks","&7Poloměr: &f$radius bloků"
"tridents_leviathan_wrath.loreTemplates[3]","&7Lightning strikes + AOE damage","&7Údery blesku + AOE poškození"
"tridents_leviathan_wrath.name","&5Leviathan's Wrath","&5Leviatanův hněv"
"tridents_poseidons_favor.description[0]","&7Gain aquatic buffs when","&7Získáš vodní bonusy při"
"tridents_poseidons_favor.description[1]","&7hitting enemies with trident.","&7zásahu nepřátel trojzubcem."
"tridents_poseidons_favor.description[2]","&7(Best in water environments)","&7(Nejlepší ve vodním prostředí)"
"tridents_poseidons_favor.formattedBonusTemplate","+$damageBonus% Damage","+$damageBonus% poškození"
"tridents_poseidons_favor.loreTemplates[0]","&7On hit: &fWater Breathing","&7Při zásahu: &fDýchání pod vodou"
"tridents_poseidons_favor.loreTemplates[1]","&7Dolphin's Grace &f$dolphinLevel","&7Delfíní milost &f$dolphinLevel"
"tridents_poseidons_favor.loreTemplates[2]","&7Conduit Power","&7Síla mořského kanálu"
"tridents_poseidons_favor.loreTemplates[3]","&7Damage Bonus: &f+$damageBonus%","&7Bonus poškození: &f+$damageBonus%"
"tridents_poseidons_favor.name","&1Poseidon's Favor","&1Poseidonova přízeň"
"tridents_returning_haste.description[0]","&7Consecutive throws increase","&7Po sobě jdoucí hody zvyšují"
"tridents_returning_haste.description[1]","&7damage. Stacks up to 5x.","&7poškození. Sčítá se až do 5x."
"tridents_returning_haste.formattedBonusTemplate","+$bonusPerStack% per stack","+$bonusPerStack% za stack"
"tridents_returning_haste.loreTemplates[0]","&7Max Stacks: &f$maxStacks","&7Max stacků: &f$maxStacks"
"tridents_returning_haste.loreTemplates[1]","&7Per Stack: &f+$bonusPerStack%","&7Za stack: &f+$bonusPerStack%"
"tridents_returning_haste.loreTemplates[2]","&7Max Bonus: &f+$maxBonus%","&7Max bonus: &f+$maxBonus%"
"tridents_returning_haste.loreTemplates[3]","&7Decay: &f5 seconds","&7Opadnutí: &f5 sekund"
"tridents_returning_haste.name","&aReturning Haste","&aZrychlený návrat"
"tridents_riptide_mastery.description[0]","&7Bonus damage in water or rain.","&7Bonusové poškození ve vodě nebo v dešti."
"tridents_riptide_mastery.description[1]","&7Extra bonus when both!","&7Extra bonus při obou podmínkách!"
"tridents_riptide_mastery.formattedBonusTemplate","+$damageBonus% (Water/Rain)","+$damageBonus% (Voda/Déšť)"
"tridents_riptide_mastery.loreTemplates[0]","&7Active: &fIn water or rain","&7Aktivní: &fVe vodě nebo dešti"
"tridents_riptide_mastery.loreTemplates[1]","&7Damage Bonus: &f+$damageBonus%","&7Bonus poškození: &f+$damageBonus%"
"tridents_riptide_mastery.loreTemplates[2]","&7Both conditions: &f+$doubleBonus%","&7Obě podmínky: &f+$doubleBonus%"
"tridents_riptide_mastery.name","&3Riptide Mastery","&3Mistrovství přílivu"
"tridents_snare.description[0]","&7Chance to root enemies","&7Šance znehybnit nepřátele"
"tridents_snare.description[1]","&7in place temporarily.","&7dočasně na místě."
"tridents_snare.formattedBonusTemplate","Slowness $slownessLevel","Zpomalení $slownessLevel"
"tridents_snare.loreTemplates[0]","&7Chance: &f$procChance%","&7Šance: &f$procChance%"
"tridents_snare.loreTemplates[1]","&7Slowness Level: &f$slownessLevel","&7Úroveň zpomalení: &f$slownessLevel"
"tridents_snare.loreTemplates[2]","&7Duration: &f3 seconds","&7Trvání: &f3 sekundy"
"tridents_snare.name","&bSnare","&bPast"
"tridents_storm_caller.description[0]","&7Chance to strike enemies","&7Šance zasáhnout nepřátele"
"tridents_storm_caller.description[1]","&7with lightning.","&7bleskem."
"tridents_storm_caller.formattedBonusTemplate","+$lightningDamage% Lightning Damage","+$lightningDamage% poškození bleskem"
"tridents_storm_caller.loreTemplates[0]","&7Chance: &f$procChance%","&7Šance: &f$procChance%"
"tridents_storm_caller.loreTemplates[1]","&7Lightning Damage: &f$lightningDamage%","&7Poškození bleskem: &f$lightningDamage%"
"tridents_storm_caller.loreTemplates[2]","&7Strikes lightning effect","&7Vyvolá efekt blesku"
"tridents_storm_caller.name","&eStorm Caller","&eVolání bouře"
"tridents_tidal_surge.description[0]","&7Create a wave that knocks","&7Vytvoří vlnu, která odhodí"
"tridents_tidal_surge.description[1]","&7back nearby enemies. 20s CD.","&7blízké nepřátele. CD 20 s."
"tridents_tidal_surge.formattedBonusTemplate","$knockback Knockback","$knockback Odhození"
"tridents_tidal_surge.loreTemplates[0]","&7Cooldown: &f$cooldowns","&7Obnovení: &f$cooldowns"
"tridents_tidal_surge.loreTemplates[1]","&7Knockback: &f$knockback","&7Odhození: &f$knockback"
"tridents_tidal_surge.loreTemplates[2]","&7Radius: &f$radius blocks","&7Poloměr: &f$radius bloků"
"tridents_tidal_surge.name","&9Tidal Surge","&9Přílivová vlna"
"tridents_undertow.description[0]","&7Chance to pull enemies","&7Šance přitáhnout nepřátele"
"tridents_undertow.description[1]","&7toward you.","&7k sobě."
"tridents_undertow.formattedBonusTemplate","$pullStrength Pull Strength","$pullStrength Síla přitažení"
"tridents_undertow.loreTemplates[0]","&7Chance: &f$procChance%","&7Šance: &f$procChance%"
"tridents_undertow.loreTemplates[1]","&7Pull Strength: &f$pullStrength","&7Síla přitažení: &f$pullStrength"
"tridents_undertow.loreTemplates[2]","&7Pulls targets toward you","&7Přitahuje cíle k tobě"
"tridents_undertow.name","&8Undertow","&8Spodní proud"
"unbind.name","Unbind","Odvázat"
"unbind_menu.cancelButton.lore[0]","&cCancel unbind!","&cCancel unbind!"
"unbind_menu.cancelButton.name","&4Cancel","&4Cancel"
"unbind_menu.confirmButton.lore[0]","&aUnbind item!","&aUnbind item!"
"unbind_menu.confirmButton.name","&2Confirm!","&2Confirm!"
"unbind_menu.eliteItemInputInformationButton.lore[0]","&aThis slot is for your elite item!","&aThis slot is for your elite item!"
"unbind_menu.eliteItemInputInformationButton.name","&2Elite Item Input slots","&2Elite Item Input slots"
"unbind_menu.infoButton.lore[0]","&8Support the plugins you enjoy!","&8Support the plugins you enjoy!"
"unbind_menu.infoButton.lore[1]","&aUse an &5Unbind Scroll &ato remove Soulbind from an item!","&aUse an &5Unbind Scroll &ato remove Soulbind from an item!"
"unbind_menu.infoButton.name","&4&lEliteMobs &cby &4&lMagmaGuy","&4&lEliteMobs &cby &4&lMagmaGuy"
"unbind_menu.outputInformationButton.lore[0]","&aThis slot previews the result of your unbind!","&aThis slot previews the result of your unbind!"
"unbind_menu.outputInformationButton.name","&2Unbound Item Output slot","&2Unbound Item Output slot"
"unbind_menu.shopName","[EM] Unbind menu!","[EM] Nabídka odvázání!"
"unbind_menu.unbindScrollInputInformationButton.lore[0]","&aThis slot is for your &9Unbind Scroll&a!","&aThis slot is for your &9Unbind Scroll&a!"
"unbind_menu.unbindScrollInputInformationButton.name","&5Unbind Scroll &aInput slots","&5Unbind Scroll &aInput slots"
"unbind_scroll.lore[0]","&5Allows users to unbind one","&5Umožňuje hráčům odvázat jeden"
"unbind_scroll.lore[1]","&5soulbound item at an anvil!","&5předmět Vázáno na duši na kovadlině!"
"unbind_scroll.lore[2]","&5Use wisely!","&5Používej moudře!"
"unbind_scroll.name","&5Unbind Scroll","&5Svitek odvázání"
"unbinder.dialog[0]","I will unbind your items\nfor an extremely rare unbind scroll.","Odvážu tvé předměty\nza mimořádně vzácný svitek odvázání."
"unbinder.dialog[1]","I am the only one qualified\nto unbind your goods.","Jsem jediný, kdo je kvalifikován\nk odvázání tvých věcí."
"unbinder.dialog[2]","Have an unbind scroll?","Máš svitek odvázání?"
"unbinder.farewell[0]","Remember: Use unbind\nscrolls wisely.","Pamatuj: svitky odvázání\npoužívej moudře."
"unbinder.farewell[1]","Safe travels, friend.","Šťastnou cestu, příteli."
"unbinder.greetings[0]","Greetings.","Zdravím."
"unbinder.greetings[1]","Well met.","Rád tě vidím."
"unbinder.greetings[2]","Hail, friend.","Buď zdráv, příteli."
"unbinder.greetings[3]","Yes?","Ano?"
"unbinder.greetings[4]","May I help you?","Mohu ti pomoci?"
"unbinder.name","<g:#5A4A6A:#6A5A7A>Ulfric</g>","<g:#5A4A6A:#6A5A7A>Ulfric</g>"
"unbinder.role","<g:#4A3A5A:#5A4A6A><Unbinder></g>","<g:#4A3A5A:#5A4A6A><Odvazovač></g>"
"unbreaking.name","Unbreaking","Nezlomnost"
"under_grove_lair.customInfo[0]","&6Stop the dryad's ritual!","&6Zastav rituál dryády!"
"under_grove_lair.difficulties.0.name","normal","normal"
"under_grove_lair.difficulties.1.name","hard","hard"
"under_grove_lair.difficulties.2.name","mythic","mythic"
"under_grove_lair.name","&2[Dynamic] &6The Under Grove","&2[Dynamické] &6Podháj"
"under_grove_lair.playerInfo","&aDynamic Lair
$bossCount boss encounters
&6Stop the dryad's
&6sinister ritual!","Obtížnost: &4Dynamický obsah!"
"under_grove_lair.regionEnterMessage","&8[EM] &aYou are now trespassing the sacred grove!","&8[EM] &aPrávě narušuješ posvátný háj!"
"under_grove_lair.regionLeaveMessage","&8[EM] &aYou have left the sacred grove!","&8[EM] &aOpustil jsi posvátný háj!"
"under_grove_teleporter.greetings[0]","",""
"under_grove_teleporter.name","<g:#7A5A8A:#8A6A9A>Grove Keeper</g>","<g:#7A5A8A:#8A6A9A>Strážce háje</g>"
"under_grove_teleporter.role","<g:#6A4A7A:#7A5A8A><Under Grove></g>","<g:#6A4A7A:#7A5A8A><Under Grove></g>"
"unluck.name","Bad Luck","Smůla"
"vampire_manor_lair.customInfo[0]","&6Defeat the Vampire King!","&6Poraž Vampírského krále!"
"vampire_manor_lair.difficulties.0.name","normal","normal"
"vampire_manor_lair.difficulties.1.name","hard","hard"
"vampire_manor_lair.difficulties.2.name","mythic","mythic"
"vampire_manor_lair.name","&2[Dynamic] &4The Vampire Manor","&2[Dynamický] &4Vampírské sídlo"
"vampire_manor_lair.playerInfo","&aDynamic Lair
$bossCount boss encounters
&4Enter the manor and
&4defeat the Vampire King!","Obtížnost: &4Dynamický obsah!"
"vampire_manor_lair.regionEnterMessage","&8[EM] &4You have entered the Vampire Manor!","&8[EM] &4Vstoupil jsi do Vampírského sídla!"
"vampire_manor_lair.regionLeaveMessage","&8[EM] &4You have left the Vampire Manor!","&8[EM] &4Opustil jsi Vampírské sídlo!"
"vampire_manor_teleporter.greetings[0]","",""
"vampire_manor_teleporter.name","<g:#6A2A2A:#7A3A3A>Blood Servant</g>","<g:#6A2A2A:#7A3A3A>Krevní sluha</g>"
"vampire_manor_teleporter.role","<g:#5A1A1A:#6A2A2A><Vampire Manor></g>","<g:#5A1A1A:#6A2A2A><Vampire Manor></g>"
"vampiric_charm.lore[0]","&aNo one can remember where this","&aNikdo si nepamatuje, odkud toto"
"vampiric_charm.lore[1]","&acame from, and no one can,","&apochází, a nikdo nedokáže"
"vampiric_charm.lore[2]","&aforget how dangerous it is...","&azapomenout, jak je to nebezpečné..."
"vampiric_charm.name","&bVampiric Charm","&bUpírský amulet"
"vanishing_curse.name","Curse of Vanishing","Kletba zmizení"
"water_breathing.name","Water Breathing","Dýchání pod vodou"
"weakness.name","Weakness","Slabost"
"weaving.name","Weaving","Tkaní"
"wind_burst.name","Wind Burst","Závan větru"
"wind_charged.name","Wind Charged","Nabitý větrem"
"wither.name","Wither","Chřadnutí"
"wood_league_arena_master.dialog[0]","Prepared to face the arena?","Připraven čelit aréně?"
"wood_league_arena_master.farewell[0]","Return with your shield, or on it!","Vrať se se štítem, nebo na něm!"
"wood_league_arena_master.greetings[0]","Welcome to the\nArena!","Vítej v\nAréně!"
"wood_league_arena_master.name","<g:#A89040:#B8A050>Gladius</g>","<g:#A89040:#B8A050>Gladius</g>"
"wood_league_arena_master.role","<g:#988030:#A89040><Arena Master></g>","<g:#988030:#A89040><Mistr arény></g>"
"xmas_quest_0.name","&2Find the lost gifts!","&2Najdi ztracené dárky!"
"xmas_quest_0.questAcceptDialog[0]","&8[&cSaint Nick&8]&f Thank you! I will be waiting here for you!","&8[&cSvatý Mikuláš&8]&f Děkuji! Budu tě zde čekat!"
"xmas_quest_0.questCompleteMessage[0]","&8[&cSaint Nick&8]&f Thank you for your help! There are still some lost gifts out there, talk to me again if you want to help out more!","&8[&cSvatý Mikuláš&8]&f Děkuji za pomoc! Venku jsou ještě další ztracené dárky, promluv se mnou znovu, chceš-li pomoci víc!"
"xmas_quest_0.questLore[0]","I seem to have lost some Christmas gifts along the way, would you help a poor old man find them again?","Zdá se, že jsem po cestě ztratil několik vánočních dárků, pomohl bys chudému starci je znovu najít?"
"xmas_quest_0.questLore[1]","I will let you open one of them in return!","Na oplátku ti nechám jeden z nich otevřít!"
"yggdrasil_realm.customInfo[0]","&5A mythic Norse dungeon at the roots of Yggdrasil!","&5Mytický nordický žalář u kořenů Yggdrasilu!"
"yggdrasil_realm.customInfo[1]","&5Credits: MagmaGuy, Dali, Frost","&5Autoři: MagmaGuy, Dali, Frost"
"yggdrasil_realm.difficulties.0.name","normal","normal"
"yggdrasil_realm.difficulties.1.name","hard","hard"
"yggdrasil_realm.difficulties.2.name","mythic","mythic"
"yggdrasil_realm.name","&2[Dynamic] &5Yggdrasil","&2[Dynamický] &5Yggdrasil"
"yggdrasil_realm.playerInfo","Difficulty: &6Hard
$bossCount bosses, from level $lowestTier to $highestTier
&5A mythic journey through Yggdrasil''s roots
&5for brave warriors seeking glory!","Obtížnost: &6Těžká
$bossCount bossů, od úrovně $lowestTier do $highestTier
&5Mytická cesta kořeny Yggdrasilu
&5pro statečné válečníky hledající slávu!"
"yggdrasil_realm.regionEnterMessage","&8[EM] &5Yggdrasil awaits!","&8[EM] &5Yggdrasil čeká!"
"yggdrasil_realm.regionLeaveMessage","&8[EM] &5You have left Yggdrasil","&8[EM] &5Opustil jsi Yggdrasil"
"yggdrasil_teleporter.greetings[0]","",""
"yggdrasil_teleporter.name","<g:#5A8A5A:#6A9A6A>Norse Guide</g>","<g:#5A8A5A:#6A9A6A>Severský průvodce</g>"
"yggdrasil_teleporter.role","<g:#4A7A4A:#5A8A5A><Yggdrasil></g>","<g:#4A7A4A:#5A8A5A><Yggdrasil></g>"
"zombie_friends_friend.name","$reinforcementLevel &7Zombie Friend","$reinforcementLevel &7Zombí přítel"
"zombie_parents_dad.name","$reinforcementLevel &7Zombie Dad","$reinforcementLevel &7Zombí táta"
"zombie_parents_mom.name","$reinforcementLevel &7Zombie Mom","$reinforcementLevel &7Zombí máma"
